id;Статус;Группа;Курс;Факультет;Кафедра;Шифр направления;Название направления;Профиль;Форма обучения;Уровень образования
1;Обучается;4РОб-1;1;Социально-гуманитарный факультет (СГФ);Кафедра «История и культурология» (ИК);42.03.01;Реклама и связи с общественностью;Реклама и связи с общественностью в медиаиндустрии;Очная форма;Бакалавриат
2;Обучается;4РОб-1;1;Социально-гуманитарный факультет (СГФ);Кафедра «История и культурология» (ИК);42.03.01;Реклама и связи с общественностью;Реклама и связи с общественностью в медиаиндустрии;Очная форма;Бакалавриат
3;Обучается;4РОб-1;1;Социально-гуманитарный факультет (СГФ);Кафедра «История и культурология» (ИК);42.03.01;Реклама и связи с общественностью;Реклама и связи с общественностью в медиаиндустрии;Очная форма;Бакалавриат
4;Обучается;4РОб-1;1;Социально-гуманитарный факультет (СГФ);Кафедра «История и культурология» (ИК);42.03.01;Реклама и связи с общественностью;Реклама и связи с общественностью в медиаиндустрии;Очная форма;Бакалавриат
5;Обучается;4РОб-1;1;Социально-гуманитарный факультет (СГФ);Кафедра «История и культурология» (ИК);42.03.01;Реклама и связи с общественностью;Реклама и связи с общественностью в медиаиндустрии;Очная форма;Бакалавриат
6;Обучается;4РОб-1;1;Социально-гуманитарный факультет (СГФ);Кафедра «История и культурология» (ИК);42.03.01;Реклама и связи с общественностью;Реклама и связи с общественностью в медиаиндустрии;Очная форма;Бакалавриат
7;Обучается;4РОб-1;1;Социально-гуманитарный факультет (СГФ);Кафедра «История и культурология» (ИК);42.03.01;Реклама и связи с общественностью;Реклама и связи с общественностью в медиаиндустрии;Очная форма;Бакалавриат
8;Обучается;4РОб-1;1;Социально-гуманитарный факультет (СГФ);Кафедра «История и культурология» (ИК);42.03.01;Реклама и связи с общественностью;Реклама и связи с общественностью в медиаиндустрии;Очная форма;Бакалавриат
9;Обучается;4РОб-1;1;Социально-гуманитарный факультет (СГФ);Кафедра «История и культурология» (ИК);42.03.01;Реклама и связи с общественностью;Реклама и связи с общественностью в медиаиндустрии;Очная форма;Бакалавриат
10;Обучается;4РОб-1;1;Социально-гуманитарный факультет (СГФ);Кафедра «История и культурология» (ИК);42.03.01;Реклама и связи с общественностью;Реклама и связи с общественностью в медиаиндустрии;Очная форма;Бакалавриат
11;Обучается;4РОб-1;1;Социально-гуманитарный факультет (СГФ);Кафедра «История и культурология» (ИК);42.03.01;Реклама и связи с общественностью;Реклама и связи с общественностью в медиаиндустрии;Очная форма;Бакалавриат
12;Обучается;4РОб-1;1;Социально-гуманитарный факультет (СГФ);Кафедра «История и культурология» (ИК);42.03.01;Реклама и связи с общественностью;Реклама и связи с общественностью в медиаиндустрии;Очная форма;Бакалавриат
13;Обучается;4РОб-1;1;Социально-гуманитарный факультет (СГФ);Кафедра «История и культурология» (ИК);42.03.01;Реклама и связи с общественностью;Реклама и связи с общественностью в медиаиндустрии;Очная форма;Бакалавриат
14;Обучается;4РОб-1;1;Социально-гуманитарный факультет (СГФ);Кафедра «История и культурология» (ИК);42.03.01;Реклама и связи с общественностью;Реклама и связи с общественностью в медиаиндустрии;Очная форма;Бакалавриат
15;Обучается;4РОб-1;1;Социально-гуманитарный факультет (СГФ);Кафедра «История и культурология» (ИК);42.03.01;Реклама и связи с общественностью;Реклама и связи с общественностью в медиаиндустрии;Очная форма;Бакалавриат
16;Обучается;4РОб-1;1;Социально-гуманитарный факультет (СГФ);Кафедра «История и культурология» (ИК);42.03.01;Реклама и связи с общественностью;Реклама и связи с общественностью в медиаиндустрии;Очная форма;Бакалавриат
17;Обучается;4РОб-1;1;Социально-гуманитарный факультет (СГФ);Кафедра «История и культурология» (ИК);42.03.01;Реклама и связи с общественностью;Реклама и связи с общественностью в медиаиндустрии;Очная форма;Бакалавриат
18;Обучается;4РОб-1;1;Социально-гуманитарный факультет (СГФ);Кафедра «История и культурология» (ИК);42.03.01;Реклама и связи с общественностью;Реклама и связи с общественностью в медиаиндустрии;Очная форма;Бакалавриат
19;Академический отпуск;4РОб-1;1;Социально-гуманитарный факультет (СГФ);Кафедра «История и культурология» (ИК);42.03.01;Реклама и связи с общественностью;Реклама и связи с общественностью в медиаиндустрии;Очная форма;Бакалавриат
20;Обучается;3РОб-1;2;Социально-гуманитарный факультет (СГФ);Кафедра «История и культурология» (ИК);42.03.01;Реклама и связи с общественностью;Реклама и связи с общественностью в медиаиндустрии;Очная форма;Бакалавриат
21;Обучается;3РОб-1;2;Социально-гуманитарный факультет (СГФ);Кафедра «История и культурология» (ИК);42.03.01;Реклама и связи с общественностью;Реклама и связи с общественностью в медиаиндустрии;Очная форма;Бакалавриат
22;Обучается;3РОб-1;2;Социально-гуманитарный факультет (СГФ);Кафедра «История и культурология» (ИК);42.03.01;Реклама и связи с общественностью;Реклама и связи с общественностью в медиаиндустрии;Очная форма;Бакалавриат
23;Обучается;3РОб-1;2;Социально-гуманитарный факультет (СГФ);Кафедра «История и культурология» (ИК);42.03.01;Реклама и связи с общественностью;Реклама и связи с общественностью в медиаиндустрии;Очная форма;Бакалавриат
24;Обучается;3РОб-1;2;Социально-гуманитарный факультет (СГФ);Кафедра «История и культурология» (ИК);42.03.01;Реклама и связи с общественностью;Реклама и связи с общественностью в медиаиндустрии;Очная форма;Бакалавриат
25;Обучается;3РОб-1;2;Социально-гуманитарный факультет (СГФ);Кафедра «История и культурология» (ИК);42.03.01;Реклама и связи с общественностью;Реклама и связи с общественностью в медиаиндустрии;Очная форма;Бакалавриат
26;Обучается;3РОб-1;2;Социально-гуманитарный факультет (СГФ);Кафедра «История и культурология» (ИК);42.03.01;Реклама и связи с общественностью;Реклама и связи с общественностью в медиаиндустрии;Очная форма;Бакалавриат
27;Академический отпуск;3РОб-1;2;Социально-гуманитарный факультет (СГФ);Кафедра «История и культурология» (ИК);42.03.01;Реклама и связи с общественностью;Реклама и связи с общественностью в медиаиндустрии;Очная форма;Бакалавриат
28;Обучается;3РОб-1;2;Социально-гуманитарный факультет (СГФ);Кафедра «История и культурология» (ИК);42.03.01;Реклама и связи с общественностью;Реклама и связи с общественностью в медиаиндустрии;Очная форма;Бакалавриат
29;Обучается;3РОб-1;2;Социально-гуманитарный факультет (СГФ);Кафедра «История и культурология» (ИК);42.03.01;Реклама и связи с общественностью;Реклама и связи с общественностью в медиаиндустрии;Очная форма;Бакалавриат
30;Обучается;3РОб-1;2;Социально-гуманитарный факультет (СГФ);Кафедра «История и культурология» (ИК);42.03.01;Реклама и связи с общественностью;Реклама и связи с общественностью в медиаиндустрии;Очная форма;Бакалавриат
31;Обучается;3РОб-1;2;Социально-гуманитарный факультет (СГФ);Кафедра «История и культурология» (ИК);42.03.01;Реклама и связи с общественностью;Реклама и связи с общественностью в медиаиндустрии;Очная форма;Бакалавриат
32;Обучается;3РОб-1;2;Социально-гуманитарный факультет (СГФ);Кафедра «История и культурология» (ИК);42.03.01;Реклама и связи с общественностью;Реклама и связи с общественностью в медиаиндустрии;Очная форма;Бакалавриат
33;Обучается;3РОб-1;2;Социально-гуманитарный факультет (СГФ);Кафедра «История и культурология» (ИК);42.03.01;Реклама и связи с общественностью;Реклама и связи с общественностью в медиаиндустрии;Очная форма;Бакалавриат
34;Обучается;3РОб-1;2;Социально-гуманитарный факультет (СГФ);Кафедра «История и культурология» (ИК);42.03.01;Реклама и связи с общественностью;Реклама и связи с общественностью в медиаиндустрии;Очная форма;Бакалавриат
35;Обучается;3РОб-1;2;Социально-гуманитарный факультет (СГФ);Кафедра «История и культурология» (ИК);42.03.01;Реклама и связи с общественностью;Реклама и связи с общественностью в медиаиндустрии;Очная форма;Бакалавриат
36;Обучается;3РОб-1;2;Социально-гуманитарный факультет (СГФ);Кафедра «История и культурология» (ИК);42.03.01;Реклама и связи с общественностью;Реклама и связи с общественностью в медиаиндустрии;Очная форма;Бакалавриат
37;Обучается;3РОб-1;2;Социально-гуманитарный факультет (СГФ);Кафедра «История и культурология» (ИК);42.03.01;Реклама и связи с общественностью;Реклама и связи с общественностью в медиаиндустрии;Очная форма;Бакалавриат
38;Обучается;3РОб-1;2;Социально-гуманитарный факультет (СГФ);Кафедра «История и культурология» (ИК);42.03.01;Реклама и связи с общественностью;Реклама и связи с общественностью в медиаиндустрии;Очная форма;Бакалавриат
39;Академический отпуск;2РОб-1;3;Социально-гуманитарный факультет (СГФ);Кафедра «История и культурология» (ИК);42.03.01;Реклама и связи с общественностью;Реклама и связи с общественностью в медиаиндустрии;Очная форма;Бакалавриат
40;Обучается;2РОб-1;3;Социально-гуманитарный факультет (СГФ);Кафедра «История и культурология» (ИК);42.03.01;Реклама и связи с общественностью;Реклама и связи с общественностью в медиаиндустрии;Очная форма;Бакалавриат
41;Обучается;2РОб-1;3;Социально-гуманитарный факультет (СГФ);Кафедра «История и культурология» (ИК);42.03.01;Реклама и связи с общественностью;Реклама и связи с общественностью в медиаиндустрии;Очная форма;Бакалавриат
42;Обучается;2РОб-1;3;Социально-гуманитарный факультет (СГФ);Кафедра «История и культурология» (ИК);42.03.01;Реклама и связи с общественностью;Реклама и связи с общественностью в медиаиндустрии;Очная форма;Бакалавриат
43;Обучается;2РОб-1;3;Социально-гуманитарный факультет (СГФ);Кафедра «История и культурология» (ИК);42.03.01;Реклама и связи с общественностью;Реклама и связи с общественностью в медиаиндустрии;Очная форма;Бакалавриат
44;Обучается;2РОб-1;3;Социально-гуманитарный факультет (СГФ);Кафедра «История и культурология» (ИК);42.03.01;Реклама и связи с общественностью;Реклама и связи с общественностью в медиаиндустрии;Очная форма;Бакалавриат
45;Обучается;2РОб-1;3;Социально-гуманитарный факультет (СГФ);Кафедра «История и культурология» (ИК);42.03.01;Реклама и связи с общественностью;Реклама и связи с общественностью в медиаиндустрии;Очная форма;Бакалавриат
46;Обучается;2РОб-1;3;Социально-гуманитарный факультет (СГФ);Кафедра «История и культурология» (ИК);42.03.01;Реклама и связи с общественностью;Реклама и связи с общественностью в медиаиндустрии;Очная форма;Бакалавриат
47;Обучается;2РОб-1;3;Социально-гуманитарный факультет (СГФ);Кафедра «История и культурология» (ИК);42.03.01;Реклама и связи с общественностью;Реклама и связи с общественностью в медиаиндустрии;Очная форма;Бакалавриат
48;Обучается;2РОб-1;3;Социально-гуманитарный факультет (СГФ);Кафедра «История и культурология» (ИК);42.03.01;Реклама и связи с общественностью;Реклама и связи с общественностью в медиаиндустрии;Очная форма;Бакалавриат
49;Обучается;2РОб-1;3;Социально-гуманитарный факультет (СГФ);Кафедра «История и культурология» (ИК);42.03.01;Реклама и связи с общественностью;Реклама и связи с общественностью в медиаиндустрии;Очная форма;Бакалавриат
50;Обучается;2РОб-1;3;Социально-гуманитарный факультет (СГФ);Кафедра «История и культурология» (ИК);42.03.01;Реклама и связи с общественностью;Реклама и связи с общественностью в медиаиндустрии;Очная форма;Бакалавриат
51;Обучается;2РОб-1;3;Социально-гуманитарный факультет (СГФ);Кафедра «История и культурология» (ИК);42.03.01;Реклама и связи с общественностью;Реклама и связи с общественностью в медиаиндустрии;Очная форма;Бакалавриат
52;Обучается;2РОб-1;3;Социально-гуманитарный факультет (СГФ);Кафедра «История и культурология» (ИК);42.03.01;Реклама и связи с общественностью;Реклама и связи с общественностью в медиаиндустрии;Очная форма;Бакалавриат
53;Обучается;2РОб-1;3;Социально-гуманитарный факультет (СГФ);Кафедра «История и культурология» (ИК);42.03.01;Реклама и связи с общественностью;Реклама и связи с общественностью в медиаиндустрии;Очная форма;Бакалавриат
54;Обучается;2РОб-1;3;Социально-гуманитарный факультет (СГФ);Кафедра «История и культурология» (ИК);42.03.01;Реклама и связи с общественностью;Реклама и связи с общественностью в медиаиндустрии;Очная форма;Бакалавриат
55;Обучается;1РОб-1;4;Социально-гуманитарный факультет (СГФ);Кафедра «История и культурология» (ИК);42.03.01;Реклама и связи с общественностью;Реклама и связи с общественностью в медиаиндустрии;Очная форма;Бакалавриат
56;Обучается;1РОб-1;4;Социально-гуманитарный факультет (СГФ);Кафедра «История и культурология» (ИК);42.03.01;Реклама и связи с общественностью;Реклама и связи с общественностью в медиаиндустрии;Очная форма;Бакалавриат
57;Обучается;1РОб-1;4;Социально-гуманитарный факультет (СГФ);Кафедра «История и культурология» (ИК);42.03.01;Реклама и связи с общественностью;Реклама и связи с общественностью в медиаиндустрии;Очная форма;Бакалавриат
58;Обучается;1РОб-1;4;Социально-гуманитарный факультет (СГФ);Кафедра «История и культурология» (ИК);42.03.01;Реклама и связи с общественностью;Реклама и связи с общественностью в медиаиндустрии;Очная форма;Бакалавриат
59;Обучается;1РОб-1;4;Социально-гуманитарный факультет (СГФ);Кафедра «История и культурология» (ИК);42.03.01;Реклама и связи с общественностью;Реклама и связи с общественностью в медиаиндустрии;Очная форма;Бакалавриат
60;Обучается;1РОб-1;4;Социально-гуманитарный факультет (СГФ);Кафедра «История и культурология» (ИК);42.03.01;Реклама и связи с общественностью;Реклама и связи с общественностью в медиаиндустрии;Очная форма;Бакалавриат
61;Обучается;1РОб-1;4;Социально-гуманитарный факультет (СГФ);Кафедра «История и культурология» (ИК);42.03.01;Реклама и связи с общественностью;Реклама и связи с общественностью в медиаиндустрии;Очная форма;Бакалавриат
62;Академический отпуск;1РОб-1;4;Социально-гуманитарный факультет (СГФ);Кафедра «История и культурология» (ИК);42.03.01;Реклама и связи с общественностью;Реклама и связи с общественностью в медиаиндустрии;Очная форма;Бакалавриат
63;Обучается;1РОб-1;4;Социально-гуманитарный факультет (СГФ);Кафедра «История и культурология» (ИК);42.03.01;Реклама и связи с общественностью;Реклама и связи с общественностью в медиаиндустрии;Очная форма;Бакалавриат
64;Обучается;1РОб-1;4;Социально-гуманитарный факультет (СГФ);Кафедра «История и культурология» (ИК);42.03.01;Реклама и связи с общественностью;Реклама и связи с общественностью в медиаиндустрии;Очная форма;Бакалавриат
65;Обучается;1РОб-1;4;Социально-гуманитарный факультет (СГФ);Кафедра «История и культурология» (ИК);42.03.01;Реклама и связи с общественностью;Реклама и связи с общественностью в медиаиндустрии;Очная форма;Бакалавриат
66;Обучается;1РОб-1;4;Социально-гуманитарный факультет (СГФ);Кафедра «История и культурология» (ИК);42.03.01;Реклама и связи с общественностью;Реклама и связи с общественностью в медиаиндустрии;Очная форма;Бакалавриат
67;Обучается;1РОб-1;4;Социально-гуманитарный факультет (СГФ);Кафедра «История и культурология» (ИК);42.03.01;Реклама и связи с общественностью;Реклама и связи с общественностью в медиаиндустрии;Очная форма;Бакалавриат
68;Академический отпуск;1РОб-1;4;Социально-гуманитарный факультет (СГФ);Кафедра «История и культурология» (ИК);42.03.01;Реклама и связи с общественностью;Реклама и связи с общественностью в медиаиндустрии;Очная форма;Бакалавриат
69;Обучается;1РОб-1;4;Социально-гуманитарный факультет (СГФ);Кафедра «История и культурология» (ИК);42.03.01;Реклама и связи с общественностью;Реклама и связи с общественностью в медиаиндустрии;Очная форма;Бакалавриат
70;Обучается;1РОб-1;4;Социально-гуманитарный факультет (СГФ);Кафедра «История и культурология» (ИК);42.03.01;Реклама и связи с общественностью;Реклама и связи с общественностью в медиаиндустрии;Очная форма;Бакалавриат
71;Обучается;1РОб-1;4;Социально-гуманитарный факультет (СГФ);Кафедра «История и культурология» (ИК);42.03.01;Реклама и связи с общественностью;Реклама и связи с общественностью в медиаиндустрии;Очная форма;Бакалавриат
72;Обучается;2ДАб-1;3;Социально-гуманитарный факультет (СГФ);Кафедра «История и культурология» (ИК);46.03.02;Документоведение и архивоведение;Документационное обеспечение управления организацией;Очная форма;Бакалавриат
73;Обучается;2ДАб-1;3;Социально-гуманитарный факультет (СГФ);Кафедра «История и культурология» (ИК);46.03.02;Документоведение и архивоведение;Документационное обеспечение управления организацией;Очная форма;Бакалавриат
74;Обучается;2ДАб-1;3;Социально-гуманитарный факультет (СГФ);Кафедра «История и культурология» (ИК);46.03.02;Документоведение и архивоведение;Документационное обеспечение управления организацией;Очная форма;Бакалавриат
75;Обучается;2ДАб-1;3;Социально-гуманитарный факультет (СГФ);Кафедра «История и культурология» (ИК);46.03.02;Документоведение и архивоведение;Документационное обеспечение управления организацией;Очная форма;Бакалавриат
76;Обучается;2ДАб-1;3;Социально-гуманитарный факультет (СГФ);Кафедра «История и культурология» (ИК);46.03.02;Документоведение и архивоведение;Документационное обеспечение управления организацией;Очная форма;Бакалавриат
77;Обучается;2ДАб-1;3;Социально-гуманитарный факультет (СГФ);Кафедра «История и культурология» (ИК);46.03.02;Документоведение и архивоведение;Документационное обеспечение управления организацией;Очная форма;Бакалавриат
78;Обучается;2ДАб-1;3;Социально-гуманитарный факультет (СГФ);Кафедра «История и культурология» (ИК);46.03.02;Документоведение и архивоведение;Документационное обеспечение управления организацией;Очная форма;Бакалавриат
79;Обучается;2ДАб-1;3;Социально-гуманитарный факультет (СГФ);Кафедра «История и культурология» (ИК);46.03.02;Документоведение и архивоведение;Документационное обеспечение управления организацией;Очная форма;Бакалавриат
80;Обучается;2ДАб-1;3;Социально-гуманитарный факультет (СГФ);Кафедра «История и культурология» (ИК);46.03.02;Документоведение и архивоведение;Документационное обеспечение управления организацией;Очная форма;Бакалавриат
81;Обучается;2ДАб-1;3;Социально-гуманитарный факультет (СГФ);Кафедра «История и культурология» (ИК);46.03.02;Документоведение и архивоведение;Документационное обеспечение управления организацией;Очная форма;Бакалавриат
82;Обучается;2ДАб-1;3;Социально-гуманитарный факультет (СГФ);Кафедра «История и культурология» (ИК);46.03.02;Документоведение и архивоведение;Документационное обеспечение управления организацией;Очная форма;Бакалавриат
83;Обучается;2ДАб-1;3;Социально-гуманитарный факультет (СГФ);Кафедра «История и культурология» (ИК);46.03.02;Документоведение и архивоведение;Документационное обеспечение управления организацией;Очная форма;Бакалавриат
84;Обучается;2ДАб-1;3;Социально-гуманитарный факультет (СГФ);Кафедра «История и культурология» (ИК);46.03.02;Документоведение и архивоведение;Документационное обеспечение управления организацией;Очная форма;Бакалавриат
85;Обучается;2ДАб-1;3;Социально-гуманитарный факультет (СГФ);Кафедра «История и культурология» (ИК);46.03.02;Документоведение и архивоведение;Документационное обеспечение управления организацией;Очная форма;Бакалавриат
86;Обучается;2ДАб-1;3;Социально-гуманитарный факультет (СГФ);Кафедра «История и культурология» (ИК);46.03.02;Документоведение и архивоведение;Документационное обеспечение управления организацией;Очная форма;Бакалавриат
87;Обучается;1ДАб-1;4;Социально-гуманитарный факультет (СГФ);Кафедра «История и культурология» (ИК);46.03.02;Документоведение и архивоведение;Документационное обеспечение управления организацией;Очная форма;Бакалавриат
88;Обучается;1ДАб-1;4;Социально-гуманитарный факультет (СГФ);Кафедра «История и культурология» (ИК);46.03.02;Документоведение и архивоведение;Документационное обеспечение управления организацией;Очная форма;Бакалавриат
89;Обучается;1ДАб-1;4;Социально-гуманитарный факультет (СГФ);Кафедра «История и культурология» (ИК);46.03.02;Документоведение и архивоведение;Документационное обеспечение управления организацией;Очная форма;Бакалавриат
90;Академический отпуск;1ДАб-1;4;Социально-гуманитарный факультет (СГФ);Кафедра «История и культурология» (ИК);46.03.02;Документоведение и архивоведение;Документационное обеспечение управления организацией;Очная форма;Бакалавриат
91;Обучается;1ДАб-1;4;Социально-гуманитарный факультет (СГФ);Кафедра «История и культурология» (ИК);46.03.02;Документоведение и архивоведение;Документационное обеспечение управления организацией;Очная форма;Бакалавриат
92;Обучается;1ДАб-1;4;Социально-гуманитарный факультет (СГФ);Кафедра «История и культурология» (ИК);46.03.02;Документоведение и архивоведение;Документационное обеспечение управления организацией;Очная форма;Бакалавриат
93;Академический отпуск;1ДАб-1;4;Социально-гуманитарный факультет (СГФ);Кафедра «История и культурология» (ИК);46.03.02;Документоведение и архивоведение;Документационное обеспечение управления организацией;Очная форма;Бакалавриат
94;Обучается;1ДАб-1;4;Социально-гуманитарный факультет (СГФ);Кафедра «История и культурология» (ИК);46.03.02;Документоведение и архивоведение;Документационное обеспечение управления организацией;Очная форма;Бакалавриат
95;Обучается;1ДАб-1;4;Социально-гуманитарный факультет (СГФ);Кафедра «История и культурология» (ИК);46.03.02;Документоведение и архивоведение;Документационное обеспечение управления организацией;Очная форма;Бакалавриат
96;Обучается;1ДАб-1;4;Социально-гуманитарный факультет (СГФ);Кафедра «История и культурология» (ИК);46.03.02;Документоведение и архивоведение;Документационное обеспечение управления организацией;Очная форма;Бакалавриат
97;Обучается;1ДАб-1;4;Социально-гуманитарный факультет (СГФ);Кафедра «История и культурология» (ИК);46.03.02;Документоведение и архивоведение;Документационное обеспечение управления организацией;Очная форма;Бакалавриат
98;Обучается;1ДАб-1;4;Социально-гуманитарный факультет (СГФ);Кафедра «История и культурология» (ИК);46.03.02;Документоведение и архивоведение;Документационное обеспечение управления организацией;Очная форма;Бакалавриат
99;Обучается;1ДАб-1;4;Социально-гуманитарный факультет (СГФ);Кафедра «История и культурология» (ИК);46.03.02;Документоведение и архивоведение;Документационное обеспечение управления организацией;Очная форма;Бакалавриат
100;Обучается;1ДАб-1;4;Социально-гуманитарный факультет (СГФ);Кафедра «История и культурология» (ИК);46.03.02;Документоведение и архивоведение;Документационное обеспечение управления организацией;Очная форма;Бакалавриат
101;Академический отпуск;1ДАб-1;4;Социально-гуманитарный факультет (СГФ);Кафедра «История и культурология» (ИК);46.03.02;Документоведение и архивоведение;Документационное обеспечение управления организацией;Очная форма;Бакалавриат
102;Обучается;4БЛб-1;1;Социально-гуманитарный факультет (СГФ);Кафедра «Лингвистика и межкультурная коммуникация» (ЛМК);45.03.02;Лингвистика;Специальный перевод;Очная форма;Бакалавриат
103;Обучается;4БЛб-1;1;Социально-гуманитарный факультет (СГФ);Кафедра «Лингвистика и межкультурная коммуникация» (ЛМК);45.03.02;Лингвистика;Специальный перевод;Очная форма;Бакалавриат
104;Обучается;4БЛб-1;1;Социально-гуманитарный факультет (СГФ);Кафедра «Лингвистика и межкультурная коммуникация» (ЛМК);45.03.02;Лингвистика;Специальный перевод;Очная форма;Бакалавриат
105;Обучается;4БЛб-1;1;Социально-гуманитарный факультет (СГФ);Кафедра «Лингвистика и межкультурная коммуникация» (ЛМК);45.03.02;Лингвистика;Специальный перевод;Очная форма;Бакалавриат
106;Обучается;4БЛб-1;1;Социально-гуманитарный факультет (СГФ);Кафедра «Лингвистика и межкультурная коммуникация» (ЛМК);45.03.02;Лингвистика;Специальный перевод;Очная форма;Бакалавриат
107;Обучается;4БЛб-1;1;Социально-гуманитарный факультет (СГФ);Кафедра «Лингвистика и межкультурная коммуникация» (ЛМК);45.03.02;Лингвистика;Специальный перевод;Очная форма;Бакалавриат
108;Обучается;4БЛб-1;1;Социально-гуманитарный факультет (СГФ);Кафедра «Лингвистика и межкультурная коммуникация» (ЛМК);45.03.02;Лингвистика;Специальный перевод;Очная форма;Бакалавриат
109;Обучается;4БЛб-1;1;Социально-гуманитарный факультет (СГФ);Кафедра «Лингвистика и межкультурная коммуникация» (ЛМК);45.03.02;Лингвистика;Специальный перевод;Очная форма;Бакалавриат
110;Обучается;4БЛб-1;1;Социально-гуманитарный факультет (СГФ);Кафедра «Лингвистика и межкультурная коммуникация» (ЛМК);45.03.02;Лингвистика;Специальный перевод;Очная форма;Бакалавриат
111;Обучается;4БЛб-1;1;Социально-гуманитарный факультет (СГФ);Кафедра «Лингвистика и межкультурная коммуникация» (ЛМК);45.03.02;Лингвистика;Специальный перевод;Очная форма;Бакалавриат
112;Обучается;4БЛб-1;1;Социально-гуманитарный факультет (СГФ);Кафедра «Лингвистика и межкультурная коммуникация» (ЛМК);45.03.02;Лингвистика;Специальный перевод;Очная форма;Бакалавриат
113;Обучается;4БЛб-1;1;Социально-гуманитарный факультет (СГФ);Кафедра «Лингвистика и межкультурная коммуникация» (ЛМК);45.03.02;Лингвистика;Специальный перевод;Очная форма;Бакалавриат
114;Обучается;4БЛб-1;1;Социально-гуманитарный факультет (СГФ);Кафедра «Лингвистика и межкультурная коммуникация» (ЛМК);45.03.02;Лингвистика;Специальный перевод;Очная форма;Бакалавриат
115;Обучается;4БЛб-1;1;Социально-гуманитарный факультет (СГФ);Кафедра «Лингвистика и межкультурная коммуникация» (ЛМК);45.03.02;Лингвистика;Специальный перевод;Очная форма;Бакалавриат
116;Обучается;4БЛб-1;1;Социально-гуманитарный факультет (СГФ);Кафедра «Лингвистика и межкультурная коммуникация» (ЛМК);45.03.02;Лингвистика;Специальный перевод;Очная форма;Бакалавриат
117;Обучается;4БЛб-1;1;Социально-гуманитарный факультет (СГФ);Кафедра «Лингвистика и межкультурная коммуникация» (ЛМК);45.03.02;Лингвистика;Специальный перевод;Очная форма;Бакалавриат
118;Обучается;4БЛб-1;1;Социально-гуманитарный факультет (СГФ);Кафедра «Лингвистика и межкультурная коммуникация» (ЛМК);45.03.02;Лингвистика;Специальный перевод;Очная форма;Бакалавриат
119;Обучается;4БЛб-1;1;Социально-гуманитарный факультет (СГФ);Кафедра «Лингвистика и межкультурная коммуникация» (ЛМК);45.03.02;Лингвистика;Специальный перевод;Очная форма;Бакалавриат
120;Обучается;4БЛб-1;1;Социально-гуманитарный факультет (СГФ);Кафедра «Лингвистика и межкультурная коммуникация» (ЛМК);45.03.02;Лингвистика;Специальный перевод;Очная форма;Бакалавриат
121;Обучается;4БЛб-1;1;Социально-гуманитарный факультет (СГФ);Кафедра «Лингвистика и межкультурная коммуникация» (ЛМК);45.03.02;Лингвистика;Специальный перевод;Очная форма;Бакалавриат
122;Обучается;4БЛб-1;1;Социально-гуманитарный факультет (СГФ);Кафедра «Лингвистика и межкультурная коммуникация» (ЛМК);45.03.02;Лингвистика;Специальный перевод;Очная форма;Бакалавриат
123;Обучается;4БЛб-1;1;Социально-гуманитарный факультет (СГФ);Кафедра «Лингвистика и межкультурная коммуникация» (ЛМК);45.03.02;Лингвистика;Специальный перевод;Очная форма;Бакалавриат
124;Обучается;3БЛб-1;2;Социально-гуманитарный факультет (СГФ);Кафедра «Лингвистика и межкультурная коммуникация» (ЛМК);45.03.02;Лингвистика;Специальный перевод;Очная форма;Бакалавриат
125;Обучается;3БЛб-1;2;Социально-гуманитарный факультет (СГФ);Кафедра «Лингвистика и межкультурная коммуникация» (ЛМК);45.03.02;Лингвистика;Специальный перевод;Очная форма;Бакалавриат
126;Обучается;3БЛб-1;2;Социально-гуманитарный факультет (СГФ);Кафедра «Лингвистика и межкультурная коммуникация» (ЛМК);45.03.02;Лингвистика;Специальный перевод;Очная форма;Бакалавриат
127;Обучается;3БЛб-1;2;Социально-гуманитарный факультет (СГФ);Кафедра «Лингвистика и межкультурная коммуникация» (ЛМК);45.03.02;Лингвистика;Специальный перевод;Очная форма;Бакалавриат
128;Обучается;3БЛб-1;2;Социально-гуманитарный факультет (СГФ);Кафедра «Лингвистика и межкультурная коммуникация» (ЛМК);45.03.02;Лингвистика;Специальный перевод;Очная форма;Бакалавриат
129;Обучается;3БЛб-1;2;Социально-гуманитарный факультет (СГФ);Кафедра «Лингвистика и межкультурная коммуникация» (ЛМК);45.03.02;Лингвистика;Специальный перевод;Очная форма;Бакалавриат
130;Обучается;3БЛб-1;2;Социально-гуманитарный факультет (СГФ);Кафедра «Лингвистика и межкультурная коммуникация» (ЛМК);45.03.02;Лингвистика;Специальный перевод;Очная форма;Бакалавриат
131;Обучается;3БЛб-1;2;Социально-гуманитарный факультет (СГФ);Кафедра «Лингвистика и межкультурная коммуникация» (ЛМК);45.03.02;Лингвистика;Специальный перевод;Очная форма;Бакалавриат
132;Обучается;3БЛб-1;2;Социально-гуманитарный факультет (СГФ);Кафедра «Лингвистика и межкультурная коммуникация» (ЛМК);45.03.02;Лингвистика;Специальный перевод;Очная форма;Бакалавриат
133;Обучается;3БЛб-1;2;Социально-гуманитарный факультет (СГФ);Кафедра «Лингвистика и межкультурная коммуникация» (ЛМК);45.03.02;Лингвистика;Специальный перевод;Очная форма;Бакалавриат
134;Обучается;3БЛб-1;2;Социально-гуманитарный факультет (СГФ);Кафедра «Лингвистика и межкультурная коммуникация» (ЛМК);45.03.02;Лингвистика;Специальный перевод;Очная форма;Бакалавриат
135;Обучается;3БЛб-1;2;Социально-гуманитарный факультет (СГФ);Кафедра «Лингвистика и межкультурная коммуникация» (ЛМК);45.03.02;Лингвистика;Специальный перевод;Очная форма;Бакалавриат
136;Обучается;3БЛб-1;2;Социально-гуманитарный факультет (СГФ);Кафедра «Лингвистика и межкультурная коммуникация» (ЛМК);45.03.02;Лингвистика;Специальный перевод;Очная форма;Бакалавриат
137;Обучается;3БЛб-1;2;Социально-гуманитарный факультет (СГФ);Кафедра «Лингвистика и межкультурная коммуникация» (ЛМК);45.03.02;Лингвистика;Специальный перевод;Очная форма;Бакалавриат
138;Обучается;3БЛб-1;2;Социально-гуманитарный факультет (СГФ);Кафедра «Лингвистика и межкультурная коммуникация» (ЛМК);45.03.02;Лингвистика;Специальный перевод;Очная форма;Бакалавриат
139;Обучается;3БЛб-1;2;Социально-гуманитарный факультет (СГФ);Кафедра «Лингвистика и межкультурная коммуникация» (ЛМК);45.03.02;Лингвистика;Специальный перевод;Очная форма;Бакалавриат
140;Обучается;3БЛб-1;2;Социально-гуманитарный факультет (СГФ);Кафедра «Лингвистика и межкультурная коммуникация» (ЛМК);45.03.02;Лингвистика;Специальный перевод;Очная форма;Бакалавриат
141;Обучается;3БЛб-1;2;Социально-гуманитарный факультет (СГФ);Кафедра «Лингвистика и межкультурная коммуникация» (ЛМК);45.03.02;Лингвистика;Специальный перевод;Очная форма;Бакалавриат
142;Обучается;3БЛб-1;2;Социально-гуманитарный факультет (СГФ);Кафедра «Лингвистика и межкультурная коммуникация» (ЛМК);45.03.02;Лингвистика;Специальный перевод;Очная форма;Бакалавриат
143;Обучается;3БЛб-1;2;Социально-гуманитарный факультет (СГФ);Кафедра «Лингвистика и межкультурная коммуникация» (ЛМК);45.03.02;Лингвистика;Специальный перевод;Очная форма;Бакалавриат
144;Обучается;3БЛб-1;2;Социально-гуманитарный факультет (СГФ);Кафедра «Лингвистика и межкультурная коммуникация» (ЛМК);45.03.02;Лингвистика;Специальный перевод;Очная форма;Бакалавриат
145;Обучается;3БЛб-1;2;Социально-гуманитарный факультет (СГФ);Кафедра «Лингвистика и межкультурная коммуникация» (ЛМК);45.03.02;Лингвистика;Специальный перевод;Очная форма;Бакалавриат
146;Обучается;3БЛб-1;2;Социально-гуманитарный факультет (СГФ);Кафедра «Лингвистика и межкультурная коммуникация» (ЛМК);45.03.02;Лингвистика;Специальный перевод;Очная форма;Бакалавриат
147;Обучается;2БЛб-1;3;Социально-гуманитарный факультет (СГФ);Кафедра «Лингвистика и межкультурная коммуникация» (ЛМК);45.03.02;Лингвистика;Специальный перевод;Очная форма;Бакалавриат
148;Обучается;2БЛб-1;3;Социально-гуманитарный факультет (СГФ);Кафедра «Лингвистика и межкультурная коммуникация» (ЛМК);45.03.02;Лингвистика;Специальный перевод;Очная форма;Бакалавриат
149;Обучается;2БЛб-1;3;Социально-гуманитарный факультет (СГФ);Кафедра «Лингвистика и межкультурная коммуникация» (ЛМК);45.03.02;Лингвистика;Специальный перевод;Очная форма;Бакалавриат
150;Обучается;2БЛб-1;3;Социально-гуманитарный факультет (СГФ);Кафедра «Лингвистика и межкультурная коммуникация» (ЛМК);45.03.02;Лингвистика;Специальный перевод;Очная форма;Бакалавриат
151;Обучается;2БЛб-1;3;Социально-гуманитарный факультет (СГФ);Кафедра «Лингвистика и межкультурная коммуникация» (ЛМК);45.03.02;Лингвистика;Специальный перевод;Очная форма;Бакалавриат
152;Обучается;2БЛб-1;3;Социально-гуманитарный факультет (СГФ);Кафедра «Лингвистика и межкультурная коммуникация» (ЛМК);45.03.02;Лингвистика;Специальный перевод;Очная форма;Бакалавриат
153;Обучается;2БЛб-1;3;Социально-гуманитарный факультет (СГФ);Кафедра «Лингвистика и межкультурная коммуникация» (ЛМК);45.03.02;Лингвистика;Специальный перевод;Очная форма;Бакалавриат
154;Обучается;2БЛб-1;3;Социально-гуманитарный факультет (СГФ);Кафедра «Лингвистика и межкультурная коммуникация» (ЛМК);45.03.02;Лингвистика;Специальный перевод;Очная форма;Бакалавриат
155;Обучается;2БЛб-1;3;Социально-гуманитарный факультет (СГФ);Кафедра «Лингвистика и межкультурная коммуникация» (ЛМК);45.03.02;Лингвистика;Специальный перевод;Очная форма;Бакалавриат
156;Обучается;2БЛб-1;3;Социально-гуманитарный факультет (СГФ);Кафедра «Лингвистика и межкультурная коммуникация» (ЛМК);45.03.02;Лингвистика;Специальный перевод;Очная форма;Бакалавриат
157;Обучается;2БЛб-1;3;Социально-гуманитарный факультет (СГФ);Кафедра «Лингвистика и межкультурная коммуникация» (ЛМК);45.03.02;Лингвистика;Специальный перевод;Очная форма;Бакалавриат
158;Обучается;2БЛб-1;3;Социально-гуманитарный факультет (СГФ);Кафедра «Лингвистика и межкультурная коммуникация» (ЛМК);45.03.02;Лингвистика;Специальный перевод;Очная форма;Бакалавриат
159;Обучается;2БЛб-1;3;Социально-гуманитарный факультет (СГФ);Кафедра «Лингвистика и межкультурная коммуникация» (ЛМК);45.03.02;Лингвистика;Специальный перевод;Очная форма;Бакалавриат
160;Обучается;2БЛб-1;3;Социально-гуманитарный факультет (СГФ);Кафедра «Лингвистика и межкультурная коммуникация» (ЛМК);45.03.02;Лингвистика;Специальный перевод;Очная форма;Бакалавриат
161;Обучается;2БЛб-1;3;Социально-гуманитарный факультет (СГФ);Кафедра «Лингвистика и межкультурная коммуникация» (ЛМК);45.03.02;Лингвистика;Специальный перевод;Очная форма;Бакалавриат
162;Обучается;2БЛб-1;3;Социально-гуманитарный факультет (СГФ);Кафедра «Лингвистика и межкультурная коммуникация» (ЛМК);45.03.02;Лингвистика;Специальный перевод;Очная форма;Бакалавриат
163;Обучается;2БЛб-1;3;Социально-гуманитарный факультет (СГФ);Кафедра «Лингвистика и межкультурная коммуникация» (ЛМК);45.03.02;Лингвистика;Специальный перевод;Очная форма;Бакалавриат
164;Обучается;2БЛб-1;3;Социально-гуманитарный факультет (СГФ);Кафедра «Лингвистика и межкультурная коммуникация» (ЛМК);45.03.02;Лингвистика;Специальный перевод;Очная форма;Бакалавриат
165;Обучается;2БЛб-2;3;Социально-гуманитарный факультет (СГФ);Кафедра «Лингвистика и межкультурная коммуникация» (ЛМК);45.03.02;Лингвистика;Перевод и переводоведение в сфере туризма;Очная форма;Бакалавриат
166;Обучается;2БЛб-2;3;Социально-гуманитарный факультет (СГФ);Кафедра «Лингвистика и межкультурная коммуникация» (ЛМК);45.03.02;Лингвистика;Перевод и переводоведение в сфере туризма;Очная форма;Бакалавриат
167;Обучается;2БЛб-2;3;Социально-гуманитарный факультет (СГФ);Кафедра «Лингвистика и межкультурная коммуникация» (ЛМК);45.03.02;Лингвистика;Перевод и переводоведение в сфере туризма;Очная форма;Бакалавриат
168;Обучается;2БЛб-2;3;Социально-гуманитарный факультет (СГФ);Кафедра «Лингвистика и межкультурная коммуникация» (ЛМК);45.03.02;Лингвистика;Перевод и переводоведение в сфере туризма;Очная форма;Бакалавриат
169;Обучается;2БЛб-2;3;Социально-гуманитарный факультет (СГФ);Кафедра «Лингвистика и межкультурная коммуникация» (ЛМК);45.03.02;Лингвистика;Перевод и переводоведение в сфере туризма;Очная форма;Бакалавриат
170;Обучается;2БЛб-2;3;Социально-гуманитарный факультет (СГФ);Кафедра «Лингвистика и межкультурная коммуникация» (ЛМК);45.03.02;Лингвистика;Перевод и переводоведение в сфере туризма;Очная форма;Бакалавриат
171;Обучается;2БЛб-2;3;Социально-гуманитарный факультет (СГФ);Кафедра «Лингвистика и межкультурная коммуникация» (ЛМК);45.03.02;Лингвистика;Перевод и переводоведение в сфере туризма;Очная форма;Бакалавриат
172;Обучается;2БЛб-2;3;Социально-гуманитарный факультет (СГФ);Кафедра «Лингвистика и межкультурная коммуникация» (ЛМК);45.03.02;Лингвистика;Перевод и переводоведение в сфере туризма;Очная форма;Бакалавриат
173;Обучается;2БЛб-2;3;Социально-гуманитарный факультет (СГФ);Кафедра «Лингвистика и межкультурная коммуникация» (ЛМК);45.03.02;Лингвистика;Перевод и переводоведение в сфере туризма;Очная форма;Бакалавриат
174;Обучается;2БЛб-2;3;Социально-гуманитарный факультет (СГФ);Кафедра «Лингвистика и межкультурная коммуникация» (ЛМК);45.03.02;Лингвистика;Перевод и переводоведение в сфере туризма;Очная форма;Бакалавриат
175;Обучается;2БЛб-2;3;Социально-гуманитарный факультет (СГФ);Кафедра «Лингвистика и межкультурная коммуникация» (ЛМК);45.03.02;Лингвистика;Перевод и переводоведение в сфере туризма;Очная форма;Бакалавриат
176;Обучается;2БЛб-2;3;Социально-гуманитарный факультет (СГФ);Кафедра «Лингвистика и межкультурная коммуникация» (ЛМК);45.03.02;Лингвистика;Перевод и переводоведение в сфере туризма;Очная форма;Бакалавриат
177;Обучается;2БЛб-2;3;Социально-гуманитарный факультет (СГФ);Кафедра «Лингвистика и межкультурная коммуникация» (ЛМК);45.03.02;Лингвистика;Перевод и переводоведение в сфере туризма;Очная форма;Бакалавриат
178;Обучается;2БЛб-2;3;Социально-гуманитарный факультет (СГФ);Кафедра «Лингвистика и межкультурная коммуникация» (ЛМК);45.03.02;Лингвистика;Перевод и переводоведение в сфере туризма;Очная форма;Бакалавриат
179;Обучается;1БЛб-1;4;Социально-гуманитарный факультет (СГФ);Кафедра «Лингвистика и межкультурная коммуникация» (ЛМК);45.03.02;Лингвистика;Специальный перевод;Очная форма;Бакалавриат
180;Обучается;1БЛб-1;4;Социально-гуманитарный факультет (СГФ);Кафедра «Лингвистика и межкультурная коммуникация» (ЛМК);45.03.02;Лингвистика;Специальный перевод;Очная форма;Бакалавриат
181;Обучается;1БЛб-1;4;Социально-гуманитарный факультет (СГФ);Кафедра «Лингвистика и межкультурная коммуникация» (ЛМК);45.03.02;Лингвистика;Специальный перевод;Очная форма;Бакалавриат
182;Обучается;1БЛб-1;4;Социально-гуманитарный факультет (СГФ);Кафедра «Лингвистика и межкультурная коммуникация» (ЛМК);45.03.02;Лингвистика;Специальный перевод;Очная форма;Бакалавриат
183;Обучается;1БЛб-1;4;Социально-гуманитарный факультет (СГФ);Кафедра «Лингвистика и межкультурная коммуникация» (ЛМК);45.03.02;Лингвистика;Специальный перевод;Очная форма;Бакалавриат
184;Обучается;1БЛб-1;4;Социально-гуманитарный факультет (СГФ);Кафедра «Лингвистика и межкультурная коммуникация» (ЛМК);45.03.02;Лингвистика;Специальный перевод;Очная форма;Бакалавриат
185;Обучается;1БЛб-1;4;Социально-гуманитарный факультет (СГФ);Кафедра «Лингвистика и межкультурная коммуникация» (ЛМК);45.03.02;Лингвистика;Специальный перевод;Очная форма;Бакалавриат
186;Обучается;1БЛб-1;4;Социально-гуманитарный факультет (СГФ);Кафедра «Лингвистика и межкультурная коммуникация» (ЛМК);45.03.02;Лингвистика;Специальный перевод;Очная форма;Бакалавриат
187;Обучается;1БЛб-1;4;Социально-гуманитарный факультет (СГФ);Кафедра «Лингвистика и межкультурная коммуникация» (ЛМК);45.03.02;Лингвистика;Специальный перевод;Очная форма;Бакалавриат
188;Обучается;1БЛб-1;4;Социально-гуманитарный факультет (СГФ);Кафедра «Лингвистика и межкультурная коммуникация» (ЛМК);45.03.02;Лингвистика;Специальный перевод;Очная форма;Бакалавриат
189;Обучается;1БЛб-1;4;Социально-гуманитарный факультет (СГФ);Кафедра «Лингвистика и межкультурная коммуникация» (ЛМК);45.03.02;Лингвистика;Специальный перевод;Очная форма;Бакалавриат
190;Обучается;1БЛб-1;4;Социально-гуманитарный факультет (СГФ);Кафедра «Лингвистика и межкультурная коммуникация» (ЛМК);45.03.02;Лингвистика;Специальный перевод;Очная форма;Бакалавриат
191;Обучается;1БЛб-1;4;Социально-гуманитарный факультет (СГФ);Кафедра «Лингвистика и межкультурная коммуникация» (ЛМК);45.03.02;Лингвистика;Специальный перевод;Очная форма;Бакалавриат
192;Обучается;1БЛб-1;4;Социально-гуманитарный факультет (СГФ);Кафедра «Лингвистика и межкультурная коммуникация» (ЛМК);45.03.02;Лингвистика;Специальный перевод;Очная форма;Бакалавриат
193;Обучается;1БЛб-1;4;Социально-гуманитарный факультет (СГФ);Кафедра «Лингвистика и межкультурная коммуникация» (ЛМК);45.03.02;Лингвистика;Специальный перевод;Очная форма;Бакалавриат
194;Обучается;1БЛб-1;4;Социально-гуманитарный факультет (СГФ);Кафедра «Лингвистика и межкультурная коммуникация» (ЛМК);45.03.02;Лингвистика;Специальный перевод;Очная форма;Бакалавриат
195;Обучается;1БЛб-1;4;Социально-гуманитарный факультет (СГФ);Кафедра «Лингвистика и межкультурная коммуникация» (ЛМК);45.03.02;Лингвистика;Специальный перевод;Очная форма;Бакалавриат
196;Обучается;1БЛб-1;4;Социально-гуманитарный факультет (СГФ);Кафедра «Лингвистика и межкультурная коммуникация» (ЛМК);45.03.02;Лингвистика;Специальный перевод;Очная форма;Бакалавриат
197;Обучается;1БЛб-1;4;Социально-гуманитарный факультет (СГФ);Кафедра «Лингвистика и межкультурная коммуникация» (ЛМК);45.03.02;Лингвистика;Специальный перевод;Очная форма;Бакалавриат
198;Обучается;1БЛб-1;4;Социально-гуманитарный факультет (СГФ);Кафедра «Лингвистика и межкультурная коммуникация» (ЛМК);45.03.02;Лингвистика;Специальный перевод;Очная форма;Бакалавриат
199;Обучается;1БЛб-1;4;Социально-гуманитарный факультет (СГФ);Кафедра «Лингвистика и межкультурная коммуникация» (ЛМК);45.03.02;Лингвистика;Специальный перевод;Очная форма;Бакалавриат
200;Обучается;1БЛб-1;4;Социально-гуманитарный факультет (СГФ);Кафедра «Лингвистика и межкультурная коммуникация» (ЛМК);45.03.02;Лингвистика;Специальный перевод;Очная форма;Бакалавриат
201;Обучается;1БЛб-1;4;Социально-гуманитарный факультет (СГФ);Кафедра «Лингвистика и межкультурная коммуникация» (ЛМК);45.03.02;Лингвистика;Специальный перевод;Очная форма;Бакалавриат
202;Обучается;1БЛб-1;4;Социально-гуманитарный факультет (СГФ);Кафедра «Лингвистика и межкультурная коммуникация» (ЛМК);45.03.02;Лингвистика;Специальный перевод;Очная форма;Бакалавриат
203;Обучается;1БЛб-1;4;Социально-гуманитарный факультет (СГФ);Кафедра «Лингвистика и межкультурная коммуникация» (ЛМК);45.03.02;Лингвистика;Специальный перевод;Очная форма;Бакалавриат
204;Обучается;4МЛм-1;1;Социально-гуманитарный факультет (СГФ);Кафедра «Лингвистика и межкультурная коммуникация» (ЛМК);45.04.02;Лингвистика;Иностранный язык в переводческой и преподавательской деятельности;Очная форма;Магистратура
205;Обучается;4МЛм-1;1;Социально-гуманитарный факультет (СГФ);Кафедра «Лингвистика и межкультурная коммуникация» (ЛМК);45.04.02;Лингвистика;Иностранный язык в переводческой и преподавательской деятельности;Очная форма;Магистратура
206;Обучается;4МЛм-1;1;Социально-гуманитарный факультет (СГФ);Кафедра «Лингвистика и межкультурная коммуникация» (ЛМК);45.04.02;Лингвистика;Иностранный язык в переводческой и преподавательской деятельности;Очная форма;Магистратура
207;Обучается;4МЛм-1;1;Социально-гуманитарный факультет (СГФ);Кафедра «Лингвистика и межкультурная коммуникация» (ЛМК);45.04.02;Лингвистика;Иностранный язык в переводческой и преподавательской деятельности;Очная форма;Магистратура
208;Обучается;4МЛм-1;1;Социально-гуманитарный факультет (СГФ);Кафедра «Лингвистика и межкультурная коммуникация» (ЛМК);45.04.02;Лингвистика;Иностранный язык в переводческой и преподавательской деятельности;Очная форма;Магистратура
209;Обучается;4МЛм-1;1;Социально-гуманитарный факультет (СГФ);Кафедра «Лингвистика и межкультурная коммуникация» (ЛМК);45.04.02;Лингвистика;Иностранный язык в переводческой и преподавательской деятельности;Очная форма;Магистратура
210;Обучается;4МЛм-1;1;Социально-гуманитарный факультет (СГФ);Кафедра «Лингвистика и межкультурная коммуникация» (ЛМК);45.04.02;Лингвистика;Иностранный язык в переводческой и преподавательской деятельности;Очная форма;Магистратура
211;Обучается;4МЛм-1;1;Социально-гуманитарный факультет (СГФ);Кафедра «Лингвистика и межкультурная коммуникация» (ЛМК);45.04.02;Лингвистика;Иностранный язык в переводческой и преподавательской деятельности;Очная форма;Магистратура
212;Обучается;4МЛм-1;1;Социально-гуманитарный факультет (СГФ);Кафедра «Лингвистика и межкультурная коммуникация» (ЛМК);45.04.02;Лингвистика;Иностранный язык в переводческой и преподавательской деятельности;Очная форма;Магистратура
213;Обучается;4МЛм-1;1;Социально-гуманитарный факультет (СГФ);Кафедра «Лингвистика и межкультурная коммуникация» (ЛМК);45.04.02;Лингвистика;Иностранный язык в переводческой и преподавательской деятельности;Очная форма;Магистратура
214;Обучается;4МЛм-1;1;Социально-гуманитарный факультет (СГФ);Кафедра «Лингвистика и межкультурная коммуникация» (ЛМК);45.04.02;Лингвистика;Иностранный язык в переводческой и преподавательской деятельности;Очная форма;Магистратура
215;Обучается;3МЛм-1;2;Социально-гуманитарный факультет (СГФ);Кафедра «Лингвистика и межкультурная коммуникация» (ЛМК);45.04.02;Лингвистика;Иностранный язык в переводческой и преподавательской деятельности;Очная форма;Магистратура
216;Обучается;3МЛм-1;2;Социально-гуманитарный факультет (СГФ);Кафедра «Лингвистика и межкультурная коммуникация» (ЛМК);45.04.02;Лингвистика;Иностранный язык в переводческой и преподавательской деятельности;Очная форма;Магистратура
217;Обучается;3МЛм-1;2;Социально-гуманитарный факультет (СГФ);Кафедра «Лингвистика и межкультурная коммуникация» (ЛМК);45.04.02;Лингвистика;Иностранный язык в переводческой и преподавательской деятельности;Очная форма;Магистратура
218;Обучается;3МЛм-1;2;Социально-гуманитарный факультет (СГФ);Кафедра «Лингвистика и межкультурная коммуникация» (ЛМК);45.04.02;Лингвистика;Иностранный язык в переводческой и преподавательской деятельности;Очная форма;Магистратура
219;Обучается;3МЛм-1;2;Социально-гуманитарный факультет (СГФ);Кафедра «Лингвистика и межкультурная коммуникация» (ЛМК);45.04.02;Лингвистика;Иностранный язык в переводческой и преподавательской деятельности;Очная форма;Магистратура
220;Обучается;3МЛм-1;2;Социально-гуманитарный факультет (СГФ);Кафедра «Лингвистика и межкультурная коммуникация» (ЛМК);45.04.02;Лингвистика;Иностранный язык в переводческой и преподавательской деятельности;Очная форма;Магистратура
221;Обучается;3МЛм-1;2;Социально-гуманитарный факультет (СГФ);Кафедра «Лингвистика и межкультурная коммуникация» (ЛМК);45.04.02;Лингвистика;Иностранный язык в переводческой и преподавательской деятельности;Очная форма;Магистратура
222;Обучается;3МЛм-1;2;Социально-гуманитарный факультет (СГФ);Кафедра «Лингвистика и межкультурная коммуникация» (ЛМК);45.04.02;Лингвистика;Иностранный язык в переводческой и преподавательской деятельности;Очная форма;Магистратура
223;Обучается;3МЛм-1;2;Социально-гуманитарный факультет (СГФ);Кафедра «Лингвистика и межкультурная коммуникация» (ЛМК);45.04.02;Лингвистика;Иностранный язык в переводческой и преподавательской деятельности;Очная форма;Магистратура
224;Академический отпуск;3МЛм-1;2;Социально-гуманитарный факультет (СГФ);Кафедра «Лингвистика и межкультурная коммуникация» (ЛМК);45.04.02;Лингвистика;Иностранный язык в переводческой и преподавательской деятельности;Очная форма;Магистратура
225;Обучается;3МЛм-1;2;Социально-гуманитарный факультет (СГФ);Кафедра «Лингвистика и межкультурная коммуникация» (ЛМК);45.04.02;Лингвистика;Иностранный язык в переводческой и преподавательской деятельности;Очная форма;Магистратура
226;Обучается;3МЛм-1;2;Социально-гуманитарный факультет (СГФ);Кафедра «Лингвистика и межкультурная коммуникация» (ЛМК);45.04.02;Лингвистика;Иностранный язык в переводческой и преподавательской деятельности;Очная форма;Магистратура
227;Обучается;3МЛм-1;2;Социально-гуманитарный факультет (СГФ);Кафедра «Лингвистика и межкультурная коммуникация» (ЛМК);45.04.02;Лингвистика;Иностранный язык в переводческой и преподавательской деятельности;Очная форма;Магистратура
228;Обучается;4ГУб-1;1;Социально-гуманитарный факультет (СГФ);Кафедра «Педагогика,  психология и социальная работа» (ППСР);38.03.04;Государственное и муниципальное управление;Управление государственными проектами и программами;Очная форма;Бакалавриат
229;Обучается;4ГУб-1;1;Социально-гуманитарный факультет (СГФ);Кафедра «Педагогика,  психология и социальная работа» (ППСР);38.03.04;Государственное и муниципальное управление;Управление государственными проектами и программами;Очная форма;Бакалавриат
230;Обучается;4ГУб-1;1;Социально-гуманитарный факультет (СГФ);Кафедра «Педагогика,  психология и социальная работа» (ППСР);38.03.04;Государственное и муниципальное управление;Управление государственными проектами и программами;Очная форма;Бакалавриат
231;Обучается;4ГУб-1;1;Социально-гуманитарный факультет (СГФ);Кафедра «Педагогика,  психология и социальная работа» (ППСР);38.03.04;Государственное и муниципальное управление;Управление государственными проектами и программами;Очная форма;Бакалавриат
232;Обучается;4ГУб-1;1;Социально-гуманитарный факультет (СГФ);Кафедра «Педагогика,  психология и социальная работа» (ППСР);38.03.04;Государственное и муниципальное управление;Управление государственными проектами и программами;Очная форма;Бакалавриат
233;Обучается;4ГУб-1;1;Социально-гуманитарный факультет (СГФ);Кафедра «Педагогика,  психология и социальная работа» (ППСР);38.03.04;Государственное и муниципальное управление;Управление государственными проектами и программами;Очная форма;Бакалавриат
234;Обучается;4ГУб-1;1;Социально-гуманитарный факультет (СГФ);Кафедра «Педагогика,  психология и социальная работа» (ППСР);38.03.04;Государственное и муниципальное управление;Управление государственными проектами и программами;Очная форма;Бакалавриат
235;Обучается;4ГУб-1;1;Социально-гуманитарный факультет (СГФ);Кафедра «Педагогика,  психология и социальная работа» (ППСР);38.03.04;Государственное и муниципальное управление;Управление государственными проектами и программами;Очная форма;Бакалавриат
236;Обучается;4ГУб-1;1;Социально-гуманитарный факультет (СГФ);Кафедра «Педагогика,  психология и социальная работа» (ППСР);38.03.04;Государственное и муниципальное управление;Управление государственными проектами и программами;Очная форма;Бакалавриат
237;Обучается;4ГУб-1;1;Социально-гуманитарный факультет (СГФ);Кафедра «Педагогика,  психология и социальная работа» (ППСР);38.03.04;Государственное и муниципальное управление;Управление государственными проектами и программами;Очная форма;Бакалавриат
238;Обучается;4ГУб-1;1;Социально-гуманитарный факультет (СГФ);Кафедра «Педагогика,  психология и социальная работа» (ППСР);38.03.04;Государственное и муниципальное управление;Управление государственными проектами и программами;Очная форма;Бакалавриат
239;Обучается;4ГУб-1;1;Социально-гуманитарный факультет (СГФ);Кафедра «Педагогика,  психология и социальная работа» (ППСР);38.03.04;Государственное и муниципальное управление;Управление государственными проектами и программами;Очная форма;Бакалавриат
240;Обучается;4ГУб-1;1;Социально-гуманитарный факультет (СГФ);Кафедра «Педагогика,  психология и социальная работа» (ППСР);38.03.04;Государственное и муниципальное управление;Управление государственными проектами и программами;Очная форма;Бакалавриат
241;Обучается;4ГУб-1;1;Социально-гуманитарный факультет (СГФ);Кафедра «Педагогика,  психология и социальная работа» (ППСР);38.03.04;Государственное и муниципальное управление;Управление государственными проектами и программами;Очная форма;Бакалавриат
242;Обучается;3ГУб-1;2;Социально-гуманитарный факультет (СГФ);Кафедра «Педагогика,  психология и социальная работа» (ППСР);38.03.04;Государственное и муниципальное управление;Управление государственными проектами и программами;Очная форма;Бакалавриат
243;Обучается;3ГУб-1;2;Социально-гуманитарный факультет (СГФ);Кафедра «Педагогика,  психология и социальная работа» (ППСР);38.03.04;Государственное и муниципальное управление;Управление государственными проектами и программами;Очная форма;Бакалавриат
244;Обучается;3ГУб-1;2;Социально-гуманитарный факультет (СГФ);Кафедра «Педагогика,  психология и социальная работа» (ППСР);38.03.04;Государственное и муниципальное управление;Управление государственными проектами и программами;Очная форма;Бакалавриат
245;Обучается;3ГУб-1;2;Социально-гуманитарный факультет (СГФ);Кафедра «Педагогика,  психология и социальная работа» (ППСР);38.03.04;Государственное и муниципальное управление;Управление государственными проектами и программами;Очная форма;Бакалавриат
246;Обучается;3ГУб-1;2;Социально-гуманитарный факультет (СГФ);Кафедра «Педагогика,  психология и социальная работа» (ППСР);38.03.04;Государственное и муниципальное управление;Управление государственными проектами и программами;Очная форма;Бакалавриат
247;Обучается;3ГУб-1;2;Социально-гуманитарный факультет (СГФ);Кафедра «Педагогика,  психология и социальная работа» (ППСР);38.03.04;Государственное и муниципальное управление;Управление государственными проектами и программами;Очная форма;Бакалавриат
248;Обучается;3ГУб-1;2;Социально-гуманитарный факультет (СГФ);Кафедра «Педагогика,  психология и социальная работа» (ППСР);38.03.04;Государственное и муниципальное управление;Управление государственными проектами и программами;Очная форма;Бакалавриат
249;Обучается;3ГУб-1;2;Социально-гуманитарный факультет (СГФ);Кафедра «Педагогика,  психология и социальная работа» (ППСР);38.03.04;Государственное и муниципальное управление;Управление государственными проектами и программами;Очная форма;Бакалавриат
250;Академический отпуск;3ГУб-1;2;Социально-гуманитарный факультет (СГФ);Кафедра «Педагогика,  психология и социальная работа» (ППСР);38.03.04;Государственное и муниципальное управление;Управление государственными проектами и программами;Очная форма;Бакалавриат
251;Обучается;3ГУб-1;2;Социально-гуманитарный факультет (СГФ);Кафедра «Педагогика,  психология и социальная работа» (ППСР);38.03.04;Государственное и муниципальное управление;Управление государственными проектами и программами;Очная форма;Бакалавриат
252;Обучается;3ГУб-1;2;Социально-гуманитарный факультет (СГФ);Кафедра «Педагогика,  психология и социальная работа» (ППСР);38.03.04;Государственное и муниципальное управление;Управление государственными проектами и программами;Очная форма;Бакалавриат
253;Обучается;3ГУб-1;2;Социально-гуманитарный факультет (СГФ);Кафедра «Педагогика,  психология и социальная работа» (ППСР);38.03.04;Государственное и муниципальное управление;Управление государственными проектами и программами;Очная форма;Бакалавриат
254;Обучается;3ГУб-1;2;Социально-гуманитарный факультет (СГФ);Кафедра «Педагогика,  психология и социальная работа» (ППСР);38.03.04;Государственное и муниципальное управление;Управление государственными проектами и программами;Очная форма;Бакалавриат
255;Обучается;3ГУб-1;2;Социально-гуманитарный факультет (СГФ);Кафедра «Педагогика,  психология и социальная работа» (ППСР);38.03.04;Государственное и муниципальное управление;Управление государственными проектами и программами;Очная форма;Бакалавриат
256;Обучается;3ГУб-1;2;Социально-гуманитарный факультет (СГФ);Кафедра «Педагогика,  психология и социальная работа» (ППСР);38.03.04;Государственное и муниципальное управление;Управление государственными проектами и программами;Очная форма;Бакалавриат
257;Обучается;3ГУб-1;2;Социально-гуманитарный факультет (СГФ);Кафедра «Педагогика,  психология и социальная работа» (ППСР);38.03.04;Государственное и муниципальное управление;Управление государственными проектами и программами;Очная форма;Бакалавриат
258;Обучается;3ГУб-1;2;Социально-гуманитарный факультет (СГФ);Кафедра «Педагогика,  психология и социальная работа» (ППСР);38.03.04;Государственное и муниципальное управление;Управление государственными проектами и программами;Очная форма;Бакалавриат
259;Обучается;3ГУб-1;2;Социально-гуманитарный факультет (СГФ);Кафедра «Педагогика,  психология и социальная работа» (ППСР);38.03.04;Государственное и муниципальное управление;Управление государственными проектами и программами;Очная форма;Бакалавриат
260;Обучается;3ГУб-1;2;Социально-гуманитарный факультет (СГФ);Кафедра «Педагогика,  психология и социальная работа» (ППСР);38.03.04;Государственное и муниципальное управление;Управление государственными проектами и программами;Очная форма;Бакалавриат
261;Обучается;2ГУб-1;3;Социально-гуманитарный факультет (СГФ);Кафедра «Педагогика,  психология и социальная работа» (ППСР);38.03.04;Государственное и муниципальное управление;Управление государственными проектами и программами;Очная форма;Бакалавриат
262;Обучается;2ГУб-1;3;Социально-гуманитарный факультет (СГФ);Кафедра «Педагогика,  психология и социальная работа» (ППСР);38.03.04;Государственное и муниципальное управление;Управление государственными проектами и программами;Очная форма;Бакалавриат
263;Обучается;2ГУб-1;3;Социально-гуманитарный факультет (СГФ);Кафедра «Педагогика,  психология и социальная работа» (ППСР);38.03.04;Государственное и муниципальное управление;Управление государственными проектами и программами;Очная форма;Бакалавриат
264;Обучается;2ГУб-1;3;Социально-гуманитарный факультет (СГФ);Кафедра «Педагогика,  психология и социальная работа» (ППСР);38.03.04;Государственное и муниципальное управление;Управление государственными проектами и программами;Очная форма;Бакалавриат
265;Обучается;2ГУб-1;3;Социально-гуманитарный факультет (СГФ);Кафедра «Педагогика,  психология и социальная работа» (ППСР);38.03.04;Государственное и муниципальное управление;Управление государственными проектами и программами;Очная форма;Бакалавриат
266;Обучается;2ГУб-1;3;Социально-гуманитарный факультет (СГФ);Кафедра «Педагогика,  психология и социальная работа» (ППСР);38.03.04;Государственное и муниципальное управление;Управление государственными проектами и программами;Очная форма;Бакалавриат
267;Обучается;2ГУб-1;3;Социально-гуманитарный факультет (СГФ);Кафедра «Педагогика,  психология и социальная работа» (ППСР);38.03.04;Государственное и муниципальное управление;Управление государственными проектами и программами;Очная форма;Бакалавриат
268;Обучается;2ГУб-1;3;Социально-гуманитарный факультет (СГФ);Кафедра «Педагогика,  психология и социальная работа» (ППСР);38.03.04;Государственное и муниципальное управление;Управление государственными проектами и программами;Очная форма;Бакалавриат
269;Обучается;2ГУб-1;3;Социально-гуманитарный факультет (СГФ);Кафедра «Педагогика,  психология и социальная работа» (ППСР);38.03.04;Государственное и муниципальное управление;Управление государственными проектами и программами;Очная форма;Бакалавриат
270;Обучается;2ГУб-1;3;Социально-гуманитарный факультет (СГФ);Кафедра «Педагогика,  психология и социальная работа» (ППСР);38.03.04;Государственное и муниципальное управление;Управление государственными проектами и программами;Очная форма;Бакалавриат
271;Академический отпуск;2ГУб-1;3;Социально-гуманитарный факультет (СГФ);Кафедра «Педагогика,  психология и социальная работа» (ППСР);38.03.04;Государственное и муниципальное управление;Управление государственными проектами и программами;Очная форма;Бакалавриат
272;Обучается;2ГУб-1;3;Социально-гуманитарный факультет (СГФ);Кафедра «Педагогика,  психология и социальная работа» (ППСР);38.03.04;Государственное и муниципальное управление;Управление государственными проектами и программами;Очная форма;Бакалавриат
273;Обучается;2ГУб-1;3;Социально-гуманитарный факультет (СГФ);Кафедра «Педагогика,  психология и социальная работа» (ППСР);38.03.04;Государственное и муниципальное управление;Управление государственными проектами и программами;Очная форма;Бакалавриат
274;Обучается;2ГУб-1;3;Социально-гуманитарный факультет (СГФ);Кафедра «Педагогика,  психология и социальная работа» (ППСР);38.03.04;Государственное и муниципальное управление;Управление государственными проектами и программами;Очная форма;Бакалавриат
275;Обучается;2ГУб-1;3;Социально-гуманитарный факультет (СГФ);Кафедра «Педагогика,  психология и социальная работа» (ППСР);38.03.04;Государственное и муниципальное управление;Управление государственными проектами и программами;Очная форма;Бакалавриат
276;Обучается;2ГУб-1;3;Социально-гуманитарный факультет (СГФ);Кафедра «Педагогика,  психология и социальная работа» (ППСР);38.03.04;Государственное и муниципальное управление;Управление государственными проектами и программами;Очная форма;Бакалавриат
277;Обучается;2ГУб-1;3;Социально-гуманитарный факультет (СГФ);Кафедра «Педагогика,  психология и социальная работа» (ППСР);38.03.04;Государственное и муниципальное управление;Управление государственными проектами и программами;Очная форма;Бакалавриат
278;Обучается;2ГУб-1;3;Социально-гуманитарный факультет (СГФ);Кафедра «Педагогика,  психология и социальная работа» (ППСР);38.03.04;Государственное и муниципальное управление;Управление государственными проектами и программами;Очная форма;Бакалавриат
279;Обучается;1ГУб-1;4;Социально-гуманитарный факультет (СГФ);Кафедра «Педагогика,  психология и социальная работа» (ППСР);38.03.04;Государственное и муниципальное управление;Управление государственными проектами и программами;Очная форма;Бакалавриат
280;Обучается;1ГУб-1;4;Социально-гуманитарный факультет (СГФ);Кафедра «Педагогика,  психология и социальная работа» (ППСР);38.03.04;Государственное и муниципальное управление;Управление государственными проектами и программами;Очная форма;Бакалавриат
281;Обучается;1ГУб-1;4;Социально-гуманитарный факультет (СГФ);Кафедра «Педагогика,  психология и социальная работа» (ППСР);38.03.04;Государственное и муниципальное управление;Управление государственными проектами и программами;Очная форма;Бакалавриат
282;Обучается;1ГУб-1;4;Социально-гуманитарный факультет (СГФ);Кафедра «Педагогика,  психология и социальная работа» (ППСР);38.03.04;Государственное и муниципальное управление;Управление государственными проектами и программами;Очная форма;Бакалавриат
283;Обучается;1ГУб-1;4;Социально-гуманитарный факультет (СГФ);Кафедра «Педагогика,  психология и социальная работа» (ППСР);38.03.04;Государственное и муниципальное управление;Управление государственными проектами и программами;Очная форма;Бакалавриат
284;Обучается;1ГУб-1;4;Социально-гуманитарный факультет (СГФ);Кафедра «Педагогика,  психология и социальная работа» (ППСР);38.03.04;Государственное и муниципальное управление;Управление государственными проектами и программами;Очная форма;Бакалавриат
285;Обучается;1ГУб-1;4;Социально-гуманитарный факультет (СГФ);Кафедра «Педагогика,  психология и социальная работа» (ППСР);38.03.04;Государственное и муниципальное управление;Управление государственными проектами и программами;Очная форма;Бакалавриат
286;Обучается;1ГУб-1;4;Социально-гуманитарный факультет (СГФ);Кафедра «Педагогика,  психология и социальная работа» (ППСР);38.03.04;Государственное и муниципальное управление;Управление государственными проектами и программами;Очная форма;Бакалавриат
287;Обучается;1ГУб-1;4;Социально-гуманитарный факультет (СГФ);Кафедра «Педагогика,  психология и социальная работа» (ППСР);38.03.04;Государственное и муниципальное управление;Управление государственными проектами и программами;Очная форма;Бакалавриат
288;Обучается;1ГУб-1;4;Социально-гуманитарный факультет (СГФ);Кафедра «Педагогика,  психология и социальная работа» (ППСР);38.03.04;Государственное и муниципальное управление;Управление государственными проектами и программами;Очная форма;Бакалавриат
289;Обучается;1ГУб-1;4;Социально-гуманитарный факультет (СГФ);Кафедра «Педагогика,  психология и социальная работа» (ППСР);38.03.04;Государственное и муниципальное управление;Управление государственными проектами и программами;Очная форма;Бакалавриат
290;Обучается;1ГУб-1;4;Социально-гуманитарный факультет (СГФ);Кафедра «Педагогика,  психология и социальная работа» (ППСР);38.03.04;Государственное и муниципальное управление;Управление государственными проектами и программами;Очная форма;Бакалавриат
291;Обучается;1ГУб-1;4;Социально-гуманитарный факультет (СГФ);Кафедра «Педагогика,  психология и социальная работа» (ППСР);38.03.04;Государственное и муниципальное управление;Управление государственными проектами и программами;Очная форма;Бакалавриат
292;Обучается;1ГУб-1;4;Социально-гуманитарный факультет (СГФ);Кафедра «Педагогика,  психология и социальная работа» (ППСР);38.03.04;Государственное и муниципальное управление;Управление государственными проектами и программами;Очная форма;Бакалавриат
293;Обучается;1ГУб-1;4;Социально-гуманитарный факультет (СГФ);Кафедра «Педагогика,  психология и социальная работа» (ППСР);38.03.04;Государственное и муниципальное управление;Управление государственными проектами и программами;Очная форма;Бакалавриат
294;Обучается;4ЮРб-1;1;Социально-гуманитарный факультет (СГФ);Кафедра «Публичное и частное право» (ПЧП);40.03.01;Юриспруденция;Государственно-правовой;Очная форма;Бакалавриат
295;Обучается;4ЮРб-1;1;Социально-гуманитарный факультет (СГФ);Кафедра «Публичное и частное право» (ПЧП);40.03.01;Юриспруденция;Государственно-правовой;Очная форма;Бакалавриат
296;Обучается;4ЮРб-1;1;Социально-гуманитарный факультет (СГФ);Кафедра «Публичное и частное право» (ПЧП);40.03.01;Юриспруденция;Государственно-правовой;Очная форма;Бакалавриат
297;Обучается;4ЮРб-1;1;Социально-гуманитарный факультет (СГФ);Кафедра «Публичное и частное право» (ПЧП);40.03.01;Юриспруденция;Государственно-правовой;Очная форма;Бакалавриат
298;Обучается;4ЮРб-1;1;Социально-гуманитарный факультет (СГФ);Кафедра «Публичное и частное право» (ПЧП);40.03.01;Юриспруденция;Государственно-правовой;Очная форма;Бакалавриат
299;Обучается;4ЮРб-1;1;Социально-гуманитарный факультет (СГФ);Кафедра «Публичное и частное право» (ПЧП);40.03.01;Юриспруденция;Государственно-правовой;Очная форма;Бакалавриат
300;Обучается;4ЮРб-1;1;Социально-гуманитарный факультет (СГФ);Кафедра «Публичное и частное право» (ПЧП);40.03.01;Юриспруденция;Государственно-правовой;Очная форма;Бакалавриат
301;Обучается;3ЮРб-1;2;Социально-гуманитарный факультет (СГФ);Кафедра «Публичное и частное право» (ПЧП);40.03.01;Юриспруденция;Государственно-правовой;Очная форма;Бакалавриат
302;Обучается;3ЮРб-1;2;Социально-гуманитарный факультет (СГФ);Кафедра «Публичное и частное право» (ПЧП);40.03.01;Юриспруденция;Государственно-правовой;Очная форма;Бакалавриат
303;Обучается;3ЮРб-1;2;Социально-гуманитарный факультет (СГФ);Кафедра «Публичное и частное право» (ПЧП);40.03.01;Юриспруденция;Государственно-правовой;Очная форма;Бакалавриат
304;Обучается;3ЮРб-1;2;Социально-гуманитарный факультет (СГФ);Кафедра «Публичное и частное право» (ПЧП);40.03.01;Юриспруденция;Государственно-правовой;Очная форма;Бакалавриат
305;Обучается;3ЮРб-1;2;Социально-гуманитарный факультет (СГФ);Кафедра «Публичное и частное право» (ПЧП);40.03.01;Юриспруденция;Государственно-правовой;Очная форма;Бакалавриат
306;Обучается;3ЮРб-1;2;Социально-гуманитарный факультет (СГФ);Кафедра «Публичное и частное право» (ПЧП);40.03.01;Юриспруденция;Государственно-правовой;Очная форма;Бакалавриат
307;Обучается;3ЮРб-1;2;Социально-гуманитарный факультет (СГФ);Кафедра «Публичное и частное право» (ПЧП);40.03.01;Юриспруденция;Государственно-правовой;Очная форма;Бакалавриат
308;Обучается;3ЮРб-1;2;Социально-гуманитарный факультет (СГФ);Кафедра «Публичное и частное право» (ПЧП);40.03.01;Юриспруденция;Государственно-правовой;Очная форма;Бакалавриат
309;Обучается;3ЮРб-1;2;Социально-гуманитарный факультет (СГФ);Кафедра «Публичное и частное право» (ПЧП);40.03.01;Юриспруденция;Государственно-правовой;Очная форма;Бакалавриат
310;Обучается;2ЮРб-1;3;Социально-гуманитарный факультет (СГФ);Кафедра «Публичное и частное право» (ПЧП);40.03.01;Юриспруденция;Государственно-правовой;Очная форма;Бакалавриат
311;Обучается;2ЮРб-1;3;Социально-гуманитарный факультет (СГФ);Кафедра «Публичное и частное право» (ПЧП);40.03.01;Юриспруденция;Государственно-правовой;Очная форма;Бакалавриат
312;Обучается;2ЮРб-1;3;Социально-гуманитарный факультет (СГФ);Кафедра «Публичное и частное право» (ПЧП);40.03.01;Юриспруденция;Государственно-правовой;Очная форма;Бакалавриат
313;Обучается;2ЮРб-1;3;Социально-гуманитарный факультет (СГФ);Кафедра «Публичное и частное право» (ПЧП);40.03.01;Юриспруденция;Государственно-правовой;Очная форма;Бакалавриат
314;Обучается;2ЮРб-1;3;Социально-гуманитарный факультет (СГФ);Кафедра «Публичное и частное право» (ПЧП);40.03.01;Юриспруденция;Государственно-правовой;Очная форма;Бакалавриат
315;Обучается;2ЮРб-1;3;Социально-гуманитарный факультет (СГФ);Кафедра «Публичное и частное право» (ПЧП);40.03.01;Юриспруденция;Государственно-правовой;Очная форма;Бакалавриат
316;Обучается;2ЮРб-1;3;Социально-гуманитарный факультет (СГФ);Кафедра «Публичное и частное право» (ПЧП);40.03.01;Юриспруденция;Государственно-правовой;Очная форма;Бакалавриат
317;Обучается;4ЮРм-1;1;Социально-гуманитарный факультет (СГФ);Кафедра «Публичное и частное право» (ПЧП);40.04.01;Юриспруденция;Защита прав человека и бизнеса в Российской Федерации;Очная форма;Магистратура
318;Обучается;4ЮРм-1;1;Социально-гуманитарный факультет (СГФ);Кафедра «Публичное и частное право» (ПЧП);40.04.01;Юриспруденция;Защита прав человека и бизнеса в Российской Федерации;Очная форма;Магистратура
319;Обучается;4АСб-1П;1;Факультет авиационной и морской техники (ФАМТ);Кафедра «Авиастроение» (АС);24.03.04;Авиастроение;Самолетостроение;Очная форма;Бакалавриат
320;Обучается;4АСб-1П;1;Факультет авиационной и морской техники (ФАМТ);Кафедра «Авиастроение» (АС);24.03.04;Авиастроение;Самолетостроение;Очная форма;Бакалавриат
321;Обучается;4АСб-1П;1;Факультет авиационной и морской техники (ФАМТ);Кафедра «Авиастроение» (АС);24.03.04;Авиастроение;Самолетостроение;Очная форма;Бакалавриат
322;Обучается;4АСб-1П;1;Факультет авиационной и морской техники (ФАМТ);Кафедра «Авиастроение» (АС);24.03.04;Авиастроение;Самолетостроение;Очная форма;Бакалавриат
323;Обучается;4АСб-1П;1;Факультет авиационной и морской техники (ФАМТ);Кафедра «Авиастроение» (АС);24.03.04;Авиастроение;Самолетостроение;Очная форма;Бакалавриат
324;Обучается;4АСб-1П;1;Факультет авиационной и морской техники (ФАМТ);Кафедра «Авиастроение» (АС);24.03.04;Авиастроение;Самолетостроение;Очная форма;Бакалавриат
325;Обучается;4АСб-1П;1;Факультет авиационной и морской техники (ФАМТ);Кафедра «Авиастроение» (АС);24.03.04;Авиастроение;Самолетостроение;Очная форма;Бакалавриат
326;Обучается;4АСб-1П;1;Факультет авиационной и морской техники (ФАМТ);Кафедра «Авиастроение» (АС);24.03.04;Авиастроение;Самолетостроение;Очная форма;Бакалавриат
327;Обучается;4АСб-1П;1;Факультет авиационной и морской техники (ФАМТ);Кафедра «Авиастроение» (АС);24.03.04;Авиастроение;Самолетостроение;Очная форма;Бакалавриат
328;Обучается;4АСб-1П;1;Факультет авиационной и морской техники (ФАМТ);Кафедра «Авиастроение» (АС);24.03.04;Авиастроение;Самолетостроение;Очная форма;Бакалавриат
329;Академический отпуск;4АСб-1П;1;Факультет авиационной и морской техники (ФАМТ);Кафедра «Авиастроение» (АС);24.03.04;Авиастроение;Самолетостроение;Очная форма;Бакалавриат
330;Обучается;4АСб-1П;1;Факультет авиационной и морской техники (ФАМТ);Кафедра «Авиастроение» (АС);24.03.04;Авиастроение;Самолетостроение;Очная форма;Бакалавриат
331;Обучается;4АСб-1П;1;Факультет авиационной и морской техники (ФАМТ);Кафедра «Авиастроение» (АС);24.03.04;Авиастроение;Самолетостроение;Очная форма;Бакалавриат
332;Обучается;4АСб-1П;1;Факультет авиационной и морской техники (ФАМТ);Кафедра «Авиастроение» (АС);24.03.04;Авиастроение;Самолетостроение;Очная форма;Бакалавриат
333;Обучается;4АСб-1П;1;Факультет авиационной и морской техники (ФАМТ);Кафедра «Авиастроение» (АС);24.03.04;Авиастроение;Самолетостроение;Очная форма;Бакалавриат
334;Обучается;4АСб-1П;1;Факультет авиационной и морской техники (ФАМТ);Кафедра «Авиастроение» (АС);24.03.04;Авиастроение;Самолетостроение;Очная форма;Бакалавриат
335;Академический отпуск;4АСб-1П;1;Факультет авиационной и морской техники (ФАМТ);Кафедра «Авиастроение» (АС);24.03.04;Авиастроение;Самолетостроение;Очная форма;Бакалавриат
336;Обучается;4АСб-1П;1;Факультет авиационной и морской техники (ФАМТ);Кафедра «Авиастроение» (АС);24.03.04;Авиастроение;Самолетостроение;Очная форма;Бакалавриат
337;Обучается;4АСб-1П;1;Факультет авиационной и морской техники (ФАМТ);Кафедра «Авиастроение» (АС);24.03.04;Авиастроение;Самолетостроение;Очная форма;Бакалавриат
338;Обучается;4АСб-1П;1;Факультет авиационной и морской техники (ФАМТ);Кафедра «Авиастроение» (АС);24.03.04;Авиастроение;Самолетостроение;Очная форма;Бакалавриат
339;Обучается;4АСб-1П;1;Факультет авиационной и морской техники (ФАМТ);Кафедра «Авиастроение» (АС);24.03.04;Авиастроение;Самолетостроение;Очная форма;Бакалавриат
340;Обучается;4АСб-1П;1;Факультет авиационной и морской техники (ФАМТ);Кафедра «Авиастроение» (АС);24.03.04;Авиастроение;Самолетостроение;Очная форма;Бакалавриат
341;Обучается;4АСб-1П;1;Факультет авиационной и морской техники (ФАМТ);Кафедра «Авиастроение» (АС);24.03.04;Авиастроение;Самолетостроение;Очная форма;Бакалавриат
342;Обучается;4АСб-1П;1;Факультет авиационной и морской техники (ФАМТ);Кафедра «Авиастроение» (АС);24.03.04;Авиастроение;Самолетостроение;Очная форма;Бакалавриат
343;Обучается;4АСб-1П;1;Факультет авиационной и морской техники (ФАМТ);Кафедра «Авиастроение» (АС);24.03.04;Авиастроение;Самолетостроение;Очная форма;Бакалавриат
344;Обучается;4АСб-1П;1;Факультет авиационной и морской техники (ФАМТ);Кафедра «Авиастроение» (АС);24.03.04;Авиастроение;Самолетостроение;Очная форма;Бакалавриат
345;Академический отпуск;4АСб-1П;1;Факультет авиационной и морской техники (ФАМТ);Кафедра «Авиастроение» (АС);24.03.04;Авиастроение;Самолетостроение;Очная форма;Бакалавриат
346;Обучается;4АСб-1П;1;Факультет авиационной и морской техники (ФАМТ);Кафедра «Авиастроение» (АС);24.03.04;Авиастроение;Самолетостроение;Очная форма;Бакалавриат
347;Обучается;4АСб-1П;1;Факультет авиационной и морской техники (ФАМТ);Кафедра «Авиастроение» (АС);24.03.04;Авиастроение;Самолетостроение;Очная форма;Бакалавриат
348;Обучается;4АСб-1П;1;Факультет авиационной и морской техники (ФАМТ);Кафедра «Авиастроение» (АС);24.03.04;Авиастроение;Самолетостроение;Очная форма;Бакалавриат
349;Обучается;4АСб-1П;1;Факультет авиационной и морской техники (ФАМТ);Кафедра «Авиастроение» (АС);24.03.04;Авиастроение;Самолетостроение;Очная форма;Бакалавриат
350;Обучается;4АСб-1П;1;Факультет авиационной и морской техники (ФАМТ);Кафедра «Авиастроение» (АС);24.03.04;Авиастроение;Самолетостроение;Очная форма;Бакалавриат
351;Обучается;4АСб-1П;1;Факультет авиационной и морской техники (ФАМТ);Кафедра «Авиастроение» (АС);24.03.04;Авиастроение;Самолетостроение;Очная форма;Бакалавриат
352;Обучается;4АСб-1П;1;Факультет авиационной и морской техники (ФАМТ);Кафедра «Авиастроение» (АС);24.03.04;Авиастроение;Самолетостроение;Очная форма;Бакалавриат
353;Обучается;4АСб-1П;1;Факультет авиационной и морской техники (ФАМТ);Кафедра «Авиастроение» (АС);24.03.04;Авиастроение;Самолетостроение;Очная форма;Бакалавриат
354;Обучается;4АСб-1П;1;Факультет авиационной и морской техники (ФАМТ);Кафедра «Авиастроение» (АС);24.03.04;Авиастроение;Самолетостроение;Очная форма;Бакалавриат
355;Обучается;4АСб-1П;1;Факультет авиационной и морской техники (ФАМТ);Кафедра «Авиастроение» (АС);24.03.04;Авиастроение;Самолетостроение;Очная форма;Бакалавриат
356;Обучается;4АСб-1П;1;Факультет авиационной и морской техники (ФАМТ);Кафедра «Авиастроение» (АС);24.03.04;Авиастроение;Самолетостроение;Очная форма;Бакалавриат
357;Обучается;4АСб-1П;1;Факультет авиационной и морской техники (ФАМТ);Кафедра «Авиастроение» (АС);24.03.04;Авиастроение;Самолетостроение;Очная форма;Бакалавриат
358;Обучается;4АСб-1П;1;Факультет авиационной и морской техники (ФАМТ);Кафедра «Авиастроение» (АС);24.03.04;Авиастроение;Самолетостроение;Очная форма;Бакалавриат
359;Обучается;3АСб-1П;2;Факультет авиационной и морской техники (ФАМТ);Кафедра «Авиастроение» (АС);24.03.04;Авиастроение;Самолетостроение;Очная форма;Бакалавриат
360;Обучается;3АСб-1П;2;Факультет авиационной и морской техники (ФАМТ);Кафедра «Авиастроение» (АС);24.03.04;Авиастроение;Самолетостроение;Очная форма;Бакалавриат
361;Обучается;3АСб-1П;2;Факультет авиационной и морской техники (ФАМТ);Кафедра «Авиастроение» (АС);24.03.04;Авиастроение;Самолетостроение;Очная форма;Бакалавриат
362;Обучается;3АСб-1П;2;Факультет авиационной и морской техники (ФАМТ);Кафедра «Авиастроение» (АС);24.03.04;Авиастроение;Самолетостроение;Очная форма;Бакалавриат
363;Обучается;3АСб-1П;2;Факультет авиационной и морской техники (ФАМТ);Кафедра «Авиастроение» (АС);24.03.04;Авиастроение;Самолетостроение;Очная форма;Бакалавриат
364;Обучается;3АСб-1П;2;Факультет авиационной и морской техники (ФАМТ);Кафедра «Авиастроение» (АС);24.03.04;Авиастроение;Самолетостроение;Очная форма;Бакалавриат
365;Академический отпуск;3АСб-1П;2;Факультет авиационной и морской техники (ФАМТ);Кафедра «Авиастроение» (АС);24.03.04;Авиастроение;Самолетостроение;Очная форма;Бакалавриат
366;Обучается;3АСб-1П;2;Факультет авиационной и морской техники (ФАМТ);Кафедра «Авиастроение» (АС);24.03.04;Авиастроение;Самолетостроение;Очная форма;Бакалавриат
367;Обучается;3АСб-1П;2;Факультет авиационной и морской техники (ФАМТ);Кафедра «Авиастроение» (АС);24.03.04;Авиастроение;Самолетостроение;Очная форма;Бакалавриат
368;Обучается;3АСб-1П;2;Факультет авиационной и морской техники (ФАМТ);Кафедра «Авиастроение» (АС);24.03.04;Авиастроение;Самолетостроение;Очная форма;Бакалавриат
369;Обучается;3АСб-1П;2;Факультет авиационной и морской техники (ФАМТ);Кафедра «Авиастроение» (АС);24.03.04;Авиастроение;Самолетостроение;Очная форма;Бакалавриат
370;Обучается;4ТС-1;1;Факультет авиационной и морской техники (ФАМТ);Кафедра «Авиастроение» (АС);24.05.07;Самолето- и вертолетостроение;Самолетостроение;Очная форма;Специалитет
371;Обучается;4ТС-1;1;Факультет авиационной и морской техники (ФАМТ);Кафедра «Авиастроение» (АС);24.05.07;Самолето- и вертолетостроение;Самолетостроение;Очная форма;Специалитет
372;Обучается;4ТС-1;1;Факультет авиационной и морской техники (ФАМТ);Кафедра «Авиастроение» (АС);24.05.07;Самолето- и вертолетостроение;Самолетостроение;Очная форма;Специалитет
373;Обучается;4ТС-1;1;Факультет авиационной и морской техники (ФАМТ);Кафедра «Авиастроение» (АС);24.05.07;Самолето- и вертолетостроение;Самолетостроение;Очная форма;Специалитет
374;Обучается;4ТС-1;1;Факультет авиационной и морской техники (ФАМТ);Кафедра «Авиастроение» (АС);24.05.07;Самолето- и вертолетостроение;Самолетостроение;Очная форма;Специалитет
375;Обучается;4ТС-1;1;Факультет авиационной и морской техники (ФАМТ);Кафедра «Авиастроение» (АС);24.05.07;Самолето- и вертолетостроение;Самолетостроение;Очная форма;Специалитет
376;Обучается;4ТС-1;1;Факультет авиационной и морской техники (ФАМТ);Кафедра «Авиастроение» (АС);24.05.07;Самолето- и вертолетостроение;Самолетостроение;Очная форма;Специалитет
377;Академический отпуск;4ТС-1;1;Факультет авиационной и морской техники (ФАМТ);Кафедра «Авиастроение» (АС);24.05.07;Самолето- и вертолетостроение;Самолетостроение;Очная форма;Специалитет
378;Обучается;4ТС-1;1;Факультет авиационной и морской техники (ФАМТ);Кафедра «Авиастроение» (АС);24.05.07;Самолето- и вертолетостроение;Самолетостроение;Очная форма;Специалитет
379;Обучается;4ТС-1;1;Факультет авиационной и морской техники (ФАМТ);Кафедра «Авиастроение» (АС);24.05.07;Самолето- и вертолетостроение;Самолетостроение;Очная форма;Специалитет
380;Обучается;4ТС-1;1;Факультет авиационной и морской техники (ФАМТ);Кафедра «Авиастроение» (АС);24.05.07;Самолето- и вертолетостроение;Самолетостроение;Очная форма;Специалитет
381;Обучается;4ТС-1;1;Факультет авиационной и морской техники (ФАМТ);Кафедра «Авиастроение» (АС);24.05.07;Самолето- и вертолетостроение;Самолетостроение;Очная форма;Специалитет
382;Обучается;4ТС-1;1;Факультет авиационной и морской техники (ФАМТ);Кафедра «Авиастроение» (АС);24.05.07;Самолето- и вертолетостроение;Самолетостроение;Очная форма;Специалитет
383;Обучается;4ТС-1;1;Факультет авиационной и морской техники (ФАМТ);Кафедра «Авиастроение» (АС);24.05.07;Самолето- и вертолетостроение;Самолетостроение;Очная форма;Специалитет
384;Обучается;4ТС-1;1;Факультет авиационной и морской техники (ФАМТ);Кафедра «Авиастроение» (АС);24.05.07;Самолето- и вертолетостроение;Самолетостроение;Очная форма;Специалитет
385;Обучается;4ТС-1;1;Факультет авиационной и морской техники (ФАМТ);Кафедра «Авиастроение» (АС);24.05.07;Самолето- и вертолетостроение;Самолетостроение;Очная форма;Специалитет
386;Обучается;4ТС-1;1;Факультет авиационной и морской техники (ФАМТ);Кафедра «Авиастроение» (АС);24.05.07;Самолето- и вертолетостроение;Самолетостроение;Очная форма;Специалитет
387;Обучается;4ТС-1;1;Факультет авиационной и морской техники (ФАМТ);Кафедра «Авиастроение» (АС);24.05.07;Самолето- и вертолетостроение;Самолетостроение;Очная форма;Специалитет
388;Обучается;4ТС-1;1;Факультет авиационной и морской техники (ФАМТ);Кафедра «Авиастроение» (АС);24.05.07;Самолето- и вертолетостроение;Самолетостроение;Очная форма;Специалитет
389;Обучается;4ТС-1;1;Факультет авиационной и морской техники (ФАМТ);Кафедра «Авиастроение» (АС);24.05.07;Самолето- и вертолетостроение;Самолетостроение;Очная форма;Специалитет
390;Обучается;4ТС-1;1;Факультет авиационной и морской техники (ФАМТ);Кафедра «Авиастроение» (АС);24.05.07;Самолето- и вертолетостроение;Самолетостроение;Очная форма;Специалитет
391;Обучается;4ТС-1;1;Факультет авиационной и морской техники (ФАМТ);Кафедра «Авиастроение» (АС);24.05.07;Самолето- и вертолетостроение;Самолетостроение;Очная форма;Специалитет
392;Обучается;4ТС-2;1;Факультет авиационной и морской техники (ФАМТ);Кафедра «Авиастроение» (АС);24.05.07;Самолето- и вертолетостроение;Технологическое проектирование высокоресурсных конструкций самолетов и вертолетов;Очная форма;Специалитет
393;Обучается;4ТС-2;1;Факультет авиационной и морской техники (ФАМТ);Кафедра «Авиастроение» (АС);24.05.07;Самолето- и вертолетостроение;Технологическое проектирование высокоресурсных конструкций самолетов и вертолетов;Очная форма;Специалитет
394;Обучается;4ТС-2;1;Факультет авиационной и морской техники (ФАМТ);Кафедра «Авиастроение» (АС);24.05.07;Самолето- и вертолетостроение;Технологическое проектирование высокоресурсных конструкций самолетов и вертолетов;Очная форма;Специалитет
395;Обучается;4ТС-2;1;Факультет авиационной и морской техники (ФАМТ);Кафедра «Авиастроение» (АС);24.05.07;Самолето- и вертолетостроение;Технологическое проектирование высокоресурсных конструкций самолетов и вертолетов;Очная форма;Специалитет
396;Обучается;4ТС-2;1;Факультет авиационной и морской техники (ФАМТ);Кафедра «Авиастроение» (АС);24.05.07;Самолето- и вертолетостроение;Технологическое проектирование высокоресурсных конструкций самолетов и вертолетов;Очная форма;Специалитет
397;Обучается;4ТС-2;1;Факультет авиационной и морской техники (ФАМТ);Кафедра «Авиастроение» (АС);24.05.07;Самолето- и вертолетостроение;Технологическое проектирование высокоресурсных конструкций самолетов и вертолетов;Очная форма;Специалитет
398;Обучается;4ТС-2;1;Факультет авиационной и морской техники (ФАМТ);Кафедра «Авиастроение» (АС);24.05.07;Самолето- и вертолетостроение;Технологическое проектирование высокоресурсных конструкций самолетов и вертолетов;Очная форма;Специалитет
399;Обучается;4ТС-2;1;Факультет авиационной и морской техники (ФАМТ);Кафедра «Авиастроение» (АС);24.05.07;Самолето- и вертолетостроение;Технологическое проектирование высокоресурсных конструкций самолетов и вертолетов;Очная форма;Специалитет
400;Обучается;4ТС-2;1;Факультет авиационной и морской техники (ФАМТ);Кафедра «Авиастроение» (АС);24.05.07;Самолето- и вертолетостроение;Технологическое проектирование высокоресурсных конструкций самолетов и вертолетов;Очная форма;Специалитет
401;Обучается;4ТС-2;1;Факультет авиационной и морской техники (ФАМТ);Кафедра «Авиастроение» (АС);24.05.07;Самолето- и вертолетостроение;Технологическое проектирование высокоресурсных конструкций самолетов и вертолетов;Очная форма;Специалитет
402;Обучается;4ТС-2;1;Факультет авиационной и морской техники (ФАМТ);Кафедра «Авиастроение» (АС);24.05.07;Самолето- и вертолетостроение;Технологическое проектирование высокоресурсных конструкций самолетов и вертолетов;Очная форма;Специалитет
403;Обучается;4ТС-2;1;Факультет авиационной и морской техники (ФАМТ);Кафедра «Авиастроение» (АС);24.05.07;Самолето- и вертолетостроение;Технологическое проектирование высокоресурсных конструкций самолетов и вертолетов;Очная форма;Специалитет
404;Обучается;4ТС-2;1;Факультет авиационной и морской техники (ФАМТ);Кафедра «Авиастроение» (АС);24.05.07;Самолето- и вертолетостроение;Технологическое проектирование высокоресурсных конструкций самолетов и вертолетов;Очная форма;Специалитет
405;Обучается;4ТС-2;1;Факультет авиационной и морской техники (ФАМТ);Кафедра «Авиастроение» (АС);24.05.07;Самолето- и вертолетостроение;Технологическое проектирование высокоресурсных конструкций самолетов и вертолетов;Очная форма;Специалитет
406;Обучается;4ТС-2;1;Факультет авиационной и морской техники (ФАМТ);Кафедра «Авиастроение» (АС);24.05.07;Самолето- и вертолетостроение;Технологическое проектирование высокоресурсных конструкций самолетов и вертолетов;Очная форма;Специалитет
407;Обучается;4ТС-2;1;Факультет авиационной и морской техники (ФАМТ);Кафедра «Авиастроение» (АС);24.05.07;Самолето- и вертолетостроение;Технологическое проектирование высокоресурсных конструкций самолетов и вертолетов;Очная форма;Специалитет
408;Обучается;4ТС-2;1;Факультет авиационной и морской техники (ФАМТ);Кафедра «Авиастроение» (АС);24.05.07;Самолето- и вертолетостроение;Технологическое проектирование высокоресурсных конструкций самолетов и вертолетов;Очная форма;Специалитет
409;Обучается;4ТС-2;1;Факультет авиационной и морской техники (ФАМТ);Кафедра «Авиастроение» (АС);24.05.07;Самолето- и вертолетостроение;Технологическое проектирование высокоресурсных конструкций самолетов и вертолетов;Очная форма;Специалитет
410;Обучается;4ТС-2;1;Факультет авиационной и морской техники (ФАМТ);Кафедра «Авиастроение» (АС);24.05.07;Самолето- и вертолетостроение;Технологическое проектирование высокоресурсных конструкций самолетов и вертолетов;Очная форма;Специалитет
411;Обучается;4ТС-2;1;Факультет авиационной и морской техники (ФАМТ);Кафедра «Авиастроение» (АС);24.05.07;Самолето- и вертолетостроение;Технологическое проектирование высокоресурсных конструкций самолетов и вертолетов;Очная форма;Специалитет
412;Обучается;4ТС-2;1;Факультет авиационной и морской техники (ФАМТ);Кафедра «Авиастроение» (АС);24.05.07;Самолето- и вертолетостроение;Технологическое проектирование высокоресурсных конструкций самолетов и вертолетов;Очная форма;Специалитет
413;Обучается;4ТС-3К;1;Факультет авиационной и морской техники (ФАМТ);Кафедра «Авиастроение» (АС);24.05.07;Самолето- и вертолетостроение;Технологическое проектирование высокоресурсных конструкций самолетов и вертолетов;Очная форма;Специалитет
414;Обучается;4ТС-3К;1;Факультет авиационной и морской техники (ФАМТ);Кафедра «Авиастроение» (АС);24.05.07;Самолето- и вертолетостроение;Технологическое проектирование высокоресурсных конструкций самолетов и вертолетов;Очная форма;Специалитет
415;Обучается;4ТС-3К;1;Факультет авиационной и морской техники (ФАМТ);Кафедра «Авиастроение» (АС);24.05.07;Самолето- и вертолетостроение;Технологическое проектирование высокоресурсных конструкций самолетов и вертолетов;Очная форма;Специалитет
416;Обучается;4ТС-3К;1;Факультет авиационной и морской техники (ФАМТ);Кафедра «Авиастроение» (АС);24.05.07;Самолето- и вертолетостроение;Технологическое проектирование высокоресурсных конструкций самолетов и вертолетов;Очная форма;Специалитет
417;Обучается;4ТС-3К;1;Факультет авиационной и морской техники (ФАМТ);Кафедра «Авиастроение» (АС);24.05.07;Самолето- и вертолетостроение;Технологическое проектирование высокоресурсных конструкций самолетов и вертолетов;Очная форма;Специалитет
418;Обучается;4ТС-3К;1;Факультет авиационной и морской техники (ФАМТ);Кафедра «Авиастроение» (АС);24.05.07;Самолето- и вертолетостроение;Технологическое проектирование высокоресурсных конструкций самолетов и вертолетов;Очная форма;Специалитет
419;Обучается;4ТС-3К;1;Факультет авиационной и морской техники (ФАМТ);Кафедра «Авиастроение» (АС);24.05.07;Самолето- и вертолетостроение;Технологическое проектирование высокоресурсных конструкций самолетов и вертолетов;Очная форма;Специалитет
420;Обучается;4ТС-3К;1;Факультет авиационной и морской техники (ФАМТ);Кафедра «Авиастроение» (АС);24.05.07;Самолето- и вертолетостроение;Технологическое проектирование высокоресурсных конструкций самолетов и вертолетов;Очная форма;Специалитет
421;Обучается;3ТС-2;2;Факультет авиационной и морской техники (ФАМТ);Кафедра «Авиастроение» (АС);24.05.07;Самолето- и вертолетостроение;Технологическое проектирование высокоресурсных конструкций самолетов и вертолетов;Очная форма;Специалитет
422;Обучается;3ТС-2;2;Факультет авиационной и морской техники (ФАМТ);Кафедра «Авиастроение» (АС);24.05.07;Самолето- и вертолетостроение;Технологическое проектирование высокоресурсных конструкций самолетов и вертолетов;Очная форма;Специалитет
423;Обучается;3ТС-2;2;Факультет авиационной и морской техники (ФАМТ);Кафедра «Авиастроение» (АС);24.05.07;Самолето- и вертолетостроение;Технологическое проектирование высокоресурсных конструкций самолетов и вертолетов;Очная форма;Специалитет
424;Обучается;3ТС-2;2;Факультет авиационной и морской техники (ФАМТ);Кафедра «Авиастроение» (АС);24.05.07;Самолето- и вертолетостроение;Технологическое проектирование высокоресурсных конструкций самолетов и вертолетов;Очная форма;Специалитет
425;Обучается;3ТС-2;2;Факультет авиационной и морской техники (ФАМТ);Кафедра «Авиастроение» (АС);24.05.07;Самолето- и вертолетостроение;Технологическое проектирование высокоресурсных конструкций самолетов и вертолетов;Очная форма;Специалитет
426;Обучается;3ТС-2;2;Факультет авиационной и морской техники (ФАМТ);Кафедра «Авиастроение» (АС);24.05.07;Самолето- и вертолетостроение;Технологическое проектирование высокоресурсных конструкций самолетов и вертолетов;Очная форма;Специалитет
427;Обучается;3ТС-2;2;Факультет авиационной и морской техники (ФАМТ);Кафедра «Авиастроение» (АС);24.05.07;Самолето- и вертолетостроение;Технологическое проектирование высокоресурсных конструкций самолетов и вертолетов;Очная форма;Специалитет
428;Обучается;3ТС-2;2;Факультет авиационной и морской техники (ФАМТ);Кафедра «Авиастроение» (АС);24.05.07;Самолето- и вертолетостроение;Технологическое проектирование высокоресурсных конструкций самолетов и вертолетов;Очная форма;Специалитет
429;Обучается;3ТС-2;2;Факультет авиационной и морской техники (ФАМТ);Кафедра «Авиастроение» (АС);24.05.07;Самолето- и вертолетостроение;Технологическое проектирование высокоресурсных конструкций самолетов и вертолетов;Очная форма;Специалитет
430;Обучается;3ТС-2;2;Факультет авиационной и морской техники (ФАМТ);Кафедра «Авиастроение» (АС);24.05.07;Самолето- и вертолетостроение;Технологическое проектирование высокоресурсных конструкций самолетов и вертолетов;Очная форма;Специалитет
431;Обучается;3ТС-2;2;Факультет авиационной и морской техники (ФАМТ);Кафедра «Авиастроение» (АС);24.05.07;Самолето- и вертолетостроение;Технологическое проектирование высокоресурсных конструкций самолетов и вертолетов;Очная форма;Специалитет
432;Обучается;3ТС-2;2;Факультет авиационной и морской техники (ФАМТ);Кафедра «Авиастроение» (АС);24.05.07;Самолето- и вертолетостроение;Технологическое проектирование высокоресурсных конструкций самолетов и вертолетов;Очная форма;Специалитет
433;Академический отпуск;3ТС-2;2;Факультет авиационной и морской техники (ФАМТ);Кафедра «Авиастроение» (АС);24.05.07;Самолето- и вертолетостроение;Технологическое проектирование высокоресурсных конструкций самолетов и вертолетов;Очная форма;Специалитет
434;Обучается;3ТС-2;2;Факультет авиационной и морской техники (ФАМТ);Кафедра «Авиастроение» (АС);24.05.07;Самолето- и вертолетостроение;Технологическое проектирование высокоресурсных конструкций самолетов и вертолетов;Очная форма;Специалитет
435;Обучается;3ТС-2;2;Факультет авиационной и морской техники (ФАМТ);Кафедра «Авиастроение» (АС);24.05.07;Самолето- и вертолетостроение;Технологическое проектирование высокоресурсных конструкций самолетов и вертолетов;Очная форма;Специалитет
436;Обучается;3ТС-2;2;Факультет авиационной и морской техники (ФАМТ);Кафедра «Авиастроение» (АС);24.05.07;Самолето- и вертолетостроение;Технологическое проектирование высокоресурсных конструкций самолетов и вертолетов;Очная форма;Специалитет
437;Обучается;3ТС-2;2;Факультет авиационной и морской техники (ФАМТ);Кафедра «Авиастроение» (АС);24.05.07;Самолето- и вертолетостроение;Технологическое проектирование высокоресурсных конструкций самолетов и вертолетов;Очная форма;Специалитет
438;Обучается;3ТС-2;2;Факультет авиационной и морской техники (ФАМТ);Кафедра «Авиастроение» (АС);24.05.07;Самолето- и вертолетостроение;Технологическое проектирование высокоресурсных конструкций самолетов и вертолетов;Очная форма;Специалитет
439;Обучается;3ТС-2;2;Факультет авиационной и морской техники (ФАМТ);Кафедра «Авиастроение» (АС);24.05.07;Самолето- и вертолетостроение;Технологическое проектирование высокоресурсных конструкций самолетов и вертолетов;Очная форма;Специалитет
440;Академический отпуск;3ТС-2;2;Факультет авиационной и морской техники (ФАМТ);Кафедра «Авиастроение» (АС);24.05.07;Самолето- и вертолетостроение;Технологическое проектирование высокоресурсных конструкций самолетов и вертолетов;Очная форма;Специалитет
441;Обучается;3ТС-2;2;Факультет авиационной и морской техники (ФАМТ);Кафедра «Авиастроение» (АС);24.05.07;Самолето- и вертолетостроение;Технологическое проектирование высокоресурсных конструкций самолетов и вертолетов;Очная форма;Специалитет
442;Обучается;3ТС-2;2;Факультет авиационной и морской техники (ФАМТ);Кафедра «Авиастроение» (АС);24.05.07;Самолето- и вертолетостроение;Технологическое проектирование высокоресурсных конструкций самолетов и вертолетов;Очная форма;Специалитет
443;Обучается;2ТС-1;3;Факультет авиационной и морской техники (ФАМТ);Кафедра «Авиастроение» (АС);24.05.07;Самолето- и вертолетостроение;Самолетостроение;Очная форма;Специалитет
444;Обучается;2ТС-1;3;Факультет авиационной и морской техники (ФАМТ);Кафедра «Авиастроение» (АС);24.05.07;Самолето- и вертолетостроение;Самолетостроение;Очная форма;Специалитет
445;Обучается;2ТС-1;3;Факультет авиационной и морской техники (ФАМТ);Кафедра «Авиастроение» (АС);24.05.07;Самолето- и вертолетостроение;Самолетостроение;Очная форма;Специалитет
446;Обучается;2ТС-1;3;Факультет авиационной и морской техники (ФАМТ);Кафедра «Авиастроение» (АС);24.05.07;Самолето- и вертолетостроение;Самолетостроение;Очная форма;Специалитет
447;Обучается;2ТС-1;3;Факультет авиационной и морской техники (ФАМТ);Кафедра «Авиастроение» (АС);24.05.07;Самолето- и вертолетостроение;Самолетостроение;Очная форма;Специалитет
448;Обучается;2ТС-1;3;Факультет авиационной и морской техники (ФАМТ);Кафедра «Авиастроение» (АС);24.05.07;Самолето- и вертолетостроение;Самолетостроение;Очная форма;Специалитет
449;Академический отпуск;2ТС-1;3;Факультет авиационной и морской техники (ФАМТ);Кафедра «Авиастроение» (АС);24.05.07;Самолето- и вертолетостроение;Самолетостроение;Очная форма;Специалитет
450;Обучается;2ТС-1;3;Факультет авиационной и морской техники (ФАМТ);Кафедра «Авиастроение» (АС);24.05.07;Самолето- и вертолетостроение;Самолетостроение;Очная форма;Специалитет
451;Обучается;2ТС-1;3;Факультет авиационной и морской техники (ФАМТ);Кафедра «Авиастроение» (АС);24.05.07;Самолето- и вертолетостроение;Самолетостроение;Очная форма;Специалитет
452;Обучается;2ТС-1;3;Факультет авиационной и морской техники (ФАМТ);Кафедра «Авиастроение» (АС);24.05.07;Самолето- и вертолетостроение;Самолетостроение;Очная форма;Специалитет
453;Обучается;2ТС-1;3;Факультет авиационной и морской техники (ФАМТ);Кафедра «Авиастроение» (АС);24.05.07;Самолето- и вертолетостроение;Самолетостроение;Очная форма;Специалитет
454;Обучается;2ТС-1;3;Факультет авиационной и морской техники (ФАМТ);Кафедра «Авиастроение» (АС);24.05.07;Самолето- и вертолетостроение;Самолетостроение;Очная форма;Специалитет
455;Обучается;2ТС-1;3;Факультет авиационной и морской техники (ФАМТ);Кафедра «Авиастроение» (АС);24.05.07;Самолето- и вертолетостроение;Самолетостроение;Очная форма;Специалитет
456;Обучается;2ТС-1;3;Факультет авиационной и морской техники (ФАМТ);Кафедра «Авиастроение» (АС);24.05.07;Самолето- и вертолетостроение;Самолетостроение;Очная форма;Специалитет
457;Обучается;2ТС-2П;3;Факультет авиационной и морской техники (ФАМТ);Кафедра «Авиастроение» (АС);24.05.07;Самолето- и вертолетостроение;Технологическое проектирование высокоресурсных конструкций самолетов и вертолетов;Очная форма;Специалитет
458;Обучается;2ТС-2П;3;Факультет авиационной и морской техники (ФАМТ);Кафедра «Авиастроение» (АС);24.05.07;Самолето- и вертолетостроение;Технологическое проектирование высокоресурсных конструкций самолетов и вертолетов;Очная форма;Специалитет
459;Академический отпуск;2ТС-2П;3;Факультет авиационной и морской техники (ФАМТ);Кафедра «Авиастроение» (АС);24.05.07;Самолето- и вертолетостроение;Технологическое проектирование высокоресурсных конструкций самолетов и вертолетов;Очная форма;Специалитет
460;Академический отпуск;2ТС-2П;3;Факультет авиационной и морской техники (ФАМТ);Кафедра «Авиастроение» (АС);24.05.07;Самолето- и вертолетостроение;Технологическое проектирование высокоресурсных конструкций самолетов и вертолетов;Очная форма;Специалитет
461;Обучается;2ТС-2П;3;Факультет авиационной и морской техники (ФАМТ);Кафедра «Авиастроение» (АС);24.05.07;Самолето- и вертолетостроение;Технологическое проектирование высокоресурсных конструкций самолетов и вертолетов;Очная форма;Специалитет
462;Обучается;2ТС-2П;3;Факультет авиационной и морской техники (ФАМТ);Кафедра «Авиастроение» (АС);24.05.07;Самолето- и вертолетостроение;Технологическое проектирование высокоресурсных конструкций самолетов и вертолетов;Очная форма;Специалитет
463;Академический отпуск;2ТС-2П;3;Факультет авиационной и морской техники (ФАМТ);Кафедра «Авиастроение» (АС);24.05.07;Самолето- и вертолетостроение;Технологическое проектирование высокоресурсных конструкций самолетов и вертолетов;Очная форма;Специалитет
464;Обучается;1ТС-1;4;Факультет авиационной и морской техники (ФАМТ);Кафедра «Авиастроение» (АС);24.05.07;Самолето- и вертолетостроение;Самолетостроение;Очная форма;Специалитет
465;Академический отпуск;1ТС-1;4;Факультет авиационной и морской техники (ФАМТ);Кафедра «Авиастроение» (АС);24.05.07;Самолето- и вертолетостроение;Самолетостроение;Очная форма;Специалитет
466;Академический отпуск;1ТС-1;4;Факультет авиационной и морской техники (ФАМТ);Кафедра «Авиастроение» (АС);24.05.07;Самолето- и вертолетостроение;Самолетостроение;Очная форма;Специалитет
467;Обучается;1ТС-1;4;Факультет авиационной и морской техники (ФАМТ);Кафедра «Авиастроение» (АС);24.05.07;Самолето- и вертолетостроение;Самолетостроение;Очная форма;Специалитет
468;Обучается;1ТС-1;4;Факультет авиационной и морской техники (ФАМТ);Кафедра «Авиастроение» (АС);24.05.07;Самолето- и вертолетостроение;Самолетостроение;Очная форма;Специалитет
469;Академический отпуск;1ТС-1;4;Факультет авиационной и морской техники (ФАМТ);Кафедра «Авиастроение» (АС);24.05.07;Самолето- и вертолетостроение;Самолетостроение;Очная форма;Специалитет
470;Обучается;1ТС-1;4;Факультет авиационной и морской техники (ФАМТ);Кафедра «Авиастроение» (АС);24.05.07;Самолето- и вертолетостроение;Самолетостроение;Очная форма;Специалитет
471;Обучается;1ТС-1;4;Факультет авиационной и морской техники (ФАМТ);Кафедра «Авиастроение» (АС);24.05.07;Самолето- и вертолетостроение;Самолетостроение;Очная форма;Специалитет
472;Обучается;1ТС-1;4;Факультет авиационной и морской техники (ФАМТ);Кафедра «Авиастроение» (АС);24.05.07;Самолето- и вертолетостроение;Самолетостроение;Очная форма;Специалитет
473;Академический отпуск;1ТС-1;4;Факультет авиационной и морской техники (ФАМТ);Кафедра «Авиастроение» (АС);24.05.07;Самолето- и вертолетостроение;Самолетостроение;Очная форма;Специалитет
474;Обучается;1ТС-1;4;Факультет авиационной и морской техники (ФАМТ);Кафедра «Авиастроение» (АС);24.05.07;Самолето- и вертолетостроение;Самолетостроение;Очная форма;Специалитет
475;Обучается;1ТС-1;4;Факультет авиационной и морской техники (ФАМТ);Кафедра «Авиастроение» (АС);24.05.07;Самолето- и вертолетостроение;Самолетостроение;Очная форма;Специалитет
476;Академический отпуск;1ТС-1;4;Факультет авиационной и морской техники (ФАМТ);Кафедра «Авиастроение» (АС);24.05.07;Самолето- и вертолетостроение;Самолетостроение;Очная форма;Специалитет
477;Академический отпуск;1ТС-1;4;Факультет авиационной и морской техники (ФАМТ);Кафедра «Авиастроение» (АС);24.05.07;Самолето- и вертолетостроение;Самолетостроение;Очная форма;Специалитет
478;Обучается;1ТС-1;4;Факультет авиационной и морской техники (ФАМТ);Кафедра «Авиастроение» (АС);24.05.07;Самолето- и вертолетостроение;Самолетостроение;Очная форма;Специалитет
479;Обучается;1ТС-2П;4;Факультет авиационной и морской техники (ФАМТ);Кафедра «Авиастроение» (АС);24.05.07;Самолето- и вертолетостроение;Технологическое проектирование высокоресурсных конструкций самолетов и вертолетов;Очная форма;Специалитет
480;Обучается;1ТС-2П;4;Факультет авиационной и морской техники (ФАМТ);Кафедра «Авиастроение» (АС);24.05.07;Самолето- и вертолетостроение;Технологическое проектирование высокоресурсных конструкций самолетов и вертолетов;Очная форма;Специалитет
481;Академический отпуск;1ТС-2П;4;Факультет авиационной и морской техники (ФАМТ);Кафедра «Авиастроение» (АС);24.05.07;Самолето- и вертолетостроение;Технологическое проектирование высокоресурсных конструкций самолетов и вертолетов;Очная форма;Специалитет
482;Академический отпуск;1ТС-2П;4;Факультет авиационной и морской техники (ФАМТ);Кафедра «Авиастроение» (АС);24.05.07;Самолето- и вертолетостроение;Технологическое проектирование высокоресурсных конструкций самолетов и вертолетов;Очная форма;Специалитет
483;Обучается;1ТС-2П;4;Факультет авиационной и морской техники (ФАМТ);Кафедра «Авиастроение» (АС);24.05.07;Самолето- и вертолетостроение;Технологическое проектирование высокоресурсных конструкций самолетов и вертолетов;Очная форма;Специалитет
484;Обучается;1ТС-2П;4;Факультет авиационной и морской техники (ФАМТ);Кафедра «Авиастроение» (АС);24.05.07;Самолето- и вертолетостроение;Технологическое проектирование высокоресурсных конструкций самолетов и вертолетов;Очная форма;Специалитет
485;Обучается;1ТС-2П;4;Факультет авиационной и морской техники (ФАМТ);Кафедра «Авиастроение» (АС);24.05.07;Самолето- и вертолетостроение;Технологическое проектирование высокоресурсных конструкций самолетов и вертолетов;Очная форма;Специалитет
486;Обучается;1ТС-2П;4;Факультет авиационной и морской техники (ФАМТ);Кафедра «Авиастроение» (АС);24.05.07;Самолето- и вертолетостроение;Технологическое проектирование высокоресурсных конструкций самолетов и вертолетов;Очная форма;Специалитет
487;Обучается;1ТС-2П;4;Факультет авиационной и морской техники (ФАМТ);Кафедра «Авиастроение» (АС);24.05.07;Самолето- и вертолетостроение;Технологическое проектирование высокоресурсных конструкций самолетов и вертолетов;Очная форма;Специалитет
488;Академический отпуск;1ТС-2П;4;Факультет авиационной и морской техники (ФАМТ);Кафедра «Авиастроение» (АС);24.05.07;Самолето- и вертолетостроение;Технологическое проектирование высокоресурсных конструкций самолетов и вертолетов;Очная форма;Специалитет
489;Обучается;1ТС-2П;4;Факультет авиационной и морской техники (ФАМТ);Кафедра «Авиастроение» (АС);24.05.07;Самолето- и вертолетостроение;Технологическое проектирование высокоресурсных конструкций самолетов и вертолетов;Очная форма;Специалитет
490;Обучается;1ТС-2П;4;Факультет авиационной и морской техники (ФАМТ);Кафедра «Авиастроение» (АС);24.05.07;Самолето- и вертолетостроение;Технологическое проектирование высокоресурсных конструкций самолетов и вертолетов;Очная форма;Специалитет
491;Обучается;0ТС-1;5;Факультет авиационной и морской техники (ФАМТ);Кафедра «Авиастроение» (АС);24.05.07;Самолето- и вертолетостроение;Технологическое проектирование высокоресурсных конструкций самолетов и вертолетов;Очная форма;Специалитет
492;Обучается;0ТС-1;5;Факультет авиационной и морской техники (ФАМТ);Кафедра «Авиастроение» (АС);24.05.07;Самолето- и вертолетостроение;Технологическое проектирование высокоресурсных конструкций самолетов и вертолетов;Очная форма;Специалитет
493;Обучается;0ТС-1;5;Факультет авиационной и морской техники (ФАМТ);Кафедра «Авиастроение» (АС);24.05.07;Самолето- и вертолетостроение;Технологическое проектирование высокоресурсных конструкций самолетов и вертолетов;Очная форма;Специалитет
494;Обучается;0ТС-1;5;Факультет авиационной и морской техники (ФАМТ);Кафедра «Авиастроение» (АС);24.05.07;Самолето- и вертолетостроение;Технологическое проектирование высокоресурсных конструкций самолетов и вертолетов;Очная форма;Специалитет
495;Обучается;0ТС-1;5;Факультет авиационной и морской техники (ФАМТ);Кафедра «Авиастроение» (АС);24.05.07;Самолето- и вертолетостроение;Технологическое проектирование высокоресурсных конструкций самолетов и вертолетов;Очная форма;Специалитет
496;Обучается;0ТС-1;5;Факультет авиационной и морской техники (ФАМТ);Кафедра «Авиастроение» (АС);24.05.07;Самолето- и вертолетостроение;Технологическое проектирование высокоресурсных конструкций самолетов и вертолетов;Очная форма;Специалитет
497;Обучается;0ТС-1;5;Факультет авиационной и морской техники (ФАМТ);Кафедра «Авиастроение» (АС);24.05.07;Самолето- и вертолетостроение;Технологическое проектирование высокоресурсных конструкций самолетов и вертолетов;Очная форма;Специалитет
498;Обучается;0ТС-1;5;Факультет авиационной и морской техники (ФАМТ);Кафедра «Авиастроение» (АС);24.05.07;Самолето- и вертолетостроение;Технологическое проектирование высокоресурсных конструкций самолетов и вертолетов;Очная форма;Специалитет
499;Академический отпуск;0ТС-1;5;Факультет авиационной и морской техники (ФАМТ);Кафедра «Авиастроение» (АС);24.05.07;Самолето- и вертолетостроение;Технологическое проектирование высокоресурсных конструкций самолетов и вертолетов;Очная форма;Специалитет
500;Обучается;0ТС-1;5;Факультет авиационной и морской техники (ФАМТ);Кафедра «Авиастроение» (АС);24.05.07;Самолето- и вертолетостроение;Технологическое проектирование высокоресурсных конструкций самолетов и вертолетов;Очная форма;Специалитет
501;Обучается;0ТС-1;5;Факультет авиационной и морской техники (ФАМТ);Кафедра «Авиастроение» (АС);24.05.07;Самолето- и вертолетостроение;Технологическое проектирование высокоресурсных конструкций самолетов и вертолетов;Очная форма;Специалитет
502;Обучается;0ТС-1;5;Факультет авиационной и морской техники (ФАМТ);Кафедра «Авиастроение» (АС);24.05.07;Самолето- и вертолетостроение;Технологическое проектирование высокоресурсных конструкций самолетов и вертолетов;Очная форма;Специалитет
503;Обучается;0ТС-1;5;Факультет авиационной и морской техники (ФАМТ);Кафедра «Авиастроение» (АС);24.05.07;Самолето- и вертолетостроение;Технологическое проектирование высокоресурсных конструкций самолетов и вертолетов;Очная форма;Специалитет
504;Обучается;0ТС-1;5;Факультет авиационной и морской техники (ФАМТ);Кафедра «Авиастроение» (АС);24.05.07;Самолето- и вертолетостроение;Технологическое проектирование высокоресурсных конструкций самолетов и вертолетов;Очная форма;Специалитет
505;Обучается;0ТС-1;5;Факультет авиационной и морской техники (ФАМТ);Кафедра «Авиастроение» (АС);24.05.07;Самолето- и вертолетостроение;Технологическое проектирование высокоресурсных конструкций самолетов и вертолетов;Очная форма;Специалитет
506;Академический отпуск;0ТС-1;5;Факультет авиационной и морской техники (ФАМТ);Кафедра «Авиастроение» (АС);24.05.07;Самолето- и вертолетостроение;Технологическое проектирование высокоресурсных конструкций самолетов и вертолетов;Очная форма;Специалитет
507;Обучается;0ТС-1;5;Факультет авиационной и морской техники (ФАМТ);Кафедра «Авиастроение» (АС);24.05.07;Самолето- и вертолетостроение;Технологическое проектирование высокоресурсных конструкций самолетов и вертолетов;Очная форма;Специалитет
508;Академический отпуск;0ТС-1;5;Факультет авиационной и морской техники (ФАМТ);Кафедра «Авиастроение» (АС);24.05.07;Самолето- и вертолетостроение;Технологическое проектирование высокоресурсных конструкций самолетов и вертолетов;Очная форма;Специалитет
509;Обучается;0ТС-1;5;Факультет авиационной и морской техники (ФАМТ);Кафедра «Авиастроение» (АС);24.05.07;Самолето- и вертолетостроение;Технологическое проектирование высокоресурсных конструкций самолетов и вертолетов;Очная форма;Специалитет
510;Обучается;0ТС-1;5;Факультет авиационной и морской техники (ФАМТ);Кафедра «Авиастроение» (АС);24.05.07;Самолето- и вертолетостроение;Технологическое проектирование высокоресурсных конструкций самолетов и вертолетов;Очная форма;Специалитет
511;Обучается;2ОПб-1П;3;Факультет авиационной и морской техники (ФАМТ);Кафедра «Кораблестроение и компьютерный инжиниринг» (ККИ);23.03.01;Технология транспортных процессов;Организация перевозок и управление в единой транспортной системе;Очная форма;Бакалавриат
512;Обучается;2ОПб-1П;3;Факультет авиационной и морской техники (ФАМТ);Кафедра «Кораблестроение и компьютерный инжиниринг» (ККИ);23.03.01;Технология транспортных процессов;Организация перевозок и управление в единой транспортной системе;Очная форма;Бакалавриат
513;Обучается;2ОПб-1П;3;Факультет авиационной и морской техники (ФАМТ);Кафедра «Кораблестроение и компьютерный инжиниринг» (ККИ);23.03.01;Технология транспортных процессов;Организация перевозок и управление в единой транспортной системе;Очная форма;Бакалавриат
514;Обучается;2ОПб-1П;3;Факультет авиационной и морской техники (ФАМТ);Кафедра «Кораблестроение и компьютерный инжиниринг» (ККИ);23.03.01;Технология транспортных процессов;Организация перевозок и управление в единой транспортной системе;Очная форма;Бакалавриат
515;Обучается;2ОПб-1П;3;Факультет авиационной и морской техники (ФАМТ);Кафедра «Кораблестроение и компьютерный инжиниринг» (ККИ);23.03.01;Технология транспортных процессов;Организация перевозок и управление в единой транспортной системе;Очная форма;Бакалавриат
516;Обучается;2ОПб-1П;3;Факультет авиационной и морской техники (ФАМТ);Кафедра «Кораблестроение и компьютерный инжиниринг» (ККИ);23.03.01;Технология транспортных процессов;Организация перевозок и управление в единой транспортной системе;Очная форма;Бакалавриат
517;Обучается;2ОПб-1П;3;Факультет авиационной и морской техники (ФАМТ);Кафедра «Кораблестроение и компьютерный инжиниринг» (ККИ);23.03.01;Технология транспортных процессов;Организация перевозок и управление в единой транспортной системе;Очная форма;Бакалавриат
518;Обучается;2ОПб-1П;3;Факультет авиационной и морской техники (ФАМТ);Кафедра «Кораблестроение и компьютерный инжиниринг» (ККИ);23.03.01;Технология транспортных процессов;Организация перевозок и управление в единой транспортной системе;Очная форма;Бакалавриат
519;Обучается;2ОПб-1П;3;Факультет авиационной и морской техники (ФАМТ);Кафедра «Кораблестроение и компьютерный инжиниринг» (ККИ);23.03.01;Технология транспортных процессов;Организация перевозок и управление в единой транспортной системе;Очная форма;Бакалавриат
520;Обучается;2ОПб-1П;3;Факультет авиационной и морской техники (ФАМТ);Кафедра «Кораблестроение и компьютерный инжиниринг» (ККИ);23.03.01;Технология транспортных процессов;Организация перевозок и управление в единой транспортной системе;Очная форма;Бакалавриат
521;Обучается;2ОПб-1П;3;Факультет авиационной и морской техники (ФАМТ);Кафедра «Кораблестроение и компьютерный инжиниринг» (ККИ);23.03.01;Технология транспортных процессов;Организация перевозок и управление в единой транспортной системе;Очная форма;Бакалавриат
522;Обучается;2ОПб-1П;3;Факультет авиационной и морской техники (ФАМТ);Кафедра «Кораблестроение и компьютерный инжиниринг» (ККИ);23.03.01;Технология транспортных процессов;Организация перевозок и управление в единой транспортной системе;Очная форма;Бакалавриат
523;Академический отпуск;2ОПб-1П;3;Факультет авиационной и морской техники (ФАМТ);Кафедра «Кораблестроение и компьютерный инжиниринг» (ККИ);23.03.01;Технология транспортных процессов;Организация перевозок и управление в единой транспортной системе;Очная форма;Бакалавриат
524;Обучается;2ОПб-1П;3;Факультет авиационной и морской техники (ФАМТ);Кафедра «Кораблестроение и компьютерный инжиниринг» (ККИ);23.03.01;Технология транспортных процессов;Организация перевозок и управление в единой транспортной системе;Очная форма;Бакалавриат
525;Обучается;2ОПб-1П;3;Факультет авиационной и морской техники (ФАМТ);Кафедра «Кораблестроение и компьютерный инжиниринг» (ККИ);23.03.01;Технология транспортных процессов;Организация перевозок и управление в единой транспортной системе;Очная форма;Бакалавриат
526;Обучается;4КСб-1;1;Факультет авиационной и морской техники (ФАМТ);Кафедра «Кораблестроение и компьютерный инжиниринг» (ККИ);26.03.02;Кораблестроение, океанотехника и системотехника объектов морской инфраструктуры;Кораблестроение;Очная форма;Бакалавриат
527;Обучается;4КСб-1;1;Факультет авиационной и морской техники (ФАМТ);Кафедра «Кораблестроение и компьютерный инжиниринг» (ККИ);26.03.02;Кораблестроение, океанотехника и системотехника объектов морской инфраструктуры;Кораблестроение;Очная форма;Бакалавриат
528;Академический отпуск;4КСб-1;1;Факультет авиационной и морской техники (ФАМТ);Кафедра «Кораблестроение и компьютерный инжиниринг» (ККИ);26.03.02;Кораблестроение, океанотехника и системотехника объектов морской инфраструктуры;Кораблестроение;Очная форма;Бакалавриат
529;Обучается;4КСб-1;1;Факультет авиационной и морской техники (ФАМТ);Кафедра «Кораблестроение и компьютерный инжиниринг» (ККИ);26.03.02;Кораблестроение, океанотехника и системотехника объектов морской инфраструктуры;Кораблестроение;Очная форма;Бакалавриат
530;Обучается;4КСб-1;1;Факультет авиационной и морской техники (ФАМТ);Кафедра «Кораблестроение и компьютерный инжиниринг» (ККИ);26.03.02;Кораблестроение, океанотехника и системотехника объектов морской инфраструктуры;Кораблестроение;Очная форма;Бакалавриат
531;Обучается;4КСб-1;1;Факультет авиационной и морской техники (ФАМТ);Кафедра «Кораблестроение и компьютерный инжиниринг» (ККИ);26.03.02;Кораблестроение, океанотехника и системотехника объектов морской инфраструктуры;Кораблестроение;Очная форма;Бакалавриат
532;Обучается;4КСб-1;1;Факультет авиационной и морской техники (ФАМТ);Кафедра «Кораблестроение и компьютерный инжиниринг» (ККИ);26.03.02;Кораблестроение, океанотехника и системотехника объектов морской инфраструктуры;Кораблестроение;Очная форма;Бакалавриат
533;Обучается;4КСб-1;1;Факультет авиационной и морской техники (ФАМТ);Кафедра «Кораблестроение и компьютерный инжиниринг» (ККИ);26.03.02;Кораблестроение, океанотехника и системотехника объектов морской инфраструктуры;Кораблестроение;Очная форма;Бакалавриат
534;Обучается;4КСб-1;1;Факультет авиационной и морской техники (ФАМТ);Кафедра «Кораблестроение и компьютерный инжиниринг» (ККИ);26.03.02;Кораблестроение, океанотехника и системотехника объектов морской инфраструктуры;Кораблестроение;Очная форма;Бакалавриат
535;Обучается;4КСб-1;1;Факультет авиационной и морской техники (ФАМТ);Кафедра «Кораблестроение и компьютерный инжиниринг» (ККИ);26.03.02;Кораблестроение, океанотехника и системотехника объектов морской инфраструктуры;Кораблестроение;Очная форма;Бакалавриат
536;Обучается;4КСб-1;1;Факультет авиационной и морской техники (ФАМТ);Кафедра «Кораблестроение и компьютерный инжиниринг» (ККИ);26.03.02;Кораблестроение, океанотехника и системотехника объектов морской инфраструктуры;Кораблестроение;Очная форма;Бакалавриат
537;Обучается;4КСб-1;1;Факультет авиационной и морской техники (ФАМТ);Кафедра «Кораблестроение и компьютерный инжиниринг» (ККИ);26.03.02;Кораблестроение, океанотехника и системотехника объектов морской инфраструктуры;Кораблестроение;Очная форма;Бакалавриат
538;Обучается;4КСб-1;1;Факультет авиационной и морской техники (ФАМТ);Кафедра «Кораблестроение и компьютерный инжиниринг» (ККИ);26.03.02;Кораблестроение, океанотехника и системотехника объектов морской инфраструктуры;Кораблестроение;Очная форма;Бакалавриат
539;Обучается;4КСб-1;1;Факультет авиационной и морской техники (ФАМТ);Кафедра «Кораблестроение и компьютерный инжиниринг» (ККИ);26.03.02;Кораблестроение, океанотехника и системотехника объектов морской инфраструктуры;Кораблестроение;Очная форма;Бакалавриат
540;Обучается;4КСб-2П;1;Факультет авиационной и морской техники (ФАМТ);Кафедра «Кораблестроение и компьютерный инжиниринг» (ККИ);26.03.02;Кораблестроение, океанотехника и системотехника объектов морской инфраструктуры;Кораблестроение;Очная форма;Бакалавриат
541;Обучается;4КСб-2П;1;Факультет авиационной и морской техники (ФАМТ);Кафедра «Кораблестроение и компьютерный инжиниринг» (ККИ);26.03.02;Кораблестроение, океанотехника и системотехника объектов морской инфраструктуры;Кораблестроение;Очная форма;Бакалавриат
542;Обучается;4КСб-2П;1;Факультет авиационной и морской техники (ФАМТ);Кафедра «Кораблестроение и компьютерный инжиниринг» (ККИ);26.03.02;Кораблестроение, океанотехника и системотехника объектов морской инфраструктуры;Кораблестроение;Очная форма;Бакалавриат
543;Обучается;4КСб-2П;1;Факультет авиационной и морской техники (ФАМТ);Кафедра «Кораблестроение и компьютерный инжиниринг» (ККИ);26.03.02;Кораблестроение, океанотехника и системотехника объектов морской инфраструктуры;Кораблестроение;Очная форма;Бакалавриат
544;Обучается;4КСб-2П;1;Факультет авиационной и морской техники (ФАМТ);Кафедра «Кораблестроение и компьютерный инжиниринг» (ККИ);26.03.02;Кораблестроение, океанотехника и системотехника объектов морской инфраструктуры;Кораблестроение;Очная форма;Бакалавриат
545;Обучается;4КСб-2П;1;Факультет авиационной и морской техники (ФАМТ);Кафедра «Кораблестроение и компьютерный инжиниринг» (ККИ);26.03.02;Кораблестроение, океанотехника и системотехника объектов морской инфраструктуры;Кораблестроение;Очная форма;Бакалавриат
546;Обучается;4КСб-2П;1;Факультет авиационной и морской техники (ФАМТ);Кафедра «Кораблестроение и компьютерный инжиниринг» (ККИ);26.03.02;Кораблестроение, океанотехника и системотехника объектов морской инфраструктуры;Кораблестроение;Очная форма;Бакалавриат
547;Обучается;4КСб-2П;1;Факультет авиационной и морской техники (ФАМТ);Кафедра «Кораблестроение и компьютерный инжиниринг» (ККИ);26.03.02;Кораблестроение, океанотехника и системотехника объектов морской инфраструктуры;Кораблестроение;Очная форма;Бакалавриат
548;Обучается;4КСб-2П;1;Факультет авиационной и морской техники (ФАМТ);Кафедра «Кораблестроение и компьютерный инжиниринг» (ККИ);26.03.02;Кораблестроение, океанотехника и системотехника объектов морской инфраструктуры;Кораблестроение;Очная форма;Бакалавриат
549;Обучается;4КСб-2П;1;Факультет авиационной и морской техники (ФАМТ);Кафедра «Кораблестроение и компьютерный инжиниринг» (ККИ);26.03.02;Кораблестроение, океанотехника и системотехника объектов морской инфраструктуры;Кораблестроение;Очная форма;Бакалавриат
550;Обучается;4КСб-2П;1;Факультет авиационной и морской техники (ФАМТ);Кафедра «Кораблестроение и компьютерный инжиниринг» (ККИ);26.03.02;Кораблестроение, океанотехника и системотехника объектов морской инфраструктуры;Кораблестроение;Очная форма;Бакалавриат
551;Академический отпуск;4КСб-2П;1;Факультет авиационной и морской техники (ФАМТ);Кафедра «Кораблестроение и компьютерный инжиниринг» (ККИ);26.03.02;Кораблестроение, океанотехника и системотехника объектов морской инфраструктуры;Кораблестроение;Очная форма;Бакалавриат
552;Обучается;4КСб-2П;1;Факультет авиационной и морской техники (ФАМТ);Кафедра «Кораблестроение и компьютерный инжиниринг» (ККИ);26.03.02;Кораблестроение, океанотехника и системотехника объектов морской инфраструктуры;Кораблестроение;Очная форма;Бакалавриат
553;Обучается;4КСб-2П;1;Факультет авиационной и морской техники (ФАМТ);Кафедра «Кораблестроение и компьютерный инжиниринг» (ККИ);26.03.02;Кораблестроение, океанотехника и системотехника объектов морской инфраструктуры;Кораблестроение;Очная форма;Бакалавриат
554;Обучается;4КСб-2П;1;Факультет авиационной и морской техники (ФАМТ);Кафедра «Кораблестроение и компьютерный инжиниринг» (ККИ);26.03.02;Кораблестроение, океанотехника и системотехника объектов морской инфраструктуры;Кораблестроение;Очная форма;Бакалавриат
555;Академический отпуск;4КСб-2П;1;Факультет авиационной и морской техники (ФАМТ);Кафедра «Кораблестроение и компьютерный инжиниринг» (ККИ);26.03.02;Кораблестроение, океанотехника и системотехника объектов морской инфраструктуры;Кораблестроение;Очная форма;Бакалавриат
556;Академический отпуск;4КСб-2П;1;Факультет авиационной и морской техники (ФАМТ);Кафедра «Кораблестроение и компьютерный инжиниринг» (ККИ);26.03.02;Кораблестроение, океанотехника и системотехника объектов морской инфраструктуры;Кораблестроение;Очная форма;Бакалавриат
557;Обучается;4КСб-2П;1;Факультет авиационной и морской техники (ФАМТ);Кафедра «Кораблестроение и компьютерный инжиниринг» (ККИ);26.03.02;Кораблестроение, океанотехника и системотехника объектов морской инфраструктуры;Кораблестроение;Очная форма;Бакалавриат
558;Обучается;4КСб-2П;1;Факультет авиационной и морской техники (ФАМТ);Кафедра «Кораблестроение и компьютерный инжиниринг» (ККИ);26.03.02;Кораблестроение, океанотехника и системотехника объектов морской инфраструктуры;Кораблестроение;Очная форма;Бакалавриат
559;Академический отпуск;3КСб-1;2;Факультет авиационной и морской техники (ФАМТ);Кафедра «Кораблестроение и компьютерный инжиниринг» (ККИ);26.03.02;Кораблестроение, океанотехника и системотехника объектов морской инфраструктуры;Кораблестроение;Очная форма;Бакалавриат
560;Обучается;3КСб-1;2;Факультет авиационной и морской техники (ФАМТ);Кафедра «Кораблестроение и компьютерный инжиниринг» (ККИ);26.03.02;Кораблестроение, океанотехника и системотехника объектов морской инфраструктуры;Кораблестроение;Очная форма;Бакалавриат
561;Обучается;3КСб-1;2;Факультет авиационной и морской техники (ФАМТ);Кафедра «Кораблестроение и компьютерный инжиниринг» (ККИ);26.03.02;Кораблестроение, океанотехника и системотехника объектов морской инфраструктуры;Кораблестроение;Очная форма;Бакалавриат
562;Академический отпуск;3КСб-1;2;Факультет авиационной и морской техники (ФАМТ);Кафедра «Кораблестроение и компьютерный инжиниринг» (ККИ);26.03.02;Кораблестроение, океанотехника и системотехника объектов морской инфраструктуры;Кораблестроение;Очная форма;Бакалавриат
563;Обучается;3КСб-1;2;Факультет авиационной и морской техники (ФАМТ);Кафедра «Кораблестроение и компьютерный инжиниринг» (ККИ);26.03.02;Кораблестроение, океанотехника и системотехника объектов морской инфраструктуры;Кораблестроение;Очная форма;Бакалавриат
564;Академический отпуск;3КСб-1;2;Факультет авиационной и морской техники (ФАМТ);Кафедра «Кораблестроение и компьютерный инжиниринг» (ККИ);26.03.02;Кораблестроение, океанотехника и системотехника объектов морской инфраструктуры;Кораблестроение;Очная форма;Бакалавриат
565;Обучается;3КСб-1;2;Факультет авиационной и морской техники (ФАМТ);Кафедра «Кораблестроение и компьютерный инжиниринг» (ККИ);26.03.02;Кораблестроение, океанотехника и системотехника объектов морской инфраструктуры;Кораблестроение;Очная форма;Бакалавриат
566;Академический отпуск;3КСб-1;2;Факультет авиационной и морской техники (ФАМТ);Кафедра «Кораблестроение и компьютерный инжиниринг» (ККИ);26.03.02;Кораблестроение, океанотехника и системотехника объектов морской инфраструктуры;Кораблестроение;Очная форма;Бакалавриат
567;Обучается;3КСб-1;2;Факультет авиационной и морской техники (ФАМТ);Кафедра «Кораблестроение и компьютерный инжиниринг» (ККИ);26.03.02;Кораблестроение, океанотехника и системотехника объектов морской инфраструктуры;Кораблестроение;Очная форма;Бакалавриат
568;Академический отпуск;3КСб-1;2;Факультет авиационной и морской техники (ФАМТ);Кафедра «Кораблестроение и компьютерный инжиниринг» (ККИ);26.03.02;Кораблестроение, океанотехника и системотехника объектов морской инфраструктуры;Кораблестроение;Очная форма;Бакалавриат
569;Обучается;3КСб-1;2;Факультет авиационной и морской техники (ФАМТ);Кафедра «Кораблестроение и компьютерный инжиниринг» (ККИ);26.03.02;Кораблестроение, океанотехника и системотехника объектов морской инфраструктуры;Кораблестроение;Очная форма;Бакалавриат
570;Академический отпуск;3КСб-1;2;Факультет авиационной и морской техники (ФАМТ);Кафедра «Кораблестроение и компьютерный инжиниринг» (ККИ);26.03.02;Кораблестроение, океанотехника и системотехника объектов морской инфраструктуры;Кораблестроение;Очная форма;Бакалавриат
571;Академический отпуск;2КСб-1П;3;Факультет авиационной и морской техники (ФАМТ);Кафедра «Кораблестроение и компьютерный инжиниринг» (ККИ);26.03.02;Кораблестроение, океанотехника и системотехника объектов морской инфраструктуры;Кораблестроение;Очная форма;Бакалавриат
572;Академический отпуск;2КСб-1П;3;Факультет авиационной и морской техники (ФАМТ);Кафедра «Кораблестроение и компьютерный инжиниринг» (ККИ);26.03.02;Кораблестроение, океанотехника и системотехника объектов морской инфраструктуры;Кораблестроение;Очная форма;Бакалавриат
573;Обучается;2КСб-1П;3;Факультет авиационной и морской техники (ФАМТ);Кафедра «Кораблестроение и компьютерный инжиниринг» (ККИ);26.03.02;Кораблестроение, океанотехника и системотехника объектов морской инфраструктуры;Кораблестроение;Очная форма;Бакалавриат
574;Академический отпуск;2КСб-1П;3;Факультет авиационной и морской техники (ФАМТ);Кафедра «Кораблестроение и компьютерный инжиниринг» (ККИ);26.03.02;Кораблестроение, океанотехника и системотехника объектов морской инфраструктуры;Кораблестроение;Очная форма;Бакалавриат
575;Академический отпуск;2КСб-1П;3;Факультет авиационной и морской техники (ФАМТ);Кафедра «Кораблестроение и компьютерный инжиниринг» (ККИ);26.03.02;Кораблестроение, океанотехника и системотехника объектов морской инфраструктуры;Кораблестроение;Очная форма;Бакалавриат
576;Обучается;2КСб-1П;3;Факультет авиационной и морской техники (ФАМТ);Кафедра «Кораблестроение и компьютерный инжиниринг» (ККИ);26.03.02;Кораблестроение, океанотехника и системотехника объектов морской инфраструктуры;Кораблестроение;Очная форма;Бакалавриат
577;Обучается;2КСб-1П;3;Факультет авиационной и морской техники (ФАМТ);Кафедра «Кораблестроение и компьютерный инжиниринг» (ККИ);26.03.02;Кораблестроение, океанотехника и системотехника объектов морской инфраструктуры;Кораблестроение;Очная форма;Бакалавриат
578;Академический отпуск;2КСб-1П;3;Факультет авиационной и морской техники (ФАМТ);Кафедра «Кораблестроение и компьютерный инжиниринг» (ККИ);26.03.02;Кораблестроение, океанотехника и системотехника объектов морской инфраструктуры;Кораблестроение;Очная форма;Бакалавриат
579;Обучается;2КСб-1П;3;Факультет авиационной и морской техники (ФАМТ);Кафедра «Кораблестроение и компьютерный инжиниринг» (ККИ);26.03.02;Кораблестроение, океанотехника и системотехника объектов морской инфраструктуры;Кораблестроение;Очная форма;Бакалавриат
580;Академический отпуск;2КСб-1П;3;Факультет авиационной и морской техники (ФАМТ);Кафедра «Кораблестроение и компьютерный инжиниринг» (ККИ);26.03.02;Кораблестроение, океанотехника и системотехника объектов морской инфраструктуры;Кораблестроение;Очная форма;Бакалавриат
581;Обучается;2КСб-2С;3;Факультет авиационной и морской техники (ФАМТ);Кафедра «Кораблестроение и компьютерный инжиниринг» (ККИ);26.03.02;Кораблестроение, океанотехника и системотехника объектов морской инфраструктуры;Кораблестроение;Очная форма;Бакалавриат
582;Обучается;2КСб-2С;3;Факультет авиационной и морской техники (ФАМТ);Кафедра «Кораблестроение и компьютерный инжиниринг» (ККИ);26.03.02;Кораблестроение, океанотехника и системотехника объектов морской инфраструктуры;Кораблестроение;Очная форма;Бакалавриат
583;Обучается;2КСб-2С;3;Факультет авиационной и морской техники (ФАМТ);Кафедра «Кораблестроение и компьютерный инжиниринг» (ККИ);26.03.02;Кораблестроение, океанотехника и системотехника объектов морской инфраструктуры;Кораблестроение;Очная форма;Бакалавриат
584;Обучается;2КСб-2С;3;Факультет авиационной и морской техники (ФАМТ);Кафедра «Кораблестроение и компьютерный инжиниринг» (ККИ);26.03.02;Кораблестроение, океанотехника и системотехника объектов морской инфраструктуры;Кораблестроение;Очная форма;Бакалавриат
585;Обучается;2КСб-2С;3;Факультет авиационной и морской техники (ФАМТ);Кафедра «Кораблестроение и компьютерный инжиниринг» (ККИ);26.03.02;Кораблестроение, океанотехника и системотехника объектов морской инфраструктуры;Кораблестроение;Очная форма;Бакалавриат
586;Обучается;2КСб-2С;3;Факультет авиационной и морской техники (ФАМТ);Кафедра «Кораблестроение и компьютерный инжиниринг» (ККИ);26.03.02;Кораблестроение, океанотехника и системотехника объектов морской инфраструктуры;Кораблестроение;Очная форма;Бакалавриат
587;Обучается;2КСб-2С;3;Факультет авиационной и морской техники (ФАМТ);Кафедра «Кораблестроение и компьютерный инжиниринг» (ККИ);26.03.02;Кораблестроение, океанотехника и системотехника объектов морской инфраструктуры;Кораблестроение;Очная форма;Бакалавриат
588;Обучается;2КСб-2С;3;Факультет авиационной и морской техники (ФАМТ);Кафедра «Кораблестроение и компьютерный инжиниринг» (ККИ);26.03.02;Кораблестроение, океанотехника и системотехника объектов морской инфраструктуры;Кораблестроение;Очная форма;Бакалавриат
589;Обучается;2КСб-2С;3;Факультет авиационной и морской техники (ФАМТ);Кафедра «Кораблестроение и компьютерный инжиниринг» (ККИ);26.03.02;Кораблестроение, океанотехника и системотехника объектов морской инфраструктуры;Кораблестроение;Очная форма;Бакалавриат
590;Обучается;2КСб-2С;3;Факультет авиационной и морской техники (ФАМТ);Кафедра «Кораблестроение и компьютерный инжиниринг» (ККИ);26.03.02;Кораблестроение, океанотехника и системотехника объектов морской инфраструктуры;Кораблестроение;Очная форма;Бакалавриат
591;Обучается;2КСб-2С;3;Факультет авиационной и морской техники (ФАМТ);Кафедра «Кораблестроение и компьютерный инжиниринг» (ККИ);26.03.02;Кораблестроение, океанотехника и системотехника объектов морской инфраструктуры;Кораблестроение;Очная форма;Бакалавриат
592;Обучается;2КСб-2С;3;Факультет авиационной и морской техники (ФАМТ);Кафедра «Кораблестроение и компьютерный инжиниринг» (ККИ);26.03.02;Кораблестроение, океанотехника и системотехника объектов морской инфраструктуры;Кораблестроение;Очная форма;Бакалавриат
593;Обучается;2КСб-2С;3;Факультет авиационной и морской техники (ФАМТ);Кафедра «Кораблестроение и компьютерный инжиниринг» (ККИ);26.03.02;Кораблестроение, океанотехника и системотехника объектов морской инфраструктуры;Кораблестроение;Очная форма;Бакалавриат
594;Обучается;2КСб-2С;3;Факультет авиационной и морской техники (ФАМТ);Кафедра «Кораблестроение и компьютерный инжиниринг» (ККИ);26.03.02;Кораблестроение, океанотехника и системотехника объектов морской инфраструктуры;Кораблестроение;Очная форма;Бакалавриат
595;Обучается;2КСб-2С;3;Факультет авиационной и морской техники (ФАМТ);Кафедра «Кораблестроение и компьютерный инжиниринг» (ККИ);26.03.02;Кораблестроение, океанотехника и системотехника объектов морской инфраструктуры;Кораблестроение;Очная форма;Бакалавриат
596;Обучается;2КСб-2С;3;Факультет авиационной и морской техники (ФАМТ);Кафедра «Кораблестроение и компьютерный инжиниринг» (ККИ);26.03.02;Кораблестроение, океанотехника и системотехника объектов морской инфраструктуры;Кораблестроение;Очная форма;Бакалавриат
597;Обучается;2КСб-2С;3;Факультет авиационной и морской техники (ФАМТ);Кафедра «Кораблестроение и компьютерный инжиниринг» (ККИ);26.03.02;Кораблестроение, океанотехника и системотехника объектов морской инфраструктуры;Кораблестроение;Очная форма;Бакалавриат
598;Обучается;2КСб-2С;3;Факультет авиационной и морской техники (ФАМТ);Кафедра «Кораблестроение и компьютерный инжиниринг» (ККИ);26.03.02;Кораблестроение, океанотехника и системотехника объектов морской инфраструктуры;Кораблестроение;Очная форма;Бакалавриат
599;Обучается;1КСб-1П;4;Факультет авиационной и морской техники (ФАМТ);Кафедра «Кораблестроение и компьютерный инжиниринг» (ККИ);26.03.02;Кораблестроение, океанотехника и системотехника объектов морской инфраструктуры;Кораблестроение;Очная форма;Бакалавриат
600;Академический отпуск;1КСб-1П;4;Факультет авиационной и морской техники (ФАМТ);Кафедра «Кораблестроение и компьютерный инжиниринг» (ККИ);26.03.02;Кораблестроение, океанотехника и системотехника объектов морской инфраструктуры;Кораблестроение;Очная форма;Бакалавриат
601;Академический отпуск;1КСб-1П;4;Факультет авиационной и морской техники (ФАМТ);Кафедра «Кораблестроение и компьютерный инжиниринг» (ККИ);26.03.02;Кораблестроение, океанотехника и системотехника объектов морской инфраструктуры;Кораблестроение;Очная форма;Бакалавриат
602;Академический отпуск;1КСб-1П;4;Факультет авиационной и морской техники (ФАМТ);Кафедра «Кораблестроение и компьютерный инжиниринг» (ККИ);26.03.02;Кораблестроение, океанотехника и системотехника объектов морской инфраструктуры;Кораблестроение;Очная форма;Бакалавриат
603;Академический отпуск;1КСб-1П;4;Факультет авиационной и морской техники (ФАМТ);Кафедра «Кораблестроение и компьютерный инжиниринг» (ККИ);26.03.02;Кораблестроение, океанотехника и системотехника объектов морской инфраструктуры;Кораблестроение;Очная форма;Бакалавриат
604;Академический отпуск;1КСб-1П;4;Факультет авиационной и морской техники (ФАМТ);Кафедра «Кораблестроение и компьютерный инжиниринг» (ККИ);26.03.02;Кораблестроение, океанотехника и системотехника объектов морской инфраструктуры;Кораблестроение;Очная форма;Бакалавриат
605;Академический отпуск;1КСб-1П;4;Факультет авиационной и морской техники (ФАМТ);Кафедра «Кораблестроение и компьютерный инжиниринг» (ККИ);26.03.02;Кораблестроение, океанотехника и системотехника объектов морской инфраструктуры;Кораблестроение;Очная форма;Бакалавриат
606;Академический отпуск;1КСб-1П;4;Факультет авиационной и морской техники (ФАМТ);Кафедра «Кораблестроение и компьютерный инжиниринг» (ККИ);26.03.02;Кораблестроение, океанотехника и системотехника объектов морской инфраструктуры;Кораблестроение;Очная форма;Бакалавриат
607;Академический отпуск;1КСб-1П;4;Факультет авиационной и морской техники (ФАМТ);Кафедра «Кораблестроение и компьютерный инжиниринг» (ККИ);26.03.02;Кораблестроение, океанотехника и системотехника объектов морской инфраструктуры;Кораблестроение;Очная форма;Бакалавриат
608;Обучается;1КСб-1П;4;Факультет авиационной и морской техники (ФАМТ);Кафедра «Кораблестроение и компьютерный инжиниринг» (ККИ);26.03.02;Кораблестроение, океанотехника и системотехника объектов морской инфраструктуры;Кораблестроение;Очная форма;Бакалавриат
609;Академический отпуск;1КСб-1П;4;Факультет авиационной и морской техники (ФАМТ);Кафедра «Кораблестроение и компьютерный инжиниринг» (ККИ);26.03.02;Кораблестроение, океанотехника и системотехника объектов морской инфраструктуры;Кораблестроение;Очная форма;Бакалавриат
610;Обучается;1КСб-1П;4;Факультет авиационной и морской техники (ФАМТ);Кафедра «Кораблестроение и компьютерный инжиниринг» (ККИ);26.03.02;Кораблестроение, океанотехника и системотехника объектов морской инфраструктуры;Кораблестроение;Очная форма;Бакалавриат
611;Обучается;1КСб-1П;4;Факультет авиационной и морской техники (ФАМТ);Кафедра «Кораблестроение и компьютерный инжиниринг» (ККИ);26.03.02;Кораблестроение, океанотехника и системотехника объектов морской инфраструктуры;Кораблестроение;Очная форма;Бакалавриат
612;Обучается;1КСб-1П;4;Факультет авиационной и морской техники (ФАМТ);Кафедра «Кораблестроение и компьютерный инжиниринг» (ККИ);26.03.02;Кораблестроение, океанотехника и системотехника объектов морской инфраструктуры;Кораблестроение;Очная форма;Бакалавриат
613;Обучается;4КСм-1;1;Факультет авиационной и морской техники (ФАМТ);Кафедра «Кораблестроение и компьютерный инжиниринг» (ККИ);26.04.02;Кораблестроение, океанотехника и системотехника объектов морской инфраструктуры;Проектирование судовых корпусных конструкций, систем и устройств;Очная форма;Магистратура
614;Обучается;4КСм-1;1;Факультет авиационной и морской техники (ФАМТ);Кафедра «Кораблестроение и компьютерный инжиниринг» (ККИ);26.04.02;Кораблестроение, океанотехника и системотехника объектов морской инфраструктуры;Проектирование судовых корпусных конструкций, систем и устройств;Очная форма;Магистратура
615;Обучается;4КСм-1;1;Факультет авиационной и морской техники (ФАМТ);Кафедра «Кораблестроение и компьютерный инжиниринг» (ККИ);26.04.02;Кораблестроение, океанотехника и системотехника объектов морской инфраструктуры;Проектирование судовых корпусных конструкций, систем и устройств;Очная форма;Магистратура
616;Обучается;4КСм-1;1;Факультет авиационной и морской техники (ФАМТ);Кафедра «Кораблестроение и компьютерный инжиниринг» (ККИ);26.04.02;Кораблестроение, океанотехника и системотехника объектов морской инфраструктуры;Проектирование судовых корпусных конструкций, систем и устройств;Очная форма;Магистратура
617;Обучается;4КСм-1;1;Факультет авиационной и морской техники (ФАМТ);Кафедра «Кораблестроение и компьютерный инжиниринг» (ККИ);26.04.02;Кораблестроение, океанотехника и системотехника объектов морской инфраструктуры;Проектирование судовых корпусных конструкций, систем и устройств;Очная форма;Магистратура
618;Обучается;4КСм-1;1;Факультет авиационной и морской техники (ФАМТ);Кафедра «Кораблестроение и компьютерный инжиниринг» (ККИ);26.04.02;Кораблестроение, океанотехника и системотехника объектов морской инфраструктуры;Проектирование судовых корпусных конструкций, систем и устройств;Очная форма;Магистратура
619;Обучается;4КСм-1;1;Факультет авиационной и морской техники (ФАМТ);Кафедра «Кораблестроение и компьютерный инжиниринг» (ККИ);26.04.02;Кораблестроение, океанотехника и системотехника объектов морской инфраструктуры;Проектирование судовых корпусных конструкций, систем и устройств;Очная форма;Магистратура
620;Академический отпуск;3КСм-1;2;Факультет авиационной и морской техники (ФАМТ);Кафедра «Кораблестроение и компьютерный инжиниринг» (ККИ);26.04.02;Кораблестроение, океанотехника и системотехника объектов морской инфраструктуры;Проектирование судовых корпусных конструкций, систем и устройств;Очная форма;Магистратура
621;Обучается;3КСм-1;2;Факультет авиационной и морской техники (ФАМТ);Кафедра «Кораблестроение и компьютерный инжиниринг» (ККИ);26.04.02;Кораблестроение, океанотехника и системотехника объектов морской инфраструктуры;Проектирование судовых корпусных конструкций, систем и устройств;Очная форма;Магистратура
622;Обучается;3КСм-1;2;Факультет авиационной и морской техники (ФАМТ);Кафедра «Кораблестроение и компьютерный инжиниринг» (ККИ);26.04.02;Кораблестроение, океанотехника и системотехника объектов морской инфраструктуры;Проектирование судовых корпусных конструкций, систем и устройств;Очная форма;Магистратура
623;Обучается;3КСм-1;2;Факультет авиационной и морской техники (ФАМТ);Кафедра «Кораблестроение и компьютерный инжиниринг» (ККИ);26.04.02;Кораблестроение, океанотехника и системотехника объектов морской инфраструктуры;Проектирование судовых корпусных конструкций, систем и устройств;Очная форма;Магистратура
624;Обучается;3КСм-1;2;Факультет авиационной и морской техники (ФАМТ);Кафедра «Кораблестроение и компьютерный инжиниринг» (ККИ);26.04.02;Кораблестроение, океанотехника и системотехника объектов морской инфраструктуры;Проектирование судовых корпусных конструкций, систем и устройств;Очная форма;Магистратура
625;Обучается;3КСм-1;2;Факультет авиационной и морской техники (ФАМТ);Кафедра «Кораблестроение и компьютерный инжиниринг» (ККИ);26.04.02;Кораблестроение, океанотехника и системотехника объектов морской инфраструктуры;Проектирование судовых корпусных конструкций, систем и устройств;Очная форма;Магистратура
626;Академический отпуск;3КСм-1;2;Факультет авиационной и морской техники (ФАМТ);Кафедра «Кораблестроение и компьютерный инжиниринг» (ККИ);26.04.02;Кораблестроение, океанотехника и системотехника объектов морской инфраструктуры;Проектирование судовых корпусных конструкций, систем и устройств;Очная форма;Магистратура
627;Обучается;3КСм-1;2;Факультет авиационной и морской техники (ФАМТ);Кафедра «Кораблестроение и компьютерный инжиниринг» (ККИ);26.04.02;Кораблестроение, океанотехника и системотехника объектов морской инфраструктуры;Проектирование судовых корпусных конструкций, систем и устройств;Очная форма;Магистратура
628;Обучается;4ТЭб-1;1;Факультет авиационной и морской техники (ФАМТ);Кафедра «Тепловые энергетические установки» (ТЭУ);13.03.01;Теплоэнергетика и теплотехника;Тепловые электрические станции;Очная форма;Бакалавриат
629;Обучается;4ТЭб-1;1;Факультет авиационной и морской техники (ФАМТ);Кафедра «Тепловые энергетические установки» (ТЭУ);13.03.01;Теплоэнергетика и теплотехника;Тепловые электрические станции;Очная форма;Бакалавриат
630;Обучается;4ТЭб-1;1;Факультет авиационной и морской техники (ФАМТ);Кафедра «Тепловые энергетические установки» (ТЭУ);13.03.01;Теплоэнергетика и теплотехника;Тепловые электрические станции;Очная форма;Бакалавриат
631;Академический отпуск;4ТЭб-1;1;Факультет авиационной и морской техники (ФАМТ);Кафедра «Тепловые энергетические установки» (ТЭУ);13.03.01;Теплоэнергетика и теплотехника;Тепловые электрические станции;Очная форма;Бакалавриат
632;Обучается;4ТЭб-1;1;Факультет авиационной и морской техники (ФАМТ);Кафедра «Тепловые энергетические установки» (ТЭУ);13.03.01;Теплоэнергетика и теплотехника;Тепловые электрические станции;Очная форма;Бакалавриат
633;Обучается;4ТЭб-1;1;Факультет авиационной и морской техники (ФАМТ);Кафедра «Тепловые энергетические установки» (ТЭУ);13.03.01;Теплоэнергетика и теплотехника;Тепловые электрические станции;Очная форма;Бакалавриат
634;Обучается;4ТЭб-1;1;Факультет авиационной и морской техники (ФАМТ);Кафедра «Тепловые энергетические установки» (ТЭУ);13.03.01;Теплоэнергетика и теплотехника;Тепловые электрические станции;Очная форма;Бакалавриат
635;Обучается;4ТЭб-1;1;Факультет авиационной и морской техники (ФАМТ);Кафедра «Тепловые энергетические установки» (ТЭУ);13.03.01;Теплоэнергетика и теплотехника;Тепловые электрические станции;Очная форма;Бакалавриат
636;Обучается;4ТЭб-1;1;Факультет авиационной и морской техники (ФАМТ);Кафедра «Тепловые энергетические установки» (ТЭУ);13.03.01;Теплоэнергетика и теплотехника;Тепловые электрические станции;Очная форма;Бакалавриат
637;Академический отпуск;4ТЭб-1;1;Факультет авиационной и морской техники (ФАМТ);Кафедра «Тепловые энергетические установки» (ТЭУ);13.03.01;Теплоэнергетика и теплотехника;Тепловые электрические станции;Очная форма;Бакалавриат
638;Обучается;4ТЭб-1;1;Факультет авиационной и морской техники (ФАМТ);Кафедра «Тепловые энергетические установки» (ТЭУ);13.03.01;Теплоэнергетика и теплотехника;Тепловые электрические станции;Очная форма;Бакалавриат
639;Обучается;4ТЭб-1;1;Факультет авиационной и морской техники (ФАМТ);Кафедра «Тепловые энергетические установки» (ТЭУ);13.03.01;Теплоэнергетика и теплотехника;Тепловые электрические станции;Очная форма;Бакалавриат
640;Обучается;4ТЭб-1;1;Факультет авиационной и морской техники (ФАМТ);Кафедра «Тепловые энергетические установки» (ТЭУ);13.03.01;Теплоэнергетика и теплотехника;Тепловые электрические станции;Очная форма;Бакалавриат
641;Обучается;4ТЭб-1;1;Факультет авиационной и морской техники (ФАМТ);Кафедра «Тепловые энергетические установки» (ТЭУ);13.03.01;Теплоэнергетика и теплотехника;Тепловые электрические станции;Очная форма;Бакалавриат
642;Обучается;4ТЭб-1;1;Факультет авиационной и морской техники (ФАМТ);Кафедра «Тепловые энергетические установки» (ТЭУ);13.03.01;Теплоэнергетика и теплотехника;Тепловые электрические станции;Очная форма;Бакалавриат
643;Академический отпуск;4ТЭб-1;1;Факультет авиационной и морской техники (ФАМТ);Кафедра «Тепловые энергетические установки» (ТЭУ);13.03.01;Теплоэнергетика и теплотехника;Тепловые электрические станции;Очная форма;Бакалавриат
644;Академический отпуск;3ТЭб-1;2;Факультет авиационной и морской техники (ФАМТ);Кафедра «Тепловые энергетические установки» (ТЭУ);13.03.01;Теплоэнергетика и теплотехника;Тепловые электрические станции;Очная форма;Бакалавриат
645;Обучается;3ТЭб-1;2;Факультет авиационной и морской техники (ФАМТ);Кафедра «Тепловые энергетические установки» (ТЭУ);13.03.01;Теплоэнергетика и теплотехника;Тепловые электрические станции;Очная форма;Бакалавриат
646;Академический отпуск;3ТЭб-1;2;Факультет авиационной и морской техники (ФАМТ);Кафедра «Тепловые энергетические установки» (ТЭУ);13.03.01;Теплоэнергетика и теплотехника;Тепловые электрические станции;Очная форма;Бакалавриат
647;Обучается;3ТЭб-1;2;Факультет авиационной и морской техники (ФАМТ);Кафедра «Тепловые энергетические установки» (ТЭУ);13.03.01;Теплоэнергетика и теплотехника;Тепловые электрические станции;Очная форма;Бакалавриат
648;Обучается;3ТЭб-1;2;Факультет авиационной и морской техники (ФАМТ);Кафедра «Тепловые энергетические установки» (ТЭУ);13.03.01;Теплоэнергетика и теплотехника;Тепловые электрические станции;Очная форма;Бакалавриат
649;Академический отпуск;3ТЭб-1;2;Факультет авиационной и морской техники (ФАМТ);Кафедра «Тепловые энергетические установки» (ТЭУ);13.03.01;Теплоэнергетика и теплотехника;Тепловые электрические станции;Очная форма;Бакалавриат
650;Обучается;3ТЭб-1;2;Факультет авиационной и морской техники (ФАМТ);Кафедра «Тепловые энергетические установки» (ТЭУ);13.03.01;Теплоэнергетика и теплотехника;Тепловые электрические станции;Очная форма;Бакалавриат
651;Академический отпуск;3ТЭб-2П;2;Факультет авиационной и морской техники (ФАМТ);Кафедра «Тепловые энергетические установки» (ТЭУ);13.03.01;Теплоэнергетика и теплотехника;Тепловые электрические станции;Очная форма;Бакалавриат
652;Академический отпуск;3ТЭб-2П;2;Факультет авиационной и морской техники (ФАМТ);Кафедра «Тепловые энергетические установки» (ТЭУ);13.03.01;Теплоэнергетика и теплотехника;Тепловые электрические станции;Очная форма;Бакалавриат
653;Обучается;3ТЭб-2П;2;Факультет авиационной и морской техники (ФАМТ);Кафедра «Тепловые энергетические установки» (ТЭУ);13.03.01;Теплоэнергетика и теплотехника;Тепловые электрические станции;Очная форма;Бакалавриат
654;Академический отпуск;3ТЭб-2П;2;Факультет авиационной и морской техники (ФАМТ);Кафедра «Тепловые энергетические установки» (ТЭУ);13.03.01;Теплоэнергетика и теплотехника;Тепловые электрические станции;Очная форма;Бакалавриат
655;Обучается;3ТЭб-2П;2;Факультет авиационной и морской техники (ФАМТ);Кафедра «Тепловые энергетические установки» (ТЭУ);13.03.01;Теплоэнергетика и теплотехника;Тепловые электрические станции;Очная форма;Бакалавриат
656;Академический отпуск;3ТЭб-2П;2;Факультет авиационной и морской техники (ФАМТ);Кафедра «Тепловые энергетические установки» (ТЭУ);13.03.01;Теплоэнергетика и теплотехника;Тепловые электрические станции;Очная форма;Бакалавриат
657;Академический отпуск;3ТЭб-2П;2;Факультет авиационной и морской техники (ФАМТ);Кафедра «Тепловые энергетические установки» (ТЭУ);13.03.01;Теплоэнергетика и теплотехника;Тепловые электрические станции;Очная форма;Бакалавриат
658;Академический отпуск;3ТЭб-2П;2;Факультет авиационной и морской техники (ФАМТ);Кафедра «Тепловые энергетические установки» (ТЭУ);13.03.01;Теплоэнергетика и теплотехника;Тепловые электрические станции;Очная форма;Бакалавриат
659;Академический отпуск;3ТЭб-2П;2;Факультет авиационной и морской техники (ФАМТ);Кафедра «Тепловые энергетические установки» (ТЭУ);13.03.01;Теплоэнергетика и теплотехника;Тепловые электрические станции;Очная форма;Бакалавриат
660;Обучается;2ТЭб-1П;3;Факультет авиационной и морской техники (ФАМТ);Кафедра «Тепловые энергетические установки» (ТЭУ);13.03.01;Теплоэнергетика и теплотехника;Тепловые электрические станции;Очная форма;Бакалавриат
661;Обучается;2ТЭб-1П;3;Факультет авиационной и морской техники (ФАМТ);Кафедра «Тепловые энергетические установки» (ТЭУ);13.03.01;Теплоэнергетика и теплотехника;Тепловые электрические станции;Очная форма;Бакалавриат
662;Обучается;2ТЭб-1П;3;Факультет авиационной и морской техники (ФАМТ);Кафедра «Тепловые энергетические установки» (ТЭУ);13.03.01;Теплоэнергетика и теплотехника;Тепловые электрические станции;Очная форма;Бакалавриат
663;Обучается;2ТЭб-1П;3;Факультет авиационной и морской техники (ФАМТ);Кафедра «Тепловые энергетические установки» (ТЭУ);13.03.01;Теплоэнергетика и теплотехника;Тепловые электрические станции;Очная форма;Бакалавриат
664;Обучается;2ТЭб-1П;3;Факультет авиационной и морской техники (ФАМТ);Кафедра «Тепловые энергетические установки» (ТЭУ);13.03.01;Теплоэнергетика и теплотехника;Тепловые электрические станции;Очная форма;Бакалавриат
665;Обучается;2ТЭб-1П;3;Факультет авиационной и морской техники (ФАМТ);Кафедра «Тепловые энергетические установки» (ТЭУ);13.03.01;Теплоэнергетика и теплотехника;Тепловые электрические станции;Очная форма;Бакалавриат
666;Академический отпуск;2ТЭб-1П;3;Факультет авиационной и морской техники (ФАМТ);Кафедра «Тепловые энергетические установки» (ТЭУ);13.03.01;Теплоэнергетика и теплотехника;Тепловые электрические станции;Очная форма;Бакалавриат
667;Обучается;2ТЭб-1П;3;Факультет авиационной и морской техники (ФАМТ);Кафедра «Тепловые энергетические установки» (ТЭУ);13.03.01;Теплоэнергетика и теплотехника;Тепловые электрические станции;Очная форма;Бакалавриат
668;Обучается;2ТЭб-1П;3;Факультет авиационной и морской техники (ФАМТ);Кафедра «Тепловые энергетические установки» (ТЭУ);13.03.01;Теплоэнергетика и теплотехника;Тепловые электрические станции;Очная форма;Бакалавриат
669;Академический отпуск;2ТЭб-1П;3;Факультет авиационной и морской техники (ФАМТ);Кафедра «Тепловые энергетические установки» (ТЭУ);13.03.01;Теплоэнергетика и теплотехника;Тепловые электрические станции;Очная форма;Бакалавриат
670;Обучается;2ТЭб-1П;3;Факультет авиационной и морской техники (ФАМТ);Кафедра «Тепловые энергетические установки» (ТЭУ);13.03.01;Теплоэнергетика и теплотехника;Тепловые электрические станции;Очная форма;Бакалавриат
671;Обучается;2ТЭб-1П;3;Факультет авиационной и морской техники (ФАМТ);Кафедра «Тепловые энергетические установки» (ТЭУ);13.03.01;Теплоэнергетика и теплотехника;Тепловые электрические станции;Очная форма;Бакалавриат
672;Обучается;2ТЭб-1П;3;Факультет авиационной и морской техники (ФАМТ);Кафедра «Тепловые энергетические установки» (ТЭУ);13.03.01;Теплоэнергетика и теплотехника;Тепловые электрические станции;Очная форма;Бакалавриат
673;Обучается;1ТЭб-1;4;Факультет авиационной и морской техники (ФАМТ);Кафедра «Тепловые энергетические установки» (ТЭУ);13.03.01;Теплоэнергетика и теплотехника;Тепловые электрические станции;Очная форма;Бакалавриат
674;Обучается;1ТЭб-1;4;Факультет авиационной и морской техники (ФАМТ);Кафедра «Тепловые энергетические установки» (ТЭУ);13.03.01;Теплоэнергетика и теплотехника;Тепловые электрические станции;Очная форма;Бакалавриат
675;Обучается;1ТЭб-1;4;Факультет авиационной и морской техники (ФАМТ);Кафедра «Тепловые энергетические установки» (ТЭУ);13.03.01;Теплоэнергетика и теплотехника;Тепловые электрические станции;Очная форма;Бакалавриат
676;Обучается;1ТЭб-1;4;Факультет авиационной и морской техники (ФАМТ);Кафедра «Тепловые энергетические установки» (ТЭУ);13.03.01;Теплоэнергетика и теплотехника;Тепловые электрические станции;Очная форма;Бакалавриат
677;Обучается;1ТЭб-1;4;Факультет авиационной и морской техники (ФАМТ);Кафедра «Тепловые энергетические установки» (ТЭУ);13.03.01;Теплоэнергетика и теплотехника;Тепловые электрические станции;Очная форма;Бакалавриат
678;Академический отпуск;1ТЭб-1;4;Факультет авиационной и морской техники (ФАМТ);Кафедра «Тепловые энергетические установки» (ТЭУ);13.03.01;Теплоэнергетика и теплотехника;Тепловые электрические станции;Очная форма;Бакалавриат
679;Академический отпуск;1ТЭб-1;4;Факультет авиационной и морской техники (ФАМТ);Кафедра «Тепловые энергетические установки» (ТЭУ);13.03.01;Теплоэнергетика и теплотехника;Тепловые электрические станции;Очная форма;Бакалавриат
680;Обучается;1ТЭб-1;4;Факультет авиационной и морской техники (ФАМТ);Кафедра «Тепловые энергетические установки» (ТЭУ);13.03.01;Теплоэнергетика и теплотехника;Тепловые электрические станции;Очная форма;Бакалавриат
681;Академический отпуск;1ТЭб-1;4;Факультет авиационной и морской техники (ФАМТ);Кафедра «Тепловые энергетические установки» (ТЭУ);13.03.01;Теплоэнергетика и теплотехника;Тепловые электрические станции;Очная форма;Бакалавриат
682;Академический отпуск;1ТЭб-2П;4;Факультет авиационной и морской техники (ФАМТ);Кафедра «Тепловые энергетические установки» (ТЭУ);13.03.01;Теплоэнергетика и теплотехника;Тепловые электрические станции;Очная форма;Бакалавриат
683;Обучается;1ТЭб-2П;4;Факультет авиационной и морской техники (ФАМТ);Кафедра «Тепловые энергетические установки» (ТЭУ);13.03.01;Теплоэнергетика и теплотехника;Тепловые электрические станции;Очная форма;Бакалавриат
684;Академический отпуск;1ТЭб-2П;4;Факультет авиационной и морской техники (ФАМТ);Кафедра «Тепловые энергетические установки» (ТЭУ);13.03.01;Теплоэнергетика и теплотехника;Тепловые электрические станции;Очная форма;Бакалавриат
685;Обучается;1ТЭб-2П;4;Факультет авиационной и морской техники (ФАМТ);Кафедра «Тепловые энергетические установки» (ТЭУ);13.03.01;Теплоэнергетика и теплотехника;Тепловые электрические станции;Очная форма;Бакалавриат
686;Обучается;1ТЭб-2П;4;Факультет авиационной и морской техники (ФАМТ);Кафедра «Тепловые энергетические установки» (ТЭУ);13.03.01;Теплоэнергетика и теплотехника;Тепловые электрические станции;Очная форма;Бакалавриат
687;Академический отпуск;1ТЭб-2П;4;Факультет авиационной и морской техники (ФАМТ);Кафедра «Тепловые энергетические установки» (ТЭУ);13.03.01;Теплоэнергетика и теплотехника;Тепловые электрические станции;Очная форма;Бакалавриат
688;Академический отпуск;1ЭТб-1П;4;Факультет авиационной и морской техники (ФАМТ);Кафедра «Тепловые энергетические установки» (ТЭУ);23.03.03;Эксплуатация транспортно-технологических машин и комплексов;Автомобили: устройство, сервис и техническая эксплуатация;Очная форма;Бакалавриат
689;Обучается;1ЭТб-1П;4;Факультет авиационной и морской техники (ФАМТ);Кафедра «Тепловые энергетические установки» (ТЭУ);23.03.03;Эксплуатация транспортно-технологических машин и комплексов;Автомобили: устройство, сервис и техническая эксплуатация;Очная форма;Бакалавриат
690;Обучается;1ЭТб-1П;4;Факультет авиационной и морской техники (ФАМТ);Кафедра «Тепловые энергетические установки» (ТЭУ);23.03.03;Эксплуатация транспортно-технологических машин и комплексов;Автомобили: устройство, сервис и техническая эксплуатация;Очная форма;Бакалавриат
691;Академический отпуск;1ЭТб-1П;4;Факультет авиационной и морской техники (ФАМТ);Кафедра «Тепловые энергетические установки» (ТЭУ);23.03.03;Эксплуатация транспортно-технологических машин и комплексов;Автомобили: устройство, сервис и техническая эксплуатация;Очная форма;Бакалавриат
692;Академический отпуск;1ЭТб-1П;4;Факультет авиационной и морской техники (ФАМТ);Кафедра «Тепловые энергетические установки» (ТЭУ);23.03.03;Эксплуатация транспортно-технологических машин и комплексов;Автомобили: устройство, сервис и техническая эксплуатация;Очная форма;Бакалавриат
693;Обучается;1ЭТб-1П;4;Факультет авиационной и морской техники (ФАМТ);Кафедра «Тепловые энергетические установки» (ТЭУ);23.03.03;Эксплуатация транспортно-технологических машин и комплексов;Автомобили: устройство, сервис и техническая эксплуатация;Очная форма;Бакалавриат
694;Обучается;1ЭТб-1П;4;Факультет авиационной и морской техники (ФАМТ);Кафедра «Тепловые энергетические установки» (ТЭУ);23.03.03;Эксплуатация транспортно-технологических машин и комплексов;Автомобили: устройство, сервис и техническая эксплуатация;Очная форма;Бакалавриат
695;Обучается;1ЭТб-1П;4;Факультет авиационной и морской техники (ФАМТ);Кафедра «Тепловые энергетические установки» (ТЭУ);23.03.03;Эксплуатация транспортно-технологических машин и комплексов;Автомобили: устройство, сервис и техническая эксплуатация;Очная форма;Бакалавриат
696;Академический отпуск;1ЭТб-1П;4;Факультет авиационной и морской техники (ФАМТ);Кафедра «Тепловые энергетические установки» (ТЭУ);23.03.03;Эксплуатация транспортно-технологических машин и комплексов;Автомобили: устройство, сервис и техническая эксплуатация;Очная форма;Бакалавриат
697;Обучается;1ЭТб-1П;4;Факультет авиационной и морской техники (ФАМТ);Кафедра «Тепловые энергетические установки» (ТЭУ);23.03.03;Эксплуатация транспортно-технологических машин и комплексов;Автомобили: устройство, сервис и техническая эксплуатация;Очная форма;Бакалавриат
698;Обучается;1ЭТб-1П;4;Факультет авиационной и морской техники (ФАМТ);Кафедра «Тепловые энергетические установки» (ТЭУ);23.03.03;Эксплуатация транспортно-технологических машин и комплексов;Автомобили: устройство, сервис и техническая эксплуатация;Очная форма;Бакалавриат
699;Обучается;4ТЭм-1;1;Факультет авиационной и морской техники (ФАМТ);Кафедра «Тепловые энергетические установки» (ТЭУ);13.04.01;Теплоэнергетика и теплотехника;Технология производства тепловой и электрической энергии;Очная форма;Магистратура
700;Обучается;4ТЭм-1;1;Факультет авиационной и морской техники (ФАМТ);Кафедра «Тепловые энергетические установки» (ТЭУ);13.04.01;Теплоэнергетика и теплотехника;Технология производства тепловой и электрической энергии;Очная форма;Магистратура
701;Обучается;4ТЭм-1;1;Факультет авиационной и морской техники (ФАМТ);Кафедра «Тепловые энергетические установки» (ТЭУ);13.04.01;Теплоэнергетика и теплотехника;Технология производства тепловой и электрической энергии;Очная форма;Магистратура
702;Обучается;4ТЭм-1;1;Факультет авиационной и морской техники (ФАМТ);Кафедра «Тепловые энергетические установки» (ТЭУ);13.04.01;Теплоэнергетика и теплотехника;Технология производства тепловой и электрической энергии;Очная форма;Магистратура
703;Обучается;4ТЭм-1;1;Факультет авиационной и морской техники (ФАМТ);Кафедра «Тепловые энергетические установки» (ТЭУ);13.04.01;Теплоэнергетика и теплотехника;Технология производства тепловой и электрической энергии;Очная форма;Магистратура
704;Академический отпуск;3ТЭм-1;2;Факультет авиационной и морской техники (ФАМТ);Кафедра «Тепловые энергетические установки» (ТЭУ);13.04.01;Теплоэнергетика и теплотехника;Технология производства тепловой и электрической энергии;Очная форма;Магистратура
705;Академический отпуск;3ТЭм-1;2;Факультет авиационной и морской техники (ФАМТ);Кафедра «Тепловые энергетические установки» (ТЭУ);13.04.01;Теплоэнергетика и теплотехника;Технология производства тепловой и электрической энергии;Очная форма;Магистратура
706;Обучается;3ТЭм-1;2;Факультет авиационной и морской техники (ФАМТ);Кафедра «Тепловые энергетические установки» (ТЭУ);13.04.01;Теплоэнергетика и теплотехника;Технология производства тепловой и электрической энергии;Очная форма;Магистратура
707;Обучается;3ТЭм-1;2;Факультет авиационной и морской техники (ФАМТ);Кафедра «Тепловые энергетические установки» (ТЭУ);13.04.01;Теплоэнергетика и теплотехника;Технология производства тепловой и электрической энергии;Очная форма;Магистратура
708;Обучается;3ТЭм-1;2;Факультет авиационной и морской техники (ФАМТ);Кафедра «Тепловые энергетические установки» (ТЭУ);13.04.01;Теплоэнергетика и теплотехника;Технология производства тепловой и электрической энергии;Очная форма;Магистратура
709;Обучается;3ТЭм-1;2;Факультет авиационной и морской техники (ФАМТ);Кафедра «Тепловые энергетические установки» (ТЭУ);13.04.01;Теплоэнергетика и теплотехника;Технология производства тепловой и электрической энергии;Очная форма;Магистратура
710;Академический отпуск;3ТЭм-1;2;Факультет авиационной и морской техники (ФАМТ);Кафедра «Тепловые энергетические установки» (ТЭУ);13.04.01;Теплоэнергетика и теплотехника;Технология производства тепловой и электрической энергии;Очная форма;Магистратура
711;Академический отпуск;3ТЭм-1;2;Факультет авиационной и морской техники (ФАМТ);Кафедра «Тепловые энергетические установки» (ТЭУ);13.04.01;Теплоэнергетика и теплотехника;Технология производства тепловой и электрической энергии;Очная форма;Магистратура
712;Обучается;3ТЭм-1;2;Факультет авиационной и морской техники (ФАМТ);Кафедра «Тепловые энергетические установки» (ТЭУ);13.04.01;Теплоэнергетика и теплотехника;Технология производства тепловой и электрической энергии;Очная форма;Магистратура
713;Обучается;3ТЭм-1;2;Факультет авиационной и морской техники (ФАМТ);Кафедра «Тепловые энергетические установки» (ТЭУ);13.04.01;Теплоэнергетика и теплотехника;Технология производства тепловой и электрической энергии;Очная форма;Магистратура
714;Обучается;4ДСб-1;1;Факультет кадастра и строительства (ФКС);Кафедра «Дизайн архитектурной среды» (ДАС);07.03.03;Дизайн архитектурной среды;Проектирование архитектурной среды;Очная форма;Бакалавриат
715;Обучается;4ДСб-1;1;Факультет кадастра и строительства (ФКС);Кафедра «Дизайн архитектурной среды» (ДАС);07.03.03;Дизайн архитектурной среды;Проектирование архитектурной среды;Очная форма;Бакалавриат
716;Обучается;4ДСб-1;1;Факультет кадастра и строительства (ФКС);Кафедра «Дизайн архитектурной среды» (ДАС);07.03.03;Дизайн архитектурной среды;Проектирование архитектурной среды;Очная форма;Бакалавриат
717;Обучается;4ДСб-1;1;Факультет кадастра и строительства (ФКС);Кафедра «Дизайн архитектурной среды» (ДАС);07.03.03;Дизайн архитектурной среды;Проектирование архитектурной среды;Очная форма;Бакалавриат
718;Академический отпуск;4ДСб-1;1;Факультет кадастра и строительства (ФКС);Кафедра «Дизайн архитектурной среды» (ДАС);07.03.03;Дизайн архитектурной среды;Проектирование архитектурной среды;Очная форма;Бакалавриат
719;Обучается;4ДСб-1;1;Факультет кадастра и строительства (ФКС);Кафедра «Дизайн архитектурной среды» (ДАС);07.03.03;Дизайн архитектурной среды;Проектирование архитектурной среды;Очная форма;Бакалавриат
720;Обучается;4ДСб-1;1;Факультет кадастра и строительства (ФКС);Кафедра «Дизайн архитектурной среды» (ДАС);07.03.03;Дизайн архитектурной среды;Проектирование архитектурной среды;Очная форма;Бакалавриат
721;Обучается;4ДСб-1;1;Факультет кадастра и строительства (ФКС);Кафедра «Дизайн архитектурной среды» (ДАС);07.03.03;Дизайн архитектурной среды;Проектирование архитектурной среды;Очная форма;Бакалавриат
722;Обучается;4ДСб-1;1;Факультет кадастра и строительства (ФКС);Кафедра «Дизайн архитектурной среды» (ДАС);07.03.03;Дизайн архитектурной среды;Проектирование архитектурной среды;Очная форма;Бакалавриат
723;Обучается;4ДСб-1;1;Факультет кадастра и строительства (ФКС);Кафедра «Дизайн архитектурной среды» (ДАС);07.03.03;Дизайн архитектурной среды;Проектирование архитектурной среды;Очная форма;Бакалавриат
724;Обучается;4ДСб-1;1;Факультет кадастра и строительства (ФКС);Кафедра «Дизайн архитектурной среды» (ДАС);07.03.03;Дизайн архитектурной среды;Проектирование архитектурной среды;Очная форма;Бакалавриат
725;Обучается;4ДСб-1;1;Факультет кадастра и строительства (ФКС);Кафедра «Дизайн архитектурной среды» (ДАС);07.03.03;Дизайн архитектурной среды;Проектирование архитектурной среды;Очная форма;Бакалавриат
726;Академический отпуск;4ДСб-1;1;Факультет кадастра и строительства (ФКС);Кафедра «Дизайн архитектурной среды» (ДАС);07.03.03;Дизайн архитектурной среды;Проектирование архитектурной среды;Очная форма;Бакалавриат
727;Обучается;4ДСб-1;1;Факультет кадастра и строительства (ФКС);Кафедра «Дизайн архитектурной среды» (ДАС);07.03.03;Дизайн архитектурной среды;Проектирование архитектурной среды;Очная форма;Бакалавриат
728;Обучается;4ДСб-1;1;Факультет кадастра и строительства (ФКС);Кафедра «Дизайн архитектурной среды» (ДАС);07.03.03;Дизайн архитектурной среды;Проектирование архитектурной среды;Очная форма;Бакалавриат
729;Обучается;4ДСб-1;1;Факультет кадастра и строительства (ФКС);Кафедра «Дизайн архитектурной среды» (ДАС);07.03.03;Дизайн архитектурной среды;Проектирование архитектурной среды;Очная форма;Бакалавриат
730;Обучается;4ДСб-1;1;Факультет кадастра и строительства (ФКС);Кафедра «Дизайн архитектурной среды» (ДАС);07.03.03;Дизайн архитектурной среды;Проектирование архитектурной среды;Очная форма;Бакалавриат
731;Обучается;4ДСб-1;1;Факультет кадастра и строительства (ФКС);Кафедра «Дизайн архитектурной среды» (ДАС);07.03.03;Дизайн архитектурной среды;Проектирование архитектурной среды;Очная форма;Бакалавриат
732;Обучается;4ДСб-1;1;Факультет кадастра и строительства (ФКС);Кафедра «Дизайн архитектурной среды» (ДАС);07.03.03;Дизайн архитектурной среды;Проектирование архитектурной среды;Очная форма;Бакалавриат
733;Обучается;4ДСб-1;1;Факультет кадастра и строительства (ФКС);Кафедра «Дизайн архитектурной среды» (ДАС);07.03.03;Дизайн архитектурной среды;Проектирование архитектурной среды;Очная форма;Бакалавриат
734;Академический отпуск;4ДСб-1;1;Факультет кадастра и строительства (ФКС);Кафедра «Дизайн архитектурной среды» (ДАС);07.03.03;Дизайн архитектурной среды;Проектирование архитектурной среды;Очная форма;Бакалавриат
735;Обучается;3ДСб-1;2;Факультет кадастра и строительства (ФКС);Кафедра «Дизайн архитектурной среды» (ДАС);07.03.03;Дизайн архитектурной среды;Проектирование архитектурной среды;Очная форма;Бакалавриат
736;Обучается;3ДСб-1;2;Факультет кадастра и строительства (ФКС);Кафедра «Дизайн архитектурной среды» (ДАС);07.03.03;Дизайн архитектурной среды;Проектирование архитектурной среды;Очная форма;Бакалавриат
737;Обучается;3ДСб-1;2;Факультет кадастра и строительства (ФКС);Кафедра «Дизайн архитектурной среды» (ДАС);07.03.03;Дизайн архитектурной среды;Проектирование архитектурной среды;Очная форма;Бакалавриат
738;Обучается;3ДСб-1;2;Факультет кадастра и строительства (ФКС);Кафедра «Дизайн архитектурной среды» (ДАС);07.03.03;Дизайн архитектурной среды;Проектирование архитектурной среды;Очная форма;Бакалавриат
739;Обучается;3ДСб-1;2;Факультет кадастра и строительства (ФКС);Кафедра «Дизайн архитектурной среды» (ДАС);07.03.03;Дизайн архитектурной среды;Проектирование архитектурной среды;Очная форма;Бакалавриат
740;Обучается;3ДСб-1;2;Факультет кадастра и строительства (ФКС);Кафедра «Дизайн архитектурной среды» (ДАС);07.03.03;Дизайн архитектурной среды;Проектирование архитектурной среды;Очная форма;Бакалавриат
741;Обучается;3ДСб-1;2;Факультет кадастра и строительства (ФКС);Кафедра «Дизайн архитектурной среды» (ДАС);07.03.03;Дизайн архитектурной среды;Проектирование архитектурной среды;Очная форма;Бакалавриат
742;Обучается;3ДСб-1;2;Факультет кадастра и строительства (ФКС);Кафедра «Дизайн архитектурной среды» (ДАС);07.03.03;Дизайн архитектурной среды;Проектирование архитектурной среды;Очная форма;Бакалавриат
743;Обучается;3ДСб-1;2;Факультет кадастра и строительства (ФКС);Кафедра «Дизайн архитектурной среды» (ДАС);07.03.03;Дизайн архитектурной среды;Проектирование архитектурной среды;Очная форма;Бакалавриат
744;Обучается;3ДСб-1;2;Факультет кадастра и строительства (ФКС);Кафедра «Дизайн архитектурной среды» (ДАС);07.03.03;Дизайн архитектурной среды;Проектирование архитектурной среды;Очная форма;Бакалавриат
745;Обучается;3ДСб-1;2;Факультет кадастра и строительства (ФКС);Кафедра «Дизайн архитектурной среды» (ДАС);07.03.03;Дизайн архитектурной среды;Проектирование архитектурной среды;Очная форма;Бакалавриат
746;Обучается;3ДСб-1;2;Факультет кадастра и строительства (ФКС);Кафедра «Дизайн архитектурной среды» (ДАС);07.03.03;Дизайн архитектурной среды;Проектирование архитектурной среды;Очная форма;Бакалавриат
747;Обучается;3ДСб-1;2;Факультет кадастра и строительства (ФКС);Кафедра «Дизайн архитектурной среды» (ДАС);07.03.03;Дизайн архитектурной среды;Проектирование архитектурной среды;Очная форма;Бакалавриат
748;Академический отпуск;3ДСб-1;2;Факультет кадастра и строительства (ФКС);Кафедра «Дизайн архитектурной среды» (ДАС);07.03.03;Дизайн архитектурной среды;Проектирование архитектурной среды;Очная форма;Бакалавриат
749;Обучается;3ДСб-1;2;Факультет кадастра и строительства (ФКС);Кафедра «Дизайн архитектурной среды» (ДАС);07.03.03;Дизайн архитектурной среды;Проектирование архитектурной среды;Очная форма;Бакалавриат
750;Обучается;2ДСб-1;3;Факультет кадастра и строительства (ФКС);Кафедра «Дизайн архитектурной среды» (ДАС);07.03.03;Дизайн архитектурной среды;Проектирование архитектурной среды;Очная форма;Бакалавриат
751;Обучается;2ДСб-1;3;Факультет кадастра и строительства (ФКС);Кафедра «Дизайн архитектурной среды» (ДАС);07.03.03;Дизайн архитектурной среды;Проектирование архитектурной среды;Очная форма;Бакалавриат
752;Обучается;2ДСб-1;3;Факультет кадастра и строительства (ФКС);Кафедра «Дизайн архитектурной среды» (ДАС);07.03.03;Дизайн архитектурной среды;Проектирование архитектурной среды;Очная форма;Бакалавриат
753;Обучается;2ДСб-1;3;Факультет кадастра и строительства (ФКС);Кафедра «Дизайн архитектурной среды» (ДАС);07.03.03;Дизайн архитектурной среды;Проектирование архитектурной среды;Очная форма;Бакалавриат
754;Обучается;2ДСб-1;3;Факультет кадастра и строительства (ФКС);Кафедра «Дизайн архитектурной среды» (ДАС);07.03.03;Дизайн архитектурной среды;Проектирование архитектурной среды;Очная форма;Бакалавриат
755;Обучается;2ДСб-1;3;Факультет кадастра и строительства (ФКС);Кафедра «Дизайн архитектурной среды» (ДАС);07.03.03;Дизайн архитектурной среды;Проектирование архитектурной среды;Очная форма;Бакалавриат
756;Обучается;2ДСб-1;3;Факультет кадастра и строительства (ФКС);Кафедра «Дизайн архитектурной среды» (ДАС);07.03.03;Дизайн архитектурной среды;Проектирование архитектурной среды;Очная форма;Бакалавриат
757;Обучается;2ДСб-1;3;Факультет кадастра и строительства (ФКС);Кафедра «Дизайн архитектурной среды» (ДАС);07.03.03;Дизайн архитектурной среды;Проектирование архитектурной среды;Очная форма;Бакалавриат
758;Академический отпуск;2ДСб-1;3;Факультет кадастра и строительства (ФКС);Кафедра «Дизайн архитектурной среды» (ДАС);07.03.03;Дизайн архитектурной среды;Проектирование архитектурной среды;Очная форма;Бакалавриат
759;Обучается;2ДСб-1;3;Факультет кадастра и строительства (ФКС);Кафедра «Дизайн архитектурной среды» (ДАС);07.03.03;Дизайн архитектурной среды;Проектирование архитектурной среды;Очная форма;Бакалавриат
760;Обучается;2ДСб-1;3;Факультет кадастра и строительства (ФКС);Кафедра «Дизайн архитектурной среды» (ДАС);07.03.03;Дизайн архитектурной среды;Проектирование архитектурной среды;Очная форма;Бакалавриат
761;Обучается;1ДСб-1;4;Факультет кадастра и строительства (ФКС);Кафедра «Дизайн архитектурной среды» (ДАС);07.03.03;Дизайн архитектурной среды;Проектирование архитектурной среды;Очная форма;Бакалавриат
762;Обучается;1ДСб-1;4;Факультет кадастра и строительства (ФКС);Кафедра «Дизайн архитектурной среды» (ДАС);07.03.03;Дизайн архитектурной среды;Проектирование архитектурной среды;Очная форма;Бакалавриат
763;Обучается;1ДСб-1;4;Факультет кадастра и строительства (ФКС);Кафедра «Дизайн архитектурной среды» (ДАС);07.03.03;Дизайн архитектурной среды;Проектирование архитектурной среды;Очная форма;Бакалавриат
764;Обучается;1ДСб-1;4;Факультет кадастра и строительства (ФКС);Кафедра «Дизайн архитектурной среды» (ДАС);07.03.03;Дизайн архитектурной среды;Проектирование архитектурной среды;Очная форма;Бакалавриат
765;Обучается;1ДСб-1;4;Факультет кадастра и строительства (ФКС);Кафедра «Дизайн архитектурной среды» (ДАС);07.03.03;Дизайн архитектурной среды;Проектирование архитектурной среды;Очная форма;Бакалавриат
766;Обучается;1ДСб-1;4;Факультет кадастра и строительства (ФКС);Кафедра «Дизайн архитектурной среды» (ДАС);07.03.03;Дизайн архитектурной среды;Проектирование архитектурной среды;Очная форма;Бакалавриат
767;Обучается;1ДСб-1;4;Факультет кадастра и строительства (ФКС);Кафедра «Дизайн архитектурной среды» (ДАС);07.03.03;Дизайн архитектурной среды;Проектирование архитектурной среды;Очная форма;Бакалавриат
768;Обучается;1ДСб-1;4;Факультет кадастра и строительства (ФКС);Кафедра «Дизайн архитектурной среды» (ДАС);07.03.03;Дизайн архитектурной среды;Проектирование архитектурной среды;Очная форма;Бакалавриат
769;Обучается;1ДСб-1;4;Факультет кадастра и строительства (ФКС);Кафедра «Дизайн архитектурной среды» (ДАС);07.03.03;Дизайн архитектурной среды;Проектирование архитектурной среды;Очная форма;Бакалавриат
770;Обучается;1ДСб-1;4;Факультет кадастра и строительства (ФКС);Кафедра «Дизайн архитектурной среды» (ДАС);07.03.03;Дизайн архитектурной среды;Проектирование архитектурной среды;Очная форма;Бакалавриат
771;Обучается;1ДСб-1;4;Факультет кадастра и строительства (ФКС);Кафедра «Дизайн архитектурной среды» (ДАС);07.03.03;Дизайн архитектурной среды;Проектирование архитектурной среды;Очная форма;Бакалавриат
772;Обучается;1ДСб-1;4;Факультет кадастра и строительства (ФКС);Кафедра «Дизайн архитектурной среды» (ДАС);07.03.03;Дизайн архитектурной среды;Проектирование архитектурной среды;Очная форма;Бакалавриат
773;Обучается;1ДСб-1;4;Факультет кадастра и строительства (ФКС);Кафедра «Дизайн архитектурной среды» (ДАС);07.03.03;Дизайн архитектурной среды;Проектирование архитектурной среды;Очная форма;Бакалавриат
774;Обучается;1ДСб-1;4;Факультет кадастра и строительства (ФКС);Кафедра «Дизайн архитектурной среды» (ДАС);07.03.03;Дизайн архитектурной среды;Проектирование архитектурной среды;Очная форма;Бакалавриат
775;Обучается;1ДСб-1;4;Факультет кадастра и строительства (ФКС);Кафедра «Дизайн архитектурной среды» (ДАС);07.03.03;Дизайн архитектурной среды;Проектирование архитектурной среды;Очная форма;Бакалавриат
776;Обучается;1ДСб-1;4;Факультет кадастра и строительства (ФКС);Кафедра «Дизайн архитектурной среды» (ДАС);07.03.03;Дизайн архитектурной среды;Проектирование архитектурной среды;Очная форма;Бакалавриат
777;Обучается;1ДСб-1;4;Факультет кадастра и строительства (ФКС);Кафедра «Дизайн архитектурной среды» (ДАС);07.03.03;Дизайн архитектурной среды;Проектирование архитектурной среды;Очная форма;Бакалавриат
778;Обучается;1ДСб-1;4;Факультет кадастра и строительства (ФКС);Кафедра «Дизайн архитектурной среды» (ДАС);07.03.03;Дизайн архитектурной среды;Проектирование архитектурной среды;Очная форма;Бакалавриат
779;Обучается;1ДСб-1;4;Факультет кадастра и строительства (ФКС);Кафедра «Дизайн архитектурной среды» (ДАС);07.03.03;Дизайн архитектурной среды;Проектирование архитектурной среды;Очная форма;Бакалавриат
780;Обучается;1ДСб-1;4;Факультет кадастра и строительства (ФКС);Кафедра «Дизайн архитектурной среды» (ДАС);07.03.03;Дизайн архитектурной среды;Проектирование архитектурной среды;Очная форма;Бакалавриат
781;Обучается;1ДСб-1;4;Факультет кадастра и строительства (ФКС);Кафедра «Дизайн архитектурной среды» (ДАС);07.03.03;Дизайн архитектурной среды;Проектирование архитектурной среды;Очная форма;Бакалавриат
782;Обучается;2ДСб-2К;4;Факультет кадастра и строительства (ФКС);Кафедра «Дизайн архитектурной среды» (ДАС);07.03.03;Дизайн архитектурной среды;Проектирование городской среды;Очная форма;Бакалавриат
783;Обучается;2ДСб-2К;4;Факультет кадастра и строительства (ФКС);Кафедра «Дизайн архитектурной среды» (ДАС);07.03.03;Дизайн архитектурной среды;Проектирование городской среды;Очная форма;Бакалавриат
784;Обучается;2ДСб-2К;4;Факультет кадастра и строительства (ФКС);Кафедра «Дизайн архитектурной среды» (ДАС);07.03.03;Дизайн архитектурной среды;Проектирование городской среды;Очная форма;Бакалавриат
785;Обучается;2ДСб-2К;4;Факультет кадастра и строительства (ФКС);Кафедра «Дизайн архитектурной среды» (ДАС);07.03.03;Дизайн архитектурной среды;Проектирование городской среды;Очная форма;Бакалавриат
786;Обучается;2ДСб-2К;4;Факультет кадастра и строительства (ФКС);Кафедра «Дизайн архитектурной среды» (ДАС);07.03.03;Дизайн архитектурной среды;Проектирование городской среды;Очная форма;Бакалавриат
787;Обучается;2ДСб-2К;4;Факультет кадастра и строительства (ФКС);Кафедра «Дизайн архитектурной среды» (ДАС);07.03.03;Дизайн архитектурной среды;Проектирование городской среды;Очная форма;Бакалавриат
788;Обучается;2ДСб-2К;4;Факультет кадастра и строительства (ФКС);Кафедра «Дизайн архитектурной среды» (ДАС);07.03.03;Дизайн архитектурной среды;Проектирование городской среды;Очная форма;Бакалавриат
789;Обучается;2ДСб-2К;4;Факультет кадастра и строительства (ФКС);Кафедра «Дизайн архитектурной среды» (ДАС);07.03.03;Дизайн архитектурной среды;Проектирование городской среды;Очная форма;Бакалавриат
790;Обучается;0ДСб-1;5;Факультет кадастра и строительства (ФКС);Кафедра «Дизайн архитектурной среды» (ДАС);07.03.03;Дизайн архитектурной среды;Проектирование архитектурной среды;Очная форма;Бакалавриат
791;Обучается;0ДСб-1;5;Факультет кадастра и строительства (ФКС);Кафедра «Дизайн архитектурной среды» (ДАС);07.03.03;Дизайн архитектурной среды;Проектирование архитектурной среды;Очная форма;Бакалавриат
792;Обучается;0ДСб-1;5;Факультет кадастра и строительства (ФКС);Кафедра «Дизайн архитектурной среды» (ДАС);07.03.03;Дизайн архитектурной среды;Проектирование архитектурной среды;Очная форма;Бакалавриат
793;Академический отпуск;0ДСб-1;5;Факультет кадастра и строительства (ФКС);Кафедра «Дизайн архитектурной среды» (ДАС);07.03.03;Дизайн архитектурной среды;Проектирование архитектурной среды;Очная форма;Бакалавриат
794;Обучается;0ДСб-1;5;Факультет кадастра и строительства (ФКС);Кафедра «Дизайн архитектурной среды» (ДАС);07.03.03;Дизайн архитектурной среды;Проектирование архитектурной среды;Очная форма;Бакалавриат
795;Обучается;0ДСб-1;5;Факультет кадастра и строительства (ФКС);Кафедра «Дизайн архитектурной среды» (ДАС);07.03.03;Дизайн архитектурной среды;Проектирование архитектурной среды;Очная форма;Бакалавриат
796;Обучается;0ДСб-1;5;Факультет кадастра и строительства (ФКС);Кафедра «Дизайн архитектурной среды» (ДАС);07.03.03;Дизайн архитектурной среды;Проектирование архитектурной среды;Очная форма;Бакалавриат
797;Обучается;0ДСб-1;5;Факультет кадастра и строительства (ФКС);Кафедра «Дизайн архитектурной среды» (ДАС);07.03.03;Дизайн архитектурной среды;Проектирование архитектурной среды;Очная форма;Бакалавриат
798;Обучается;0ДСб-1;5;Факультет кадастра и строительства (ФКС);Кафедра «Дизайн архитектурной среды» (ДАС);07.03.03;Дизайн архитектурной среды;Проектирование архитектурной среды;Очная форма;Бакалавриат
799;Обучается;0ДСб-1;5;Факультет кадастра и строительства (ФКС);Кафедра «Дизайн архитектурной среды» (ДАС);07.03.03;Дизайн архитектурной среды;Проектирование архитектурной среды;Очная форма;Бакалавриат
800;Обучается;0ДСб-1;5;Факультет кадастра и строительства (ФКС);Кафедра «Дизайн архитектурной среды» (ДАС);07.03.03;Дизайн архитектурной среды;Проектирование архитектурной среды;Очная форма;Бакалавриат
801;Обучается;0ДСб-1;5;Факультет кадастра и строительства (ФКС);Кафедра «Дизайн архитектурной среды» (ДАС);07.03.03;Дизайн архитектурной среды;Проектирование архитектурной среды;Очная форма;Бакалавриат
802;Обучается;0ДСб-1;5;Факультет кадастра и строительства (ФКС);Кафедра «Дизайн архитектурной среды» (ДАС);07.03.03;Дизайн архитектурной среды;Проектирование архитектурной среды;Очная форма;Бакалавриат
803;Обучается;1ДСб-2К;5;Факультет кадастра и строительства (ФКС);Кафедра «Дизайн архитектурной среды» (ДАС);07.03.03;Дизайн архитектурной среды;Проектирование городской среды;Очная форма;Бакалавриат
804;Обучается;1ДСб-2К;5;Факультет кадастра и строительства (ФКС);Кафедра «Дизайн архитектурной среды» (ДАС);07.03.03;Дизайн архитектурной среды;Проектирование городской среды;Очная форма;Бакалавриат
805;Обучается;1ДСб-2К;5;Факультет кадастра и строительства (ФКС);Кафедра «Дизайн архитектурной среды» (ДАС);07.03.03;Дизайн архитектурной среды;Проектирование городской среды;Очная форма;Бакалавриат
806;Обучается;1ДСб-2К;5;Факультет кадастра и строительства (ФКС);Кафедра «Дизайн архитектурной среды» (ДАС);07.03.03;Дизайн архитектурной среды;Проектирование городской среды;Очная форма;Бакалавриат
807;Обучается;1ДСб-2К;5;Факультет кадастра и строительства (ФКС);Кафедра «Дизайн архитектурной среды» (ДАС);07.03.03;Дизайн архитектурной среды;Проектирование городской среды;Очная форма;Бакалавриат
808;Обучается;1ДСб-2К;5;Факультет кадастра и строительства (ФКС);Кафедра «Дизайн архитектурной среды» (ДАС);07.03.03;Дизайн архитектурной среды;Проектирование городской среды;Очная форма;Бакалавриат
809;Обучается;1ДСб-2К;5;Факультет кадастра и строительства (ФКС);Кафедра «Дизайн архитектурной среды» (ДАС);07.03.03;Дизайн архитектурной среды;Проектирование городской среды;Очная форма;Бакалавриат
810;Обучается;1ДСб-2К;5;Факультет кадастра и строительства (ФКС);Кафедра «Дизайн архитектурной среды» (ДАС);07.03.03;Дизайн архитектурной среды;Проектирование городской среды;Очная форма;Бакалавриат
811;Обучается;1ДСб-2К;5;Факультет кадастра и строительства (ФКС);Кафедра «Дизайн архитектурной среды» (ДАС);07.03.03;Дизайн архитектурной среды;Проектирование городской среды;Очная форма;Бакалавриат
812;Обучается;1ДСб-2К;5;Факультет кадастра и строительства (ФКС);Кафедра «Дизайн архитектурной среды» (ДАС);07.03.03;Дизайн архитектурной среды;Проектирование городской среды;Очная форма;Бакалавриат
813;Обучается;1ДСб-2К;5;Факультет кадастра и строительства (ФКС);Кафедра «Дизайн архитектурной среды» (ДАС);07.03.03;Дизайн архитектурной среды;Проектирование городской среды;Очная форма;Бакалавриат
814;Обучается;1ДСб-2К;5;Факультет кадастра и строительства (ФКС);Кафедра «Дизайн архитектурной среды» (ДАС);07.03.03;Дизайн архитектурной среды;Проектирование городской среды;Очная форма;Бакалавриат
815;Обучается;4ДСм-1;1;Факультет кадастра и строительства (ФКС);Кафедра «Дизайн архитектурной среды» (ДАС);07.04.03;Дизайн архитектурной среды;Проектирование архитектурной среды;Очная форма;Магистратура
816;Обучается;4ДСм-1;1;Факультет кадастра и строительства (ФКС);Кафедра «Дизайн архитектурной среды» (ДАС);07.04.03;Дизайн архитектурной среды;Проектирование архитектурной среды;Очная форма;Магистратура
817;Обучается;4ДСм-1;1;Факультет кадастра и строительства (ФКС);Кафедра «Дизайн архитектурной среды» (ДАС);07.04.03;Дизайн архитектурной среды;Проектирование архитектурной среды;Очная форма;Магистратура
818;Обучается;4ДСм-1;1;Факультет кадастра и строительства (ФКС);Кафедра «Дизайн архитектурной среды» (ДАС);07.04.03;Дизайн архитектурной среды;Проектирование архитектурной среды;Очная форма;Магистратура
819;Обучается;4ДСм-1;1;Факультет кадастра и строительства (ФКС);Кафедра «Дизайн архитектурной среды» (ДАС);07.04.03;Дизайн архитектурной среды;Проектирование архитектурной среды;Очная форма;Магистратура
820;Обучается;4ДСм-1;1;Факультет кадастра и строительства (ФКС);Кафедра «Дизайн архитектурной среды» (ДАС);07.04.03;Дизайн архитектурной среды;Проектирование архитектурной среды;Очная форма;Магистратура
821;Обучается;4ДСм-1;1;Факультет кадастра и строительства (ФКС);Кафедра «Дизайн архитектурной среды» (ДАС);07.04.03;Дизайн архитектурной среды;Проектирование архитектурной среды;Очная форма;Магистратура
822;Обучается;4ДСм-1;1;Факультет кадастра и строительства (ФКС);Кафедра «Дизайн архитектурной среды» (ДАС);07.04.03;Дизайн архитектурной среды;Проектирование архитектурной среды;Очная форма;Магистратура
823;Академический отпуск;4ДСм-1;1;Факультет кадастра и строительства (ФКС);Кафедра «Дизайн архитектурной среды» (ДАС);07.04.03;Дизайн архитектурной среды;Проектирование архитектурной среды;Очная форма;Магистратура
824;Обучается;3ДСм-1;2;Факультет кадастра и строительства (ФКС);Кафедра «Дизайн архитектурной среды» (ДАС);07.04.03;Дизайн архитектурной среды;Проектирование архитектурной среды;Очная форма;Магистратура
825;Обучается;3ДСм-1;2;Факультет кадастра и строительства (ФКС);Кафедра «Дизайн архитектурной среды» (ДАС);07.04.03;Дизайн архитектурной среды;Проектирование архитектурной среды;Очная форма;Магистратура
826;Обучается;3ДСм-1;2;Факультет кадастра и строительства (ФКС);Кафедра «Дизайн архитектурной среды» (ДАС);07.04.03;Дизайн архитектурной среды;Проектирование архитектурной среды;Очная форма;Магистратура
827;Обучается;3ДСм-1;2;Факультет кадастра и строительства (ФКС);Кафедра «Дизайн архитектурной среды» (ДАС);07.04.03;Дизайн архитектурной среды;Проектирование архитектурной среды;Очная форма;Магистратура
828;Обучается;3ДСм-1;2;Факультет кадастра и строительства (ФКС);Кафедра «Дизайн архитектурной среды» (ДАС);07.04.03;Дизайн архитектурной среды;Проектирование архитектурной среды;Очная форма;Магистратура
829;Обучается;3ДСм-1;2;Факультет кадастра и строительства (ФКС);Кафедра «Дизайн архитектурной среды» (ДАС);07.04.03;Дизайн архитектурной среды;Проектирование архитектурной среды;Очная форма;Магистратура
830;Обучается;3ДСм-1;2;Факультет кадастра и строительства (ФКС);Кафедра «Дизайн архитектурной среды» (ДАС);07.04.03;Дизайн архитектурной среды;Проектирование архитектурной среды;Очная форма;Магистратура
831;Обучается;3ДСм-1;2;Факультет кадастра и строительства (ФКС);Кафедра «Дизайн архитектурной среды» (ДАС);07.04.03;Дизайн архитектурной среды;Проектирование архитектурной среды;Очная форма;Магистратура
832;Академический отпуск;4ТБб-1;1;Факультет кадастра и строительства (ФКС);Кафедра «Кадастры и техносферная безопасность» (КТБ);20.03.01;Техносферная безопасность;Безопасность жизнедеятельности в техносфере;Очная форма;Бакалавриат
833;Обучается;4ТБб-1;1;Факультет кадастра и строительства (ФКС);Кафедра «Кадастры и техносферная безопасность» (КТБ);20.03.01;Техносферная безопасность;Безопасность жизнедеятельности в техносфере;Очная форма;Бакалавриат
834;Обучается;4ТБб-1;1;Факультет кадастра и строительства (ФКС);Кафедра «Кадастры и техносферная безопасность» (КТБ);20.03.01;Техносферная безопасность;Безопасность жизнедеятельности в техносфере;Очная форма;Бакалавриат
835;Академический отпуск;4ТБб-1;1;Факультет кадастра и строительства (ФКС);Кафедра «Кадастры и техносферная безопасность» (КТБ);20.03.01;Техносферная безопасность;Безопасность жизнедеятельности в техносфере;Очная форма;Бакалавриат
836;Обучается;4ТБб-1;1;Факультет кадастра и строительства (ФКС);Кафедра «Кадастры и техносферная безопасность» (КТБ);20.03.01;Техносферная безопасность;Безопасность жизнедеятельности в техносфере;Очная форма;Бакалавриат
837;Обучается;4ТБб-1;1;Факультет кадастра и строительства (ФКС);Кафедра «Кадастры и техносферная безопасность» (КТБ);20.03.01;Техносферная безопасность;Безопасность жизнедеятельности в техносфере;Очная форма;Бакалавриат
838;Обучается;4ТБб-1;1;Факультет кадастра и строительства (ФКС);Кафедра «Кадастры и техносферная безопасность» (КТБ);20.03.01;Техносферная безопасность;Безопасность жизнедеятельности в техносфере;Очная форма;Бакалавриат
839;Обучается;4ТБб-1;1;Факультет кадастра и строительства (ФКС);Кафедра «Кадастры и техносферная безопасность» (КТБ);20.03.01;Техносферная безопасность;Безопасность жизнедеятельности в техносфере;Очная форма;Бакалавриат
840;Обучается;4ТБб-1;1;Факультет кадастра и строительства (ФКС);Кафедра «Кадастры и техносферная безопасность» (КТБ);20.03.01;Техносферная безопасность;Безопасность жизнедеятельности в техносфере;Очная форма;Бакалавриат
841;Академический отпуск;4ТБб-1;1;Факультет кадастра и строительства (ФКС);Кафедра «Кадастры и техносферная безопасность» (КТБ);20.03.01;Техносферная безопасность;Безопасность жизнедеятельности в техносфере;Очная форма;Бакалавриат
842;Обучается;4ТБб-2П;1;Факультет кадастра и строительства (ФКС);Кафедра «Кадастры и техносферная безопасность» (КТБ);20.03.01;Техносферная безопасность;Безопасность жизнедеятельности в техносфере;Очная форма;Бакалавриат
843;Академический отпуск;4ТБб-2П;1;Факультет кадастра и строительства (ФКС);Кафедра «Кадастры и техносферная безопасность» (КТБ);20.03.01;Техносферная безопасность;Безопасность жизнедеятельности в техносфере;Очная форма;Бакалавриат
844;Обучается;4ТБб-2П;1;Факультет кадастра и строительства (ФКС);Кафедра «Кадастры и техносферная безопасность» (КТБ);20.03.01;Техносферная безопасность;Безопасность жизнедеятельности в техносфере;Очная форма;Бакалавриат
845;Академический отпуск;4ТБб-2П;1;Факультет кадастра и строительства (ФКС);Кафедра «Кадастры и техносферная безопасность» (КТБ);20.03.01;Техносферная безопасность;Безопасность жизнедеятельности в техносфере;Очная форма;Бакалавриат
846;Обучается;4ТБб-2П;1;Факультет кадастра и строительства (ФКС);Кафедра «Кадастры и техносферная безопасность» (КТБ);20.03.01;Техносферная безопасность;Безопасность жизнедеятельности в техносфере;Очная форма;Бакалавриат
847;Обучается;4ТБб-2П;1;Факультет кадастра и строительства (ФКС);Кафедра «Кадастры и техносферная безопасность» (КТБ);20.03.01;Техносферная безопасность;Безопасность жизнедеятельности в техносфере;Очная форма;Бакалавриат
848;Обучается;4ТБб-2П;1;Факультет кадастра и строительства (ФКС);Кафедра «Кадастры и техносферная безопасность» (КТБ);20.03.01;Техносферная безопасность;Безопасность жизнедеятельности в техносфере;Очная форма;Бакалавриат
849;Обучается;4ТБб-2П;1;Факультет кадастра и строительства (ФКС);Кафедра «Кадастры и техносферная безопасность» (КТБ);20.03.01;Техносферная безопасность;Безопасность жизнедеятельности в техносфере;Очная форма;Бакалавриат
850;Обучается;4ТБб-2П;1;Факультет кадастра и строительства (ФКС);Кафедра «Кадастры и техносферная безопасность» (КТБ);20.03.01;Техносферная безопасность;Безопасность жизнедеятельности в техносфере;Очная форма;Бакалавриат
851;Обучается;4ТБб-2П;1;Факультет кадастра и строительства (ФКС);Кафедра «Кадастры и техносферная безопасность» (КТБ);20.03.01;Техносферная безопасность;Безопасность жизнедеятельности в техносфере;Очная форма;Бакалавриат
852;Обучается;4ТБб-2П;1;Факультет кадастра и строительства (ФКС);Кафедра «Кадастры и техносферная безопасность» (КТБ);20.03.01;Техносферная безопасность;Безопасность жизнедеятельности в техносфере;Очная форма;Бакалавриат
853;Обучается;4ТБб-2П;1;Факультет кадастра и строительства (ФКС);Кафедра «Кадастры и техносферная безопасность» (КТБ);20.03.01;Техносферная безопасность;Безопасность жизнедеятельности в техносфере;Очная форма;Бакалавриат
854;Обучается;4ТБб-2П;1;Факультет кадастра и строительства (ФКС);Кафедра «Кадастры и техносферная безопасность» (КТБ);20.03.01;Техносферная безопасность;Безопасность жизнедеятельности в техносфере;Очная форма;Бакалавриат
855;Обучается;3ТБб-1;2;Факультет кадастра и строительства (ФКС);Кафедра «Кадастры и техносферная безопасность» (КТБ);20.03.01;Техносферная безопасность;Безопасность жизнедеятельности в техносфере;Очная форма;Бакалавриат
856;Обучается;3ТБб-1;2;Факультет кадастра и строительства (ФКС);Кафедра «Кадастры и техносферная безопасность» (КТБ);20.03.01;Техносферная безопасность;Безопасность жизнедеятельности в техносфере;Очная форма;Бакалавриат
857;Обучается;3ТБб-1;2;Факультет кадастра и строительства (ФКС);Кафедра «Кадастры и техносферная безопасность» (КТБ);20.03.01;Техносферная безопасность;Безопасность жизнедеятельности в техносфере;Очная форма;Бакалавриат
858;Обучается;3ТБб-1;2;Факультет кадастра и строительства (ФКС);Кафедра «Кадастры и техносферная безопасность» (КТБ);20.03.01;Техносферная безопасность;Безопасность жизнедеятельности в техносфере;Очная форма;Бакалавриат
859;Обучается;3ТБб-1;2;Факультет кадастра и строительства (ФКС);Кафедра «Кадастры и техносферная безопасность» (КТБ);20.03.01;Техносферная безопасность;Безопасность жизнедеятельности в техносфере;Очная форма;Бакалавриат
860;Обучается;3ТБб-1;2;Факультет кадастра и строительства (ФКС);Кафедра «Кадастры и техносферная безопасность» (КТБ);20.03.01;Техносферная безопасность;Безопасность жизнедеятельности в техносфере;Очная форма;Бакалавриат
861;Обучается;3ТБб-1;2;Факультет кадастра и строительства (ФКС);Кафедра «Кадастры и техносферная безопасность» (КТБ);20.03.01;Техносферная безопасность;Безопасность жизнедеятельности в техносфере;Очная форма;Бакалавриат
862;Обучается;3ТБб-1;2;Факультет кадастра и строительства (ФКС);Кафедра «Кадастры и техносферная безопасность» (КТБ);20.03.01;Техносферная безопасность;Безопасность жизнедеятельности в техносфере;Очная форма;Бакалавриат
863;Обучается;3ТБб-1;2;Факультет кадастра и строительства (ФКС);Кафедра «Кадастры и техносферная безопасность» (КТБ);20.03.01;Техносферная безопасность;Безопасность жизнедеятельности в техносфере;Очная форма;Бакалавриат
864;Обучается;3ТБб-1;2;Факультет кадастра и строительства (ФКС);Кафедра «Кадастры и техносферная безопасность» (КТБ);20.03.01;Техносферная безопасность;Безопасность жизнедеятельности в техносфере;Очная форма;Бакалавриат
865;Обучается;3ТБб-1;2;Факультет кадастра и строительства (ФКС);Кафедра «Кадастры и техносферная безопасность» (КТБ);20.03.01;Техносферная безопасность;Безопасность жизнедеятельности в техносфере;Очная форма;Бакалавриат
866;Обучается;1ТБб-1П;4;Факультет кадастра и строительства (ФКС);Кафедра «Кадастры и техносферная безопасность» (КТБ);20.03.01;Техносферная безопасность;Безопасность жизнедеятельности в техносфере;Очная форма;Бакалавриат
867;Обучается;1ТБб-1П;4;Факультет кадастра и строительства (ФКС);Кафедра «Кадастры и техносферная безопасность» (КТБ);20.03.01;Техносферная безопасность;Безопасность жизнедеятельности в техносфере;Очная форма;Бакалавриат
868;Обучается;1ТБб-1П;4;Факультет кадастра и строительства (ФКС);Кафедра «Кадастры и техносферная безопасность» (КТБ);20.03.01;Техносферная безопасность;Безопасность жизнедеятельности в техносфере;Очная форма;Бакалавриат
869;Обучается;1ТБб-1П;4;Факультет кадастра и строительства (ФКС);Кафедра «Кадастры и техносферная безопасность» (КТБ);20.03.01;Техносферная безопасность;Безопасность жизнедеятельности в техносфере;Очная форма;Бакалавриат
870;Обучается;1ТБб-1П;4;Факультет кадастра и строительства (ФКС);Кафедра «Кадастры и техносферная безопасность» (КТБ);20.03.01;Техносферная безопасность;Безопасность жизнедеятельности в техносфере;Очная форма;Бакалавриат
871;Обучается;1ТБб-1П;4;Факультет кадастра и строительства (ФКС);Кафедра «Кадастры и техносферная безопасность» (КТБ);20.03.01;Техносферная безопасность;Безопасность жизнедеятельности в техносфере;Очная форма;Бакалавриат
872;Обучается;1ТБб-1П;4;Факультет кадастра и строительства (ФКС);Кафедра «Кадастры и техносферная безопасность» (КТБ);20.03.01;Техносферная безопасность;Безопасность жизнедеятельности в техносфере;Очная форма;Бакалавриат
873;Академический отпуск;1ТБб-1П;4;Факультет кадастра и строительства (ФКС);Кафедра «Кадастры и техносферная безопасность» (КТБ);20.03.01;Техносферная безопасность;Безопасность жизнедеятельности в техносфере;Очная форма;Бакалавриат
874;Обучается;1ТБб-1П;4;Факультет кадастра и строительства (ФКС);Кафедра «Кадастры и техносферная безопасность» (КТБ);20.03.01;Техносферная безопасность;Безопасность жизнедеятельности в техносфере;Очная форма;Бакалавриат
875;Обучается;1ТБб-1П;4;Факультет кадастра и строительства (ФКС);Кафедра «Кадастры и техносферная безопасность» (КТБ);20.03.01;Техносферная безопасность;Безопасность жизнедеятельности в техносфере;Очная форма;Бакалавриат
876;Обучается;1ТБб-1П;4;Факультет кадастра и строительства (ФКС);Кафедра «Кадастры и техносферная безопасность» (КТБ);20.03.01;Техносферная безопасность;Безопасность жизнедеятельности в техносфере;Очная форма;Бакалавриат
877;Обучается;1ТБб-1П;4;Факультет кадастра и строительства (ФКС);Кафедра «Кадастры и техносферная безопасность» (КТБ);20.03.01;Техносферная безопасность;Безопасность жизнедеятельности в техносфере;Очная форма;Бакалавриат
878;Обучается;1ТБб-1П;4;Факультет кадастра и строительства (ФКС);Кафедра «Кадастры и техносферная безопасность» (КТБ);20.03.01;Техносферная безопасность;Безопасность жизнедеятельности в техносфере;Очная форма;Бакалавриат
879;Обучается;1ТБб-1П;4;Факультет кадастра и строительства (ФКС);Кафедра «Кадастры и техносферная безопасность» (КТБ);20.03.01;Техносферная безопасность;Безопасность жизнедеятельности в техносфере;Очная форма;Бакалавриат
880;Обучается;1ТБб-1П;4;Факультет кадастра и строительства (ФКС);Кафедра «Кадастры и техносферная безопасность» (КТБ);20.03.01;Техносферная безопасность;Безопасность жизнедеятельности в техносфере;Очная форма;Бакалавриат
881;Обучается;1ТБб-1П;4;Факультет кадастра и строительства (ФКС);Кафедра «Кадастры и техносферная безопасность» (КТБ);20.03.01;Техносферная безопасность;Безопасность жизнедеятельности в техносфере;Очная форма;Бакалавриат
882;Обучается;1ТБб-1П;4;Факультет кадастра и строительства (ФКС);Кафедра «Кадастры и техносферная безопасность» (КТБ);20.03.01;Техносферная безопасность;Безопасность жизнедеятельности в техносфере;Очная форма;Бакалавриат
883;Обучается;1ТБб-1П;4;Факультет кадастра и строительства (ФКС);Кафедра «Кадастры и техносферная безопасность» (КТБ);20.03.01;Техносферная безопасность;Безопасность жизнедеятельности в техносфере;Очная форма;Бакалавриат
884;Обучается;1ТБб-1П;4;Факультет кадастра и строительства (ФКС);Кафедра «Кадастры и техносферная безопасность» (КТБ);20.03.01;Техносферная безопасность;Безопасность жизнедеятельности в техносфере;Очная форма;Бакалавриат
885;Обучается;1ТБб-1П;4;Факультет кадастра и строительства (ФКС);Кафедра «Кадастры и техносферная безопасность» (КТБ);20.03.01;Техносферная безопасность;Безопасность жизнедеятельности в техносфере;Очная форма;Бакалавриат
886;Обучается;1ТБб-1П;4;Факультет кадастра и строительства (ФКС);Кафедра «Кадастры и техносферная безопасность» (КТБ);20.03.01;Техносферная безопасность;Безопасность жизнедеятельности в техносфере;Очная форма;Бакалавриат
887;Обучается;2КЗб-1П;3;Факультет кадастра и строительства (ФКС);Кафедра «Кадастры и техносферная безопасность» (КТБ);21.03.02;Землеустройство и кадастры;Кадастр недвижимости;Очная форма;Бакалавриат
888;Обучается;2КЗб-1П;3;Факультет кадастра и строительства (ФКС);Кафедра «Кадастры и техносферная безопасность» (КТБ);21.03.02;Землеустройство и кадастры;Кадастр недвижимости;Очная форма;Бакалавриат
889;Обучается;2КЗб-1П;3;Факультет кадастра и строительства (ФКС);Кафедра «Кадастры и техносферная безопасность» (КТБ);21.03.02;Землеустройство и кадастры;Кадастр недвижимости;Очная форма;Бакалавриат
890;Обучается;2КЗб-1П;3;Факультет кадастра и строительства (ФКС);Кафедра «Кадастры и техносферная безопасность» (КТБ);21.03.02;Землеустройство и кадастры;Кадастр недвижимости;Очная форма;Бакалавриат
891;Обучается;2КЗб-1П;3;Факультет кадастра и строительства (ФКС);Кафедра «Кадастры и техносферная безопасность» (КТБ);21.03.02;Землеустройство и кадастры;Кадастр недвижимости;Очная форма;Бакалавриат
892;Обучается;2КЗб-1П;3;Факультет кадастра и строительства (ФКС);Кафедра «Кадастры и техносферная безопасность» (КТБ);21.03.02;Землеустройство и кадастры;Кадастр недвижимости;Очная форма;Бакалавриат
893;Обучается;2КЗб-1П;3;Факультет кадастра и строительства (ФКС);Кафедра «Кадастры и техносферная безопасность» (КТБ);21.03.02;Землеустройство и кадастры;Кадастр недвижимости;Очная форма;Бакалавриат
894;Обучается;2КЗб-1П;3;Факультет кадастра и строительства (ФКС);Кафедра «Кадастры и техносферная безопасность» (КТБ);21.03.02;Землеустройство и кадастры;Кадастр недвижимости;Очная форма;Бакалавриат
895;Обучается;2КЗб-1П;3;Факультет кадастра и строительства (ФКС);Кафедра «Кадастры и техносферная безопасность» (КТБ);21.03.02;Землеустройство и кадастры;Кадастр недвижимости;Очная форма;Бакалавриат
896;Обучается;2КЗб-1П;3;Факультет кадастра и строительства (ФКС);Кафедра «Кадастры и техносферная безопасность» (КТБ);21.03.02;Землеустройство и кадастры;Кадастр недвижимости;Очная форма;Бакалавриат
897;Обучается;2КЗб-1П;3;Факультет кадастра и строительства (ФКС);Кафедра «Кадастры и техносферная безопасность» (КТБ);21.03.02;Землеустройство и кадастры;Кадастр недвижимости;Очная форма;Бакалавриат
898;Обучается;2КЗб-1П;3;Факультет кадастра и строительства (ФКС);Кафедра «Кадастры и техносферная безопасность» (КТБ);21.03.02;Землеустройство и кадастры;Кадастр недвижимости;Очная форма;Бакалавриат
899;Обучается;2КЗб-1П;3;Факультет кадастра и строительства (ФКС);Кафедра «Кадастры и техносферная безопасность» (КТБ);21.03.02;Землеустройство и кадастры;Кадастр недвижимости;Очная форма;Бакалавриат
900;Обучается;2КЗб-1П;3;Факультет кадастра и строительства (ФКС);Кафедра «Кадастры и техносферная безопасность» (КТБ);21.03.02;Землеустройство и кадастры;Кадастр недвижимости;Очная форма;Бакалавриат
901;Обучается;2КЗб-1П;3;Факультет кадастра и строительства (ФКС);Кафедра «Кадастры и техносферная безопасность» (КТБ);21.03.02;Землеустройство и кадастры;Кадастр недвижимости;Очная форма;Бакалавриат
902;Обучается;2КЗб-1П;3;Факультет кадастра и строительства (ФКС);Кафедра «Кадастры и техносферная безопасность» (КТБ);21.03.02;Землеустройство и кадастры;Кадастр недвижимости;Очная форма;Бакалавриат
903;Академический отпуск;2КЗб-1П;3;Факультет кадастра и строительства (ФКС);Кафедра «Кадастры и техносферная безопасность» (КТБ);21.03.02;Землеустройство и кадастры;Кадастр недвижимости;Очная форма;Бакалавриат
904;Академический отпуск;2КЗб-1П;3;Факультет кадастра и строительства (ФКС);Кафедра «Кадастры и техносферная безопасность» (КТБ);21.03.02;Землеустройство и кадастры;Кадастр недвижимости;Очная форма;Бакалавриат
905;Обучается;1КЗб-1П;4;Факультет кадастра и строительства (ФКС);Кафедра «Кадастры и техносферная безопасность» (КТБ);21.03.02;Землеустройство и кадастры;Кадастр недвижимости;Очная форма;Бакалавриат
906;Обучается;1КЗб-1П;4;Факультет кадастра и строительства (ФКС);Кафедра «Кадастры и техносферная безопасность» (КТБ);21.03.02;Землеустройство и кадастры;Кадастр недвижимости;Очная форма;Бакалавриат
907;Обучается;1КЗб-1П;4;Факультет кадастра и строительства (ФКС);Кафедра «Кадастры и техносферная безопасность» (КТБ);21.03.02;Землеустройство и кадастры;Кадастр недвижимости;Очная форма;Бакалавриат
908;Обучается;1КЗб-1П;4;Факультет кадастра и строительства (ФКС);Кафедра «Кадастры и техносферная безопасность» (КТБ);21.03.02;Землеустройство и кадастры;Кадастр недвижимости;Очная форма;Бакалавриат
909;Академический отпуск;1КЗб-1П;4;Факультет кадастра и строительства (ФКС);Кафедра «Кадастры и техносферная безопасность» (КТБ);21.03.02;Землеустройство и кадастры;Кадастр недвижимости;Очная форма;Бакалавриат
910;Обучается;1КЗб-1П;4;Факультет кадастра и строительства (ФКС);Кафедра «Кадастры и техносферная безопасность» (КТБ);21.03.02;Землеустройство и кадастры;Кадастр недвижимости;Очная форма;Бакалавриат
911;Обучается;1КЗб-1П;4;Факультет кадастра и строительства (ФКС);Кафедра «Кадастры и техносферная безопасность» (КТБ);21.03.02;Землеустройство и кадастры;Кадастр недвижимости;Очная форма;Бакалавриат
912;Обучается;4КЗм-1;1;Факультет кадастра и строительства (ФКС);Кафедра «Кадастры и техносферная безопасность» (КТБ);21.04.02;Землеустройство и кадастры;Кадастр недвижимости;Очная форма;Магистратура
913;Обучается;4КЗм-1;1;Факультет кадастра и строительства (ФКС);Кафедра «Кадастры и техносферная безопасность» (КТБ);21.04.02;Землеустройство и кадастры;Кадастр недвижимости;Очная форма;Магистратура
914;Обучается;4КЗм-1;1;Факультет кадастра и строительства (ФКС);Кафедра «Кадастры и техносферная безопасность» (КТБ);21.04.02;Землеустройство и кадастры;Кадастр недвижимости;Очная форма;Магистратура
915;Обучается;4КЗм-1;1;Факультет кадастра и строительства (ФКС);Кафедра «Кадастры и техносферная безопасность» (КТБ);21.04.02;Землеустройство и кадастры;Кадастр недвижимости;Очная форма;Магистратура
916;Обучается;4КЗм-1;1;Факультет кадастра и строительства (ФКС);Кафедра «Кадастры и техносферная безопасность» (КТБ);21.04.02;Землеустройство и кадастры;Кадастр недвижимости;Очная форма;Магистратура
917;Обучается;4КЗм-1;1;Факультет кадастра и строительства (ФКС);Кафедра «Кадастры и техносферная безопасность» (КТБ);21.04.02;Землеустройство и кадастры;Кадастр недвижимости;Очная форма;Магистратура
918;Обучается;4КЗм-1;1;Факультет кадастра и строительства (ФКС);Кафедра «Кадастры и техносферная безопасность» (КТБ);21.04.02;Землеустройство и кадастры;Кадастр недвижимости;Очная форма;Магистратура
919;Обучается;3КЗм-1;2;Факультет кадастра и строительства (ФКС);Кафедра «Кадастры и техносферная безопасность» (КТБ);21.04.02;Землеустройство и кадастры;Кадастр недвижимости;Очная форма;Магистратура
920;Обучается;3КЗм-1;2;Факультет кадастра и строительства (ФКС);Кафедра «Кадастры и техносферная безопасность» (КТБ);21.04.02;Землеустройство и кадастры;Кадастр недвижимости;Очная форма;Магистратура
921;Обучается;3КЗм-1;2;Факультет кадастра и строительства (ФКС);Кафедра «Кадастры и техносферная безопасность» (КТБ);21.04.02;Землеустройство и кадастры;Кадастр недвижимости;Очная форма;Магистратура
922;Обучается;3КЗм-1;2;Факультет кадастра и строительства (ФКС);Кафедра «Кадастры и техносферная безопасность» (КТБ);21.04.02;Землеустройство и кадастры;Кадастр недвижимости;Очная форма;Магистратура
923;Академический отпуск;3КЗм-1;2;Факультет кадастра и строительства (ФКС);Кафедра «Кадастры и техносферная безопасность» (КТБ);21.04.02;Землеустройство и кадастры;Кадастр недвижимости;Очная форма;Магистратура
924;Обучается;4ПСб-1;1;Факультет кадастра и строительства (ФКС);Кафедра «Строительство и архитектура» (СиА);08.03.01;Строительство;Промышленное и гражданское строительство;Очная форма;Бакалавриат
925;Обучается;4ПСб-1;1;Факультет кадастра и строительства (ФКС);Кафедра «Строительство и архитектура» (СиА);08.03.01;Строительство;Промышленное и гражданское строительство;Очная форма;Бакалавриат
926;Обучается;4ПСб-1;1;Факультет кадастра и строительства (ФКС);Кафедра «Строительство и архитектура» (СиА);08.03.01;Строительство;Промышленное и гражданское строительство;Очная форма;Бакалавриат
927;Академический отпуск;4ПСб-1;1;Факультет кадастра и строительства (ФКС);Кафедра «Строительство и архитектура» (СиА);08.03.01;Строительство;Промышленное и гражданское строительство;Очная форма;Бакалавриат
928;Обучается;4ПСб-1;1;Факультет кадастра и строительства (ФКС);Кафедра «Строительство и архитектура» (СиА);08.03.01;Строительство;Промышленное и гражданское строительство;Очная форма;Бакалавриат
929;Обучается;4ПСб-1;1;Факультет кадастра и строительства (ФКС);Кафедра «Строительство и архитектура» (СиА);08.03.01;Строительство;Промышленное и гражданское строительство;Очная форма;Бакалавриат
930;Обучается;4ПСб-1;1;Факультет кадастра и строительства (ФКС);Кафедра «Строительство и архитектура» (СиА);08.03.01;Строительство;Промышленное и гражданское строительство;Очная форма;Бакалавриат
931;Обучается;4ПСб-1;1;Факультет кадастра и строительства (ФКС);Кафедра «Строительство и архитектура» (СиА);08.03.01;Строительство;Промышленное и гражданское строительство;Очная форма;Бакалавриат
932;Обучается;4ПСб-1;1;Факультет кадастра и строительства (ФКС);Кафедра «Строительство и архитектура» (СиА);08.03.01;Строительство;Промышленное и гражданское строительство;Очная форма;Бакалавриат
933;Обучается;4ПСб-1;1;Факультет кадастра и строительства (ФКС);Кафедра «Строительство и архитектура» (СиА);08.03.01;Строительство;Промышленное и гражданское строительство;Очная форма;Бакалавриат
934;Обучается;4ПСб-1;1;Факультет кадастра и строительства (ФКС);Кафедра «Строительство и архитектура» (СиА);08.03.01;Строительство;Промышленное и гражданское строительство;Очная форма;Бакалавриат
935;Обучается;4ПСб-1;1;Факультет кадастра и строительства (ФКС);Кафедра «Строительство и архитектура» (СиА);08.03.01;Строительство;Промышленное и гражданское строительство;Очная форма;Бакалавриат
936;Обучается;4ПСб-1;1;Факультет кадастра и строительства (ФКС);Кафедра «Строительство и архитектура» (СиА);08.03.01;Строительство;Промышленное и гражданское строительство;Очная форма;Бакалавриат
937;Обучается;4ПСб-1;1;Факультет кадастра и строительства (ФКС);Кафедра «Строительство и архитектура» (СиА);08.03.01;Строительство;Промышленное и гражданское строительство;Очная форма;Бакалавриат
938;Обучается;4ПСб-1;1;Факультет кадастра и строительства (ФКС);Кафедра «Строительство и архитектура» (СиА);08.03.01;Строительство;Промышленное и гражданское строительство;Очная форма;Бакалавриат
939;Обучается;4ПСб-1;1;Факультет кадастра и строительства (ФКС);Кафедра «Строительство и архитектура» (СиА);08.03.01;Строительство;Промышленное и гражданское строительство;Очная форма;Бакалавриат
940;Обучается;3ПСб-1;2;Факультет кадастра и строительства (ФКС);Кафедра «Строительство и архитектура» (СиА);08.03.01;Строительство;Промышленное и гражданское строительство;Очная форма;Бакалавриат
941;Обучается;3ПСб-1;2;Факультет кадастра и строительства (ФКС);Кафедра «Строительство и архитектура» (СиА);08.03.01;Строительство;Промышленное и гражданское строительство;Очная форма;Бакалавриат
942;Обучается;3ПСб-1;2;Факультет кадастра и строительства (ФКС);Кафедра «Строительство и архитектура» (СиА);08.03.01;Строительство;Промышленное и гражданское строительство;Очная форма;Бакалавриат
943;Обучается;3ПСб-1;2;Факультет кадастра и строительства (ФКС);Кафедра «Строительство и архитектура» (СиА);08.03.01;Строительство;Промышленное и гражданское строительство;Очная форма;Бакалавриат
944;Обучается;3ПСб-1;2;Факультет кадастра и строительства (ФКС);Кафедра «Строительство и архитектура» (СиА);08.03.01;Строительство;Промышленное и гражданское строительство;Очная форма;Бакалавриат
945;Обучается;3ПСб-1;2;Факультет кадастра и строительства (ФКС);Кафедра «Строительство и архитектура» (СиА);08.03.01;Строительство;Промышленное и гражданское строительство;Очная форма;Бакалавриат
946;Обучается;3ПСб-1;2;Факультет кадастра и строительства (ФКС);Кафедра «Строительство и архитектура» (СиА);08.03.01;Строительство;Промышленное и гражданское строительство;Очная форма;Бакалавриат
947;Обучается;3ПСб-1;2;Факультет кадастра и строительства (ФКС);Кафедра «Строительство и архитектура» (СиА);08.03.01;Строительство;Промышленное и гражданское строительство;Очная форма;Бакалавриат
948;Обучается;3ПСб-1;2;Факультет кадастра и строительства (ФКС);Кафедра «Строительство и архитектура» (СиА);08.03.01;Строительство;Промышленное и гражданское строительство;Очная форма;Бакалавриат
949;Обучается;3ПСб-1;2;Факультет кадастра и строительства (ФКС);Кафедра «Строительство и архитектура» (СиА);08.03.01;Строительство;Промышленное и гражданское строительство;Очная форма;Бакалавриат
950;Обучается;3ПСб-1;2;Факультет кадастра и строительства (ФКС);Кафедра «Строительство и архитектура» (СиА);08.03.01;Строительство;Промышленное и гражданское строительство;Очная форма;Бакалавриат
951;Обучается;3ПСб-1;2;Факультет кадастра и строительства (ФКС);Кафедра «Строительство и архитектура» (СиА);08.03.01;Строительство;Промышленное и гражданское строительство;Очная форма;Бакалавриат
952;Обучается;3ПСб-1;2;Факультет кадастра и строительства (ФКС);Кафедра «Строительство и архитектура» (СиА);08.03.01;Строительство;Промышленное и гражданское строительство;Очная форма;Бакалавриат
953;Обучается;3ПСб-1;2;Факультет кадастра и строительства (ФКС);Кафедра «Строительство и архитектура» (СиА);08.03.01;Строительство;Промышленное и гражданское строительство;Очная форма;Бакалавриат
954;Обучается;3ПСб-1;2;Факультет кадастра и строительства (ФКС);Кафедра «Строительство и архитектура» (СиА);08.03.01;Строительство;Промышленное и гражданское строительство;Очная форма;Бакалавриат
955;Обучается;3ПСб-1;2;Факультет кадастра и строительства (ФКС);Кафедра «Строительство и архитектура» (СиА);08.03.01;Строительство;Промышленное и гражданское строительство;Очная форма;Бакалавриат
956;Обучается;3ПСб-1;2;Факультет кадастра и строительства (ФКС);Кафедра «Строительство и архитектура» (СиА);08.03.01;Строительство;Промышленное и гражданское строительство;Очная форма;Бакалавриат
957;Обучается;3ПСб-1;2;Факультет кадастра и строительства (ФКС);Кафедра «Строительство и архитектура» (СиА);08.03.01;Строительство;Промышленное и гражданское строительство;Очная форма;Бакалавриат
958;Обучается;3ПСб-1;2;Факультет кадастра и строительства (ФКС);Кафедра «Строительство и архитектура» (СиА);08.03.01;Строительство;Промышленное и гражданское строительство;Очная форма;Бакалавриат
959;Обучается;3ПСб-1;2;Факультет кадастра и строительства (ФКС);Кафедра «Строительство и архитектура» (СиА);08.03.01;Строительство;Промышленное и гражданское строительство;Очная форма;Бакалавриат
960;Обучается;4ПСб-2К;2;Факультет кадастра и строительства (ФКС);Кафедра «Строительство и архитектура» (СиА);08.03.01;Строительство;Производственно-технологическое обеспечение строительства;Очная форма;Бакалавриат
961;Обучается;4ПСб-2К;2;Факультет кадастра и строительства (ФКС);Кафедра «Строительство и архитектура» (СиА);08.03.01;Строительство;Производственно-технологическое обеспечение строительства;Очная форма;Бакалавриат
962;Обучается;4ПСб-2К;2;Факультет кадастра и строительства (ФКС);Кафедра «Строительство и архитектура» (СиА);08.03.01;Строительство;Производственно-технологическое обеспечение строительства;Очная форма;Бакалавриат
963;Обучается;4ПСб-2К;2;Факультет кадастра и строительства (ФКС);Кафедра «Строительство и архитектура» (СиА);08.03.01;Строительство;Производственно-технологическое обеспечение строительства;Очная форма;Бакалавриат
964;Обучается;4ПСб-2К;2;Факультет кадастра и строительства (ФКС);Кафедра «Строительство и архитектура» (СиА);08.03.01;Строительство;Производственно-технологическое обеспечение строительства;Очная форма;Бакалавриат
965;Обучается;4ПСб-2К;2;Факультет кадастра и строительства (ФКС);Кафедра «Строительство и архитектура» (СиА);08.03.01;Строительство;Производственно-технологическое обеспечение строительства;Очная форма;Бакалавриат
966;Обучается;4ПСб-2К;2;Факультет кадастра и строительства (ФКС);Кафедра «Строительство и архитектура» (СиА);08.03.01;Строительство;Производственно-технологическое обеспечение строительства;Очная форма;Бакалавриат
967;Обучается;4ПСб-2К;2;Факультет кадастра и строительства (ФКС);Кафедра «Строительство и архитектура» (СиА);08.03.01;Строительство;Производственно-технологическое обеспечение строительства;Очная форма;Бакалавриат
968;Обучается;4ПСб-2К;2;Факультет кадастра и строительства (ФКС);Кафедра «Строительство и архитектура» (СиА);08.03.01;Строительство;Производственно-технологическое обеспечение строительства;Очная форма;Бакалавриат
969;Обучается;4ПСб-2К;2;Факультет кадастра и строительства (ФКС);Кафедра «Строительство и архитектура» (СиА);08.03.01;Строительство;Производственно-технологическое обеспечение строительства;Очная форма;Бакалавриат
970;Обучается;4ПСб-2К;2;Факультет кадастра и строительства (ФКС);Кафедра «Строительство и архитектура» (СиА);08.03.01;Строительство;Производственно-технологическое обеспечение строительства;Очная форма;Бакалавриат
971;Обучается;4ПСб-2К;2;Факультет кадастра и строительства (ФКС);Кафедра «Строительство и архитектура» (СиА);08.03.01;Строительство;Производственно-технологическое обеспечение строительства;Очная форма;Бакалавриат
972;Обучается;4ПСб-2К;2;Факультет кадастра и строительства (ФКС);Кафедра «Строительство и архитектура» (СиА);08.03.01;Строительство;Производственно-технологическое обеспечение строительства;Очная форма;Бакалавриат
973;Обучается;4ПСб-2К;2;Факультет кадастра и строительства (ФКС);Кафедра «Строительство и архитектура» (СиА);08.03.01;Строительство;Производственно-технологическое обеспечение строительства;Очная форма;Бакалавриат
974;Обучается;4ПСб-2К;2;Факультет кадастра и строительства (ФКС);Кафедра «Строительство и архитектура» (СиА);08.03.01;Строительство;Производственно-технологическое обеспечение строительства;Очная форма;Бакалавриат
975;Обучается;4ПСб-2К;2;Факультет кадастра и строительства (ФКС);Кафедра «Строительство и архитектура» (СиА);08.03.01;Строительство;Производственно-технологическое обеспечение строительства;Очная форма;Бакалавриат
976;Обучается;4ПСб-2К;2;Факультет кадастра и строительства (ФКС);Кафедра «Строительство и архитектура» (СиА);08.03.01;Строительство;Производственно-технологическое обеспечение строительства;Очная форма;Бакалавриат
977;Обучается;4ПСб-2К;2;Факультет кадастра и строительства (ФКС);Кафедра «Строительство и архитектура» (СиА);08.03.01;Строительство;Производственно-технологическое обеспечение строительства;Очная форма;Бакалавриат
978;Обучается;4ПСб-2К;2;Факультет кадастра и строительства (ФКС);Кафедра «Строительство и архитектура» (СиА);08.03.01;Строительство;Производственно-технологическое обеспечение строительства;Очная форма;Бакалавриат
979;Обучается;4ПСб-2К;2;Факультет кадастра и строительства (ФКС);Кафедра «Строительство и архитектура» (СиА);08.03.01;Строительство;Производственно-технологическое обеспечение строительства;Очная форма;Бакалавриат
980;Обучается;4ПСб-2К;2;Факультет кадастра и строительства (ФКС);Кафедра «Строительство и архитектура» (СиА);08.03.01;Строительство;Производственно-технологическое обеспечение строительства;Очная форма;Бакалавриат
981;Обучается;4ПСб-2К;2;Факультет кадастра и строительства (ФКС);Кафедра «Строительство и архитектура» (СиА);08.03.01;Строительство;Производственно-технологическое обеспечение строительства;Очная форма;Бакалавриат
982;Обучается;4ПСб-2К;2;Факультет кадастра и строительства (ФКС);Кафедра «Строительство и архитектура» (СиА);08.03.01;Строительство;Производственно-технологическое обеспечение строительства;Очная форма;Бакалавриат
983;Обучается;4ПСб-2К;2;Факультет кадастра и строительства (ФКС);Кафедра «Строительство и архитектура» (СиА);08.03.01;Строительство;Производственно-технологическое обеспечение строительства;Очная форма;Бакалавриат
984;Обучается;4ПСб-2К;2;Факультет кадастра и строительства (ФКС);Кафедра «Строительство и архитектура» (СиА);08.03.01;Строительство;Производственно-технологическое обеспечение строительства;Очная форма;Бакалавриат
985;Обучается;4ПСб-2К;2;Факультет кадастра и строительства (ФКС);Кафедра «Строительство и архитектура» (СиА);08.03.01;Строительство;Производственно-технологическое обеспечение строительства;Очная форма;Бакалавриат
986;Обучается;4ПСб-2К;2;Факультет кадастра и строительства (ФКС);Кафедра «Строительство и архитектура» (СиА);08.03.01;Строительство;Производственно-технологическое обеспечение строительства;Очная форма;Бакалавриат
987;Обучается;4ПСб-2К;2;Факультет кадастра и строительства (ФКС);Кафедра «Строительство и архитектура» (СиА);08.03.01;Строительство;Производственно-технологическое обеспечение строительства;Очная форма;Бакалавриат
988;Обучается;4ПСб-3К;2;Факультет кадастра и строительства (ФКС);Кафедра «Строительство и архитектура» (СиА);08.03.01;Строительство;Производственно-технологическое обеспечение строительства;Очная форма;Бакалавриат
989;Обучается;4ПСб-3К;2;Факультет кадастра и строительства (ФКС);Кафедра «Строительство и архитектура» (СиА);08.03.01;Строительство;Производственно-технологическое обеспечение строительства;Очная форма;Бакалавриат
990;Обучается;4ПСб-3К;2;Факультет кадастра и строительства (ФКС);Кафедра «Строительство и архитектура» (СиА);08.03.01;Строительство;Производственно-технологическое обеспечение строительства;Очная форма;Бакалавриат
991;Обучается;4ПСб-3К;2;Факультет кадастра и строительства (ФКС);Кафедра «Строительство и архитектура» (СиА);08.03.01;Строительство;Производственно-технологическое обеспечение строительства;Очная форма;Бакалавриат
992;Обучается;4ПСб-3К;2;Факультет кадастра и строительства (ФКС);Кафедра «Строительство и архитектура» (СиА);08.03.01;Строительство;Производственно-технологическое обеспечение строительства;Очная форма;Бакалавриат
993;Обучается;4ПСб-3К;2;Факультет кадастра и строительства (ФКС);Кафедра «Строительство и архитектура» (СиА);08.03.01;Строительство;Производственно-технологическое обеспечение строительства;Очная форма;Бакалавриат
994;Обучается;4ПСб-3К;2;Факультет кадастра и строительства (ФКС);Кафедра «Строительство и архитектура» (СиА);08.03.01;Строительство;Производственно-технологическое обеспечение строительства;Очная форма;Бакалавриат
995;Обучается;4ПСб-3К;2;Факультет кадастра и строительства (ФКС);Кафедра «Строительство и архитектура» (СиА);08.03.01;Строительство;Производственно-технологическое обеспечение строительства;Очная форма;Бакалавриат
996;Обучается;4ПСб-3К;2;Факультет кадастра и строительства (ФКС);Кафедра «Строительство и архитектура» (СиА);08.03.01;Строительство;Производственно-технологическое обеспечение строительства;Очная форма;Бакалавриат
997;Обучается;4ПСб-3К;2;Факультет кадастра и строительства (ФКС);Кафедра «Строительство и архитектура» (СиА);08.03.01;Строительство;Производственно-технологическое обеспечение строительства;Очная форма;Бакалавриат
998;Обучается;4ПСб-3К;2;Факультет кадастра и строительства (ФКС);Кафедра «Строительство и архитектура» (СиА);08.03.01;Строительство;Производственно-технологическое обеспечение строительства;Очная форма;Бакалавриат
999;Обучается;4ПСб-3К;2;Факультет кадастра и строительства (ФКС);Кафедра «Строительство и архитектура» (СиА);08.03.01;Строительство;Производственно-технологическое обеспечение строительства;Очная форма;Бакалавриат
1000;Обучается;4ПСб-3К;2;Факультет кадастра и строительства (ФКС);Кафедра «Строительство и архитектура» (СиА);08.03.01;Строительство;Производственно-технологическое обеспечение строительства;Очная форма;Бакалавриат
1001;Обучается;4ПСб-3К;2;Факультет кадастра и строительства (ФКС);Кафедра «Строительство и архитектура» (СиА);08.03.01;Строительство;Производственно-технологическое обеспечение строительства;Очная форма;Бакалавриат
1002;Обучается;4ПСб-3К;2;Факультет кадастра и строительства (ФКС);Кафедра «Строительство и архитектура» (СиА);08.03.01;Строительство;Производственно-технологическое обеспечение строительства;Очная форма;Бакалавриат
1003;Обучается;4ПСб-3К;2;Факультет кадастра и строительства (ФКС);Кафедра «Строительство и архитектура» (СиА);08.03.01;Строительство;Производственно-технологическое обеспечение строительства;Очная форма;Бакалавриат
1004;Обучается;4ПСб-3К;2;Факультет кадастра и строительства (ФКС);Кафедра «Строительство и архитектура» (СиА);08.03.01;Строительство;Производственно-технологическое обеспечение строительства;Очная форма;Бакалавриат
1005;Обучается;4ПСб-3К;2;Факультет кадастра и строительства (ФКС);Кафедра «Строительство и архитектура» (СиА);08.03.01;Строительство;Производственно-технологическое обеспечение строительства;Очная форма;Бакалавриат
1006;Обучается;4ПСб-3К;2;Факультет кадастра и строительства (ФКС);Кафедра «Строительство и архитектура» (СиА);08.03.01;Строительство;Производственно-технологическое обеспечение строительства;Очная форма;Бакалавриат
1007;Обучается;4ПСб-3К;2;Факультет кадастра и строительства (ФКС);Кафедра «Строительство и архитектура» (СиА);08.03.01;Строительство;Производственно-технологическое обеспечение строительства;Очная форма;Бакалавриат
1008;Обучается;4ПСб-3К;2;Факультет кадастра и строительства (ФКС);Кафедра «Строительство и архитектура» (СиА);08.03.01;Строительство;Производственно-технологическое обеспечение строительства;Очная форма;Бакалавриат
1009;Обучается;4ПСб-3К;2;Факультет кадастра и строительства (ФКС);Кафедра «Строительство и архитектура» (СиА);08.03.01;Строительство;Производственно-технологическое обеспечение строительства;Очная форма;Бакалавриат
1010;Обучается;4ПСб-3К;2;Факультет кадастра и строительства (ФКС);Кафедра «Строительство и архитектура» (СиА);08.03.01;Строительство;Производственно-технологическое обеспечение строительства;Очная форма;Бакалавриат
1011;Обучается;4ПСб-3К;2;Факультет кадастра и строительства (ФКС);Кафедра «Строительство и архитектура» (СиА);08.03.01;Строительство;Производственно-технологическое обеспечение строительства;Очная форма;Бакалавриат
1012;Обучается;4ПСб-3К;2;Факультет кадастра и строительства (ФКС);Кафедра «Строительство и архитектура» (СиА);08.03.01;Строительство;Производственно-технологическое обеспечение строительства;Очная форма;Бакалавриат
1013;Обучается;4ПСб-3К;2;Факультет кадастра и строительства (ФКС);Кафедра «Строительство и архитектура» (СиА);08.03.01;Строительство;Производственно-технологическое обеспечение строительства;Очная форма;Бакалавриат
1014;Обучается;4ПСб-3К;2;Факультет кадастра и строительства (ФКС);Кафедра «Строительство и архитектура» (СиА);08.03.01;Строительство;Производственно-технологическое обеспечение строительства;Очная форма;Бакалавриат
1015;Обучается;4ПСб-3К;2;Факультет кадастра и строительства (ФКС);Кафедра «Строительство и архитектура» (СиА);08.03.01;Строительство;Производственно-технологическое обеспечение строительства;Очная форма;Бакалавриат
1016;Обучается;2ПСб-1;3;Факультет кадастра и строительства (ФКС);Кафедра «Строительство и архитектура» (СиА);08.03.01;Строительство;Промышленное и гражданское строительство;Очная форма;Бакалавриат
1017;Обучается;2ПСб-1;3;Факультет кадастра и строительства (ФКС);Кафедра «Строительство и архитектура» (СиА);08.03.01;Строительство;Промышленное и гражданское строительство;Очная форма;Бакалавриат
1018;Академический отпуск;2ПСб-1;3;Факультет кадастра и строительства (ФКС);Кафедра «Строительство и архитектура» (СиА);08.03.01;Строительство;Промышленное и гражданское строительство;Очная форма;Бакалавриат
1019;Обучается;2ПСб-1;3;Факультет кадастра и строительства (ФКС);Кафедра «Строительство и архитектура» (СиА);08.03.01;Строительство;Промышленное и гражданское строительство;Очная форма;Бакалавриат
1020;Обучается;2ПСб-1;3;Факультет кадастра и строительства (ФКС);Кафедра «Строительство и архитектура» (СиА);08.03.01;Строительство;Промышленное и гражданское строительство;Очная форма;Бакалавриат
1021;Обучается;2ПСб-1;3;Факультет кадастра и строительства (ФКС);Кафедра «Строительство и архитектура» (СиА);08.03.01;Строительство;Промышленное и гражданское строительство;Очная форма;Бакалавриат
1022;Обучается;2ПСб-1;3;Факультет кадастра и строительства (ФКС);Кафедра «Строительство и архитектура» (СиА);08.03.01;Строительство;Промышленное и гражданское строительство;Очная форма;Бакалавриат
1023;Обучается;2ПСб-1;3;Факультет кадастра и строительства (ФКС);Кафедра «Строительство и архитектура» (СиА);08.03.01;Строительство;Промышленное и гражданское строительство;Очная форма;Бакалавриат
1024;Обучается;2ПСб-1;3;Факультет кадастра и строительства (ФКС);Кафедра «Строительство и архитектура» (СиА);08.03.01;Строительство;Промышленное и гражданское строительство;Очная форма;Бакалавриат
1025;Обучается;2ПСб-1;3;Факультет кадастра и строительства (ФКС);Кафедра «Строительство и архитектура» (СиА);08.03.01;Строительство;Промышленное и гражданское строительство;Очная форма;Бакалавриат
1026;Обучается;2ПСб-1;3;Факультет кадастра и строительства (ФКС);Кафедра «Строительство и архитектура» (СиА);08.03.01;Строительство;Промышленное и гражданское строительство;Очная форма;Бакалавриат
1027;Академический отпуск;2ПСб-1;3;Факультет кадастра и строительства (ФКС);Кафедра «Строительство и архитектура» (СиА);08.03.01;Строительство;Промышленное и гражданское строительство;Очная форма;Бакалавриат
1028;Обучается;2ПСб-1;3;Факультет кадастра и строительства (ФКС);Кафедра «Строительство и архитектура» (СиА);08.03.01;Строительство;Промышленное и гражданское строительство;Очная форма;Бакалавриат
1029;Обучается;2ПСб-1;3;Факультет кадастра и строительства (ФКС);Кафедра «Строительство и архитектура» (СиА);08.03.01;Строительство;Промышленное и гражданское строительство;Очная форма;Бакалавриат
1030;Обучается;2ПСб-1;3;Факультет кадастра и строительства (ФКС);Кафедра «Строительство и архитектура» (СиА);08.03.01;Строительство;Промышленное и гражданское строительство;Очная форма;Бакалавриат
1031;Обучается;2ПСб-1;3;Факультет кадастра и строительства (ФКС);Кафедра «Строительство и архитектура» (СиА);08.03.01;Строительство;Промышленное и гражданское строительство;Очная форма;Бакалавриат
1032;Обучается;2ПСб-1;3;Факультет кадастра и строительства (ФКС);Кафедра «Строительство и архитектура» (СиА);08.03.01;Строительство;Промышленное и гражданское строительство;Очная форма;Бакалавриат
1033;Обучается;2ПСб-1;3;Факультет кадастра и строительства (ФКС);Кафедра «Строительство и архитектура» (СиА);08.03.01;Строительство;Промышленное и гражданское строительство;Очная форма;Бакалавриат
1034;Обучается;2ПСб-1;3;Факультет кадастра и строительства (ФКС);Кафедра «Строительство и архитектура» (СиА);08.03.01;Строительство;Промышленное и гражданское строительство;Очная форма;Бакалавриат
1035;Обучается;3ПСб-2К;3;Факультет кадастра и строительства (ФКС);Кафедра «Строительство и архитектура» (СиА);08.03.01;Строительство;Производственно-технологическое обеспечение строительства;Очная форма;Бакалавриат
1036;Обучается;3ПСб-2К;3;Факультет кадастра и строительства (ФКС);Кафедра «Строительство и архитектура» (СиА);08.03.01;Строительство;Производственно-технологическое обеспечение строительства;Очная форма;Бакалавриат
1037;Обучается;3ПСб-2К;3;Факультет кадастра и строительства (ФКС);Кафедра «Строительство и архитектура» (СиА);08.03.01;Строительство;Производственно-технологическое обеспечение строительства;Очная форма;Бакалавриат
1038;Обучается;3ПСб-2К;3;Факультет кадастра и строительства (ФКС);Кафедра «Строительство и архитектура» (СиА);08.03.01;Строительство;Производственно-технологическое обеспечение строительства;Очная форма;Бакалавриат
1039;Обучается;3ПСб-2К;3;Факультет кадастра и строительства (ФКС);Кафедра «Строительство и архитектура» (СиА);08.03.01;Строительство;Производственно-технологическое обеспечение строительства;Очная форма;Бакалавриат
1040;Обучается;3ПСб-2К;3;Факультет кадастра и строительства (ФКС);Кафедра «Строительство и архитектура» (СиА);08.03.01;Строительство;Производственно-технологическое обеспечение строительства;Очная форма;Бакалавриат
1041;Обучается;3ПСб-2К;3;Факультет кадастра и строительства (ФКС);Кафедра «Строительство и архитектура» (СиА);08.03.01;Строительство;Производственно-технологическое обеспечение строительства;Очная форма;Бакалавриат
1042;Обучается;3ПСб-2К;3;Факультет кадастра и строительства (ФКС);Кафедра «Строительство и архитектура» (СиА);08.03.01;Строительство;Производственно-технологическое обеспечение строительства;Очная форма;Бакалавриат
1043;Обучается;3ПСб-2К;3;Факультет кадастра и строительства (ФКС);Кафедра «Строительство и архитектура» (СиА);08.03.01;Строительство;Производственно-технологическое обеспечение строительства;Очная форма;Бакалавриат
1044;Обучается;3ПСб-2К;3;Факультет кадастра и строительства (ФКС);Кафедра «Строительство и архитектура» (СиА);08.03.01;Строительство;Производственно-технологическое обеспечение строительства;Очная форма;Бакалавриат
1045;Обучается;3ПСб-2К;3;Факультет кадастра и строительства (ФКС);Кафедра «Строительство и архитектура» (СиА);08.03.01;Строительство;Производственно-технологическое обеспечение строительства;Очная форма;Бакалавриат
1046;Обучается;3ПСб-2К;3;Факультет кадастра и строительства (ФКС);Кафедра «Строительство и архитектура» (СиА);08.03.01;Строительство;Производственно-технологическое обеспечение строительства;Очная форма;Бакалавриат
1047;Обучается;3ПСб-2К;3;Факультет кадастра и строительства (ФКС);Кафедра «Строительство и архитектура» (СиА);08.03.01;Строительство;Производственно-технологическое обеспечение строительства;Очная форма;Бакалавриат
1048;Обучается;3ПСб-2К;3;Факультет кадастра и строительства (ФКС);Кафедра «Строительство и архитектура» (СиА);08.03.01;Строительство;Производственно-технологическое обеспечение строительства;Очная форма;Бакалавриат
1049;Обучается;3ПСб-2К;3;Факультет кадастра и строительства (ФКС);Кафедра «Строительство и архитектура» (СиА);08.03.01;Строительство;Производственно-технологическое обеспечение строительства;Очная форма;Бакалавриат
1050;Обучается;3ПСб-2К;3;Факультет кадастра и строительства (ФКС);Кафедра «Строительство и архитектура» (СиА);08.03.01;Строительство;Производственно-технологическое обеспечение строительства;Очная форма;Бакалавриат
1051;Обучается;3ПСб-2К;3;Факультет кадастра и строительства (ФКС);Кафедра «Строительство и архитектура» (СиА);08.03.01;Строительство;Производственно-технологическое обеспечение строительства;Очная форма;Бакалавриат
1052;Обучается;3ПСб-2К;3;Факультет кадастра и строительства (ФКС);Кафедра «Строительство и архитектура» (СиА);08.03.01;Строительство;Производственно-технологическое обеспечение строительства;Очная форма;Бакалавриат
1053;Обучается;3ПСб-2К;3;Факультет кадастра и строительства (ФКС);Кафедра «Строительство и архитектура» (СиА);08.03.01;Строительство;Производственно-технологическое обеспечение строительства;Очная форма;Бакалавриат
1054;Обучается;3ПСб-2К;3;Факультет кадастра и строительства (ФКС);Кафедра «Строительство и архитектура» (СиА);08.03.01;Строительство;Производственно-технологическое обеспечение строительства;Очная форма;Бакалавриат
1055;Обучается;3ПСб-2К;3;Факультет кадастра и строительства (ФКС);Кафедра «Строительство и архитектура» (СиА);08.03.01;Строительство;Производственно-технологическое обеспечение строительства;Очная форма;Бакалавриат
1056;Обучается;3ПСб-2К;3;Факультет кадастра и строительства (ФКС);Кафедра «Строительство и архитектура» (СиА);08.03.01;Строительство;Производственно-технологическое обеспечение строительства;Очная форма;Бакалавриат
1057;Обучается;3ПСб-2К;3;Факультет кадастра и строительства (ФКС);Кафедра «Строительство и архитектура» (СиА);08.03.01;Строительство;Производственно-технологическое обеспечение строительства;Очная форма;Бакалавриат
1058;Обучается;3ПСб-2К;3;Факультет кадастра и строительства (ФКС);Кафедра «Строительство и архитектура» (СиА);08.03.01;Строительство;Производственно-технологическое обеспечение строительства;Очная форма;Бакалавриат
1059;Обучается;3ПСб-2К;3;Факультет кадастра и строительства (ФКС);Кафедра «Строительство и архитектура» (СиА);08.03.01;Строительство;Производственно-технологическое обеспечение строительства;Очная форма;Бакалавриат
1060;Обучается;1ПСб-1;4;Факультет кадастра и строительства (ФКС);Кафедра «Строительство и архитектура» (СиА);08.03.01;Строительство;Промышленное и гражданское строительство;Очная форма;Бакалавриат
1061;Академический отпуск;1ПСб-1;4;Факультет кадастра и строительства (ФКС);Кафедра «Строительство и архитектура» (СиА);08.03.01;Строительство;Промышленное и гражданское строительство;Очная форма;Бакалавриат
1062;Обучается;1ПСб-1;4;Факультет кадастра и строительства (ФКС);Кафедра «Строительство и архитектура» (СиА);08.03.01;Строительство;Промышленное и гражданское строительство;Очная форма;Бакалавриат
1063;Обучается;1ПСб-1;4;Факультет кадастра и строительства (ФКС);Кафедра «Строительство и архитектура» (СиА);08.03.01;Строительство;Промышленное и гражданское строительство;Очная форма;Бакалавриат
1064;Обучается;1ПСб-1;4;Факультет кадастра и строительства (ФКС);Кафедра «Строительство и архитектура» (СиА);08.03.01;Строительство;Промышленное и гражданское строительство;Очная форма;Бакалавриат
1065;Обучается;1ПСб-1;4;Факультет кадастра и строительства (ФКС);Кафедра «Строительство и архитектура» (СиА);08.03.01;Строительство;Промышленное и гражданское строительство;Очная форма;Бакалавриат
1066;Обучается;1ПСб-1;4;Факультет кадастра и строительства (ФКС);Кафедра «Строительство и архитектура» (СиА);08.03.01;Строительство;Промышленное и гражданское строительство;Очная форма;Бакалавриат
1067;Обучается;1ПСб-1;4;Факультет кадастра и строительства (ФКС);Кафедра «Строительство и архитектура» (СиА);08.03.01;Строительство;Промышленное и гражданское строительство;Очная форма;Бакалавриат
1068;Обучается;1ПСб-1;4;Факультет кадастра и строительства (ФКС);Кафедра «Строительство и архитектура» (СиА);08.03.01;Строительство;Промышленное и гражданское строительство;Очная форма;Бакалавриат
1069;Обучается;1ПСб-1;4;Факультет кадастра и строительства (ФКС);Кафедра «Строительство и архитектура» (СиА);08.03.01;Строительство;Промышленное и гражданское строительство;Очная форма;Бакалавриат
1070;Обучается;1ПСб-1;4;Факультет кадастра и строительства (ФКС);Кафедра «Строительство и архитектура» (СиА);08.03.01;Строительство;Промышленное и гражданское строительство;Очная форма;Бакалавриат
1071;Обучается;1ПСб-1;4;Факультет кадастра и строительства (ФКС);Кафедра «Строительство и архитектура» (СиА);08.03.01;Строительство;Промышленное и гражданское строительство;Очная форма;Бакалавриат
1072;Обучается;1ПСб-1;4;Факультет кадастра и строительства (ФКС);Кафедра «Строительство и архитектура» (СиА);08.03.01;Строительство;Промышленное и гражданское строительство;Очная форма;Бакалавриат
1073;Обучается;1ПСб-1;4;Факультет кадастра и строительства (ФКС);Кафедра «Строительство и архитектура» (СиА);08.03.01;Строительство;Промышленное и гражданское строительство;Очная форма;Бакалавриат
1074;Обучается;1ПСб-1;4;Факультет кадастра и строительства (ФКС);Кафедра «Строительство и архитектура» (СиА);08.03.01;Строительство;Промышленное и гражданское строительство;Очная форма;Бакалавриат
1075;Обучается;2ПСб-2К;4;Факультет кадастра и строительства (ФКС);Кафедра «Строительство и архитектура» (СиА);08.03.01;Строительство;Производственно-технологическое обеспечение строительства;Очная форма;Бакалавриат
1076;Обучается;2ПСб-2К;4;Факультет кадастра и строительства (ФКС);Кафедра «Строительство и архитектура» (СиА);08.03.01;Строительство;Производственно-технологическое обеспечение строительства;Очная форма;Бакалавриат
1077;Обучается;2ПСб-2К;4;Факультет кадастра и строительства (ФКС);Кафедра «Строительство и архитектура» (СиА);08.03.01;Строительство;Производственно-технологическое обеспечение строительства;Очная форма;Бакалавриат
1078;Обучается;2ПСб-2К;4;Факультет кадастра и строительства (ФКС);Кафедра «Строительство и архитектура» (СиА);08.03.01;Строительство;Производственно-технологическое обеспечение строительства;Очная форма;Бакалавриат
1079;Обучается;2ПСб-2К;4;Факультет кадастра и строительства (ФКС);Кафедра «Строительство и архитектура» (СиА);08.03.01;Строительство;Производственно-технологическое обеспечение строительства;Очная форма;Бакалавриат
1080;Обучается;2ПСб-2К;4;Факультет кадастра и строительства (ФКС);Кафедра «Строительство и архитектура» (СиА);08.03.01;Строительство;Производственно-технологическое обеспечение строительства;Очная форма;Бакалавриат
1081;Обучается;2ПСб-2К;4;Факультет кадастра и строительства (ФКС);Кафедра «Строительство и архитектура» (СиА);08.03.01;Строительство;Производственно-технологическое обеспечение строительства;Очная форма;Бакалавриат
1082;Обучается;2ПСб-2К;4;Факультет кадастра и строительства (ФКС);Кафедра «Строительство и архитектура» (СиА);08.03.01;Строительство;Производственно-технологическое обеспечение строительства;Очная форма;Бакалавриат
1083;Обучается;2ПСб-2К;4;Факультет кадастра и строительства (ФКС);Кафедра «Строительство и архитектура» (СиА);08.03.01;Строительство;Производственно-технологическое обеспечение строительства;Очная форма;Бакалавриат
1084;Обучается;2ПСб-2К;4;Факультет кадастра и строительства (ФКС);Кафедра «Строительство и архитектура» (СиА);08.03.01;Строительство;Производственно-технологическое обеспечение строительства;Очная форма;Бакалавриат
1085;Обучается;2ПСб-2К;4;Факультет кадастра и строительства (ФКС);Кафедра «Строительство и архитектура» (СиА);08.03.01;Строительство;Производственно-технологическое обеспечение строительства;Очная форма;Бакалавриат
1086;Обучается;2ПСб-2К;4;Факультет кадастра и строительства (ФКС);Кафедра «Строительство и архитектура» (СиА);08.03.01;Строительство;Производственно-технологическое обеспечение строительства;Очная форма;Бакалавриат
1087;Обучается;2ПСб-2К;4;Факультет кадастра и строительства (ФКС);Кафедра «Строительство и архитектура» (СиА);08.03.01;Строительство;Производственно-технологическое обеспечение строительства;Очная форма;Бакалавриат
1088;Обучается;0УЗ-1;5;Факультет кадастра и строительства (ФКС);Кафедра «Строительство и архитектура» (СиА);08.05.01;Строительство уникальных зданий и сооружений;Строительство высотных и большепролетных зданий и сооружений;Очная форма;Специалитет
1089;Обучается;0УЗ-1;5;Факультет кадастра и строительства (ФКС);Кафедра «Строительство и архитектура» (СиА);08.05.01;Строительство уникальных зданий и сооружений;Строительство высотных и большепролетных зданий и сооружений;Очная форма;Специалитет
1090;Обучается;0УЗ-1;5;Факультет кадастра и строительства (ФКС);Кафедра «Строительство и архитектура» (СиА);08.05.01;Строительство уникальных зданий и сооружений;Строительство высотных и большепролетных зданий и сооружений;Очная форма;Специалитет
1091;Обучается;0УЗ-1;5;Факультет кадастра и строительства (ФКС);Кафедра «Строительство и архитектура» (СиА);08.05.01;Строительство уникальных зданий и сооружений;Строительство высотных и большепролетных зданий и сооружений;Очная форма;Специалитет
1092;Обучается;0УЗ-1;5;Факультет кадастра и строительства (ФКС);Кафедра «Строительство и архитектура» (СиА);08.05.01;Строительство уникальных зданий и сооружений;Строительство высотных и большепролетных зданий и сооружений;Очная форма;Специалитет
1093;Обучается;9УЗ-1;6;Факультет кадастра и строительства (ФКС);Кафедра «Строительство и архитектура» (СиА);08.05.01;Строительство уникальных зданий и сооружений;Строительство высотных и большепролетных зданий и сооружений;Очная форма;Специалитет
1094;Обучается;9УЗ-1;6;Факультет кадастра и строительства (ФКС);Кафедра «Строительство и архитектура» (СиА);08.05.01;Строительство уникальных зданий и сооружений;Строительство высотных и большепролетных зданий и сооружений;Очная форма;Специалитет
1095;Обучается;9УЗ-1;6;Факультет кадастра и строительства (ФКС);Кафедра «Строительство и архитектура» (СиА);08.05.01;Строительство уникальных зданий и сооружений;Строительство высотных и большепролетных зданий и сооружений;Очная форма;Специалитет
1096;Обучается;9УЗ-1;6;Факультет кадастра и строительства (ФКС);Кафедра «Строительство и архитектура» (СиА);08.05.01;Строительство уникальных зданий и сооружений;Строительство высотных и большепролетных зданий и сооружений;Очная форма;Специалитет
1097;Обучается;9УЗ-1;6;Факультет кадастра и строительства (ФКС);Кафедра «Строительство и архитектура» (СиА);08.05.01;Строительство уникальных зданий и сооружений;Строительство высотных и большепролетных зданий и сооружений;Очная форма;Специалитет
1098;Обучается;9УЗ-1;6;Факультет кадастра и строительства (ФКС);Кафедра «Строительство и архитектура» (СиА);08.05.01;Строительство уникальных зданий и сооружений;Строительство высотных и большепролетных зданий и сооружений;Очная форма;Специалитет
1099;Обучается;9УЗ-1;6;Факультет кадастра и строительства (ФКС);Кафедра «Строительство и архитектура» (СиА);08.05.01;Строительство уникальных зданий и сооружений;Строительство высотных и большепролетных зданий и сооружений;Очная форма;Специалитет
1100;Обучается;9УЗ-1;6;Факультет кадастра и строительства (ФКС);Кафедра «Строительство и архитектура» (СиА);08.05.01;Строительство уникальных зданий и сооружений;Строительство высотных и большепролетных зданий и сооружений;Очная форма;Специалитет
1101;Обучается;9УЗ-1;6;Факультет кадастра и строительства (ФКС);Кафедра «Строительство и архитектура» (СиА);08.05.01;Строительство уникальных зданий и сооружений;Строительство высотных и большепролетных зданий и сооружений;Очная форма;Специалитет
1102;Обучается;4ПСм-1;1;Факультет кадастра и строительства (ФКС);Кафедра «Строительство и архитектура» (СиА);08.04.01;Строительство;Инновационные технологии в строительстве;Очная форма;Магистратура
1103;Обучается;4ПСм-1;1;Факультет кадастра и строительства (ФКС);Кафедра «Строительство и архитектура» (СиА);08.04.01;Строительство;Инновационные технологии в строительстве;Очная форма;Магистратура
1104;Обучается;4ПСм-1;1;Факультет кадастра и строительства (ФКС);Кафедра «Строительство и архитектура» (СиА);08.04.01;Строительство;Инновационные технологии в строительстве;Очная форма;Магистратура
1105;Обучается;4ПСм-1;1;Факультет кадастра и строительства (ФКС);Кафедра «Строительство и архитектура» (СиА);08.04.01;Строительство;Инновационные технологии в строительстве;Очная форма;Магистратура
1106;Обучается;4ПСм-1;1;Факультет кадастра и строительства (ФКС);Кафедра «Строительство и архитектура» (СиА);08.04.01;Строительство;Инновационные технологии в строительстве;Очная форма;Магистратура
1107;Обучается;4ПСм-1;1;Факультет кадастра и строительства (ФКС);Кафедра «Строительство и архитектура» (СиА);08.04.01;Строительство;Инновационные технологии в строительстве;Очная форма;Магистратура
1108;Обучается;4ПСм-1;1;Факультет кадастра и строительства (ФКС);Кафедра «Строительство и архитектура» (СиА);08.04.01;Строительство;Инновационные технологии в строительстве;Очная форма;Магистратура
1109;Обучается;4ПСм-1;1;Факультет кадастра и строительства (ФКС);Кафедра «Строительство и архитектура» (СиА);08.04.01;Строительство;Инновационные технологии в строительстве;Очная форма;Магистратура
1110;Обучается;4ПСм-1;1;Факультет кадастра и строительства (ФКС);Кафедра «Строительство и архитектура» (СиА);08.04.01;Строительство;Инновационные технологии в строительстве;Очная форма;Магистратура
1111;Обучается;4ПСм-1;1;Факультет кадастра и строительства (ФКС);Кафедра «Строительство и архитектура» (СиА);08.04.01;Строительство;Инновационные технологии в строительстве;Очная форма;Магистратура
1112;Обучается;4ПСм-1;1;Факультет кадастра и строительства (ФКС);Кафедра «Строительство и архитектура» (СиА);08.04.01;Строительство;Инновационные технологии в строительстве;Очная форма;Магистратура
1113;Обучается;4ПСм-1;1;Факультет кадастра и строительства (ФКС);Кафедра «Строительство и архитектура» (СиА);08.04.01;Строительство;Инновационные технологии в строительстве;Очная форма;Магистратура
1114;Обучается;4ПСм-1;1;Факультет кадастра и строительства (ФКС);Кафедра «Строительство и архитектура» (СиА);08.04.01;Строительство;Инновационные технологии в строительстве;Очная форма;Магистратура
1115;Обучается;4ПСм-1;1;Факультет кадастра и строительства (ФКС);Кафедра «Строительство и архитектура» (СиА);08.04.01;Строительство;Инновационные технологии в строительстве;Очная форма;Магистратура
1116;Обучается;3ПСм-1;2;Факультет кадастра и строительства (ФКС);Кафедра «Строительство и архитектура» (СиА);08.04.01;Строительство;Инновационные технологии в строительстве;Очная форма;Магистратура
1117;Обучается;3ПСм-1;2;Факультет кадастра и строительства (ФКС);Кафедра «Строительство и архитектура» (СиА);08.04.01;Строительство;Инновационные технологии в строительстве;Очная форма;Магистратура
1118;Обучается;3ПСм-1;2;Факультет кадастра и строительства (ФКС);Кафедра «Строительство и архитектура» (СиА);08.04.01;Строительство;Инновационные технологии в строительстве;Очная форма;Магистратура
1119;Обучается;3ПСм-1;2;Факультет кадастра и строительства (ФКС);Кафедра «Строительство и архитектура» (СиА);08.04.01;Строительство;Инновационные технологии в строительстве;Очная форма;Магистратура
1120;Обучается;3ПСм-1;2;Факультет кадастра и строительства (ФКС);Кафедра «Строительство и архитектура» (СиА);08.04.01;Строительство;Инновационные технологии в строительстве;Очная форма;Магистратура
1121;Обучается;3ПСм-1;2;Факультет кадастра и строительства (ФКС);Кафедра «Строительство и архитектура» (СиА);08.04.01;Строительство;Инновационные технологии в строительстве;Очная форма;Магистратура
1122;Обучается;3ПСм-1;2;Факультет кадастра и строительства (ФКС);Кафедра «Строительство и архитектура» (СиА);08.04.01;Строительство;Инновационные технологии в строительстве;Очная форма;Магистратура
1123;Обучается;3ПСм-1;2;Факультет кадастра и строительства (ФКС);Кафедра «Строительство и архитектура» (СиА);08.04.01;Строительство;Инновационные технологии в строительстве;Очная форма;Магистратура
1124;Обучается;3ПСм-1;2;Факультет кадастра и строительства (ФКС);Кафедра «Строительство и архитектура» (СиА);08.04.01;Строительство;Инновационные технологии в строительстве;Очная форма;Магистратура
1125;Обучается;3ПСм-1;2;Факультет кадастра и строительства (ФКС);Кафедра «Строительство и архитектура» (СиА);08.04.01;Строительство;Инновационные технологии в строительстве;Очная форма;Магистратура
1126;Обучается;3ПСм-1;2;Факультет кадастра и строительства (ФКС);Кафедра «Строительство и архитектура» (СиА);08.04.01;Строительство;Инновационные технологии в строительстве;Очная форма;Магистратура
1127;Обучается;3ПСм-1;2;Факультет кадастра и строительства (ФКС);Кафедра «Строительство и архитектура» (СиА);08.04.01;Строительство;Инновационные технологии в строительстве;Очная форма;Магистратура
1128;Обучается;3ПСм-1;2;Факультет кадастра и строительства (ФКС);Кафедра «Строительство и архитектура» (СиА);08.04.01;Строительство;Инновационные технологии в строительстве;Очная форма;Магистратура
1129;Обучается;4ИБ-1;1;Факультет компьютерных технологий (ФКТ);Кафедра «Информационная безопасность автоматизированных систем» (ИБАС);10.05.03;Информационная безопасность автоматизированных систем;Анализ безопасности информационных систем;Очная форма;Специалитет
1130;Академический отпуск;4ИБ-1;1;Факультет компьютерных технологий (ФКТ);Кафедра «Информационная безопасность автоматизированных систем» (ИБАС);10.05.03;Информационная безопасность автоматизированных систем;Анализ безопасности информационных систем;Очная форма;Специалитет
1131;Обучается;4ИБ-1;1;Факультет компьютерных технологий (ФКТ);Кафедра «Информационная безопасность автоматизированных систем» (ИБАС);10.05.03;Информационная безопасность автоматизированных систем;Анализ безопасности информационных систем;Очная форма;Специалитет
1132;Обучается;4ИБ-1;1;Факультет компьютерных технологий (ФКТ);Кафедра «Информационная безопасность автоматизированных систем» (ИБАС);10.05.03;Информационная безопасность автоматизированных систем;Анализ безопасности информационных систем;Очная форма;Специалитет
1133;Обучается;4ИБ-1;1;Факультет компьютерных технологий (ФКТ);Кафедра «Информационная безопасность автоматизированных систем» (ИБАС);10.05.03;Информационная безопасность автоматизированных систем;Анализ безопасности информационных систем;Очная форма;Специалитет
1134;Обучается;4ИБ-1;1;Факультет компьютерных технологий (ФКТ);Кафедра «Информационная безопасность автоматизированных систем» (ИБАС);10.05.03;Информационная безопасность автоматизированных систем;Анализ безопасности информационных систем;Очная форма;Специалитет
1135;Обучается;4ИБ-1;1;Факультет компьютерных технологий (ФКТ);Кафедра «Информационная безопасность автоматизированных систем» (ИБАС);10.05.03;Информационная безопасность автоматизированных систем;Анализ безопасности информационных систем;Очная форма;Специалитет
1136;Обучается;4ИБ-1;1;Факультет компьютерных технологий (ФКТ);Кафедра «Информационная безопасность автоматизированных систем» (ИБАС);10.05.03;Информационная безопасность автоматизированных систем;Анализ безопасности информационных систем;Очная форма;Специалитет
1137;Обучается;4ИБ-1;1;Факультет компьютерных технологий (ФКТ);Кафедра «Информационная безопасность автоматизированных систем» (ИБАС);10.05.03;Информационная безопасность автоматизированных систем;Анализ безопасности информационных систем;Очная форма;Специалитет
1138;Обучается;4ИБ-1;1;Факультет компьютерных технологий (ФКТ);Кафедра «Информационная безопасность автоматизированных систем» (ИБАС);10.05.03;Информационная безопасность автоматизированных систем;Анализ безопасности информационных систем;Очная форма;Специалитет
1139;Обучается;4ИБ-1;1;Факультет компьютерных технологий (ФКТ);Кафедра «Информационная безопасность автоматизированных систем» (ИБАС);10.05.03;Информационная безопасность автоматизированных систем;Анализ безопасности информационных систем;Очная форма;Специалитет
1140;Обучается;4ИБ-1;1;Факультет компьютерных технологий (ФКТ);Кафедра «Информационная безопасность автоматизированных систем» (ИБАС);10.05.03;Информационная безопасность автоматизированных систем;Анализ безопасности информационных систем;Очная форма;Специалитет
1141;Академический отпуск;4ИБ-1;1;Факультет компьютерных технологий (ФКТ);Кафедра «Информационная безопасность автоматизированных систем» (ИБАС);10.05.03;Информационная безопасность автоматизированных систем;Анализ безопасности информационных систем;Очная форма;Специалитет
1142;Обучается;4ИБ-1;1;Факультет компьютерных технологий (ФКТ);Кафедра «Информационная безопасность автоматизированных систем» (ИБАС);10.05.03;Информационная безопасность автоматизированных систем;Анализ безопасности информационных систем;Очная форма;Специалитет
1143;Обучается;4ИБ-1;1;Факультет компьютерных технологий (ФКТ);Кафедра «Информационная безопасность автоматизированных систем» (ИБАС);10.05.03;Информационная безопасность автоматизированных систем;Анализ безопасности информационных систем;Очная форма;Специалитет
1144;Обучается;4ИБ-1;1;Факультет компьютерных технологий (ФКТ);Кафедра «Информационная безопасность автоматизированных систем» (ИБАС);10.05.03;Информационная безопасность автоматизированных систем;Анализ безопасности информационных систем;Очная форма;Специалитет
1145;Академический отпуск;4ИБ-1;1;Факультет компьютерных технологий (ФКТ);Кафедра «Информационная безопасность автоматизированных систем» (ИБАС);10.05.03;Информационная безопасность автоматизированных систем;Анализ безопасности информационных систем;Очная форма;Специалитет
1146;Обучается;4ИБ-1;1;Факультет компьютерных технологий (ФКТ);Кафедра «Информационная безопасность автоматизированных систем» (ИБАС);10.05.03;Информационная безопасность автоматизированных систем;Анализ безопасности информационных систем;Очная форма;Специалитет
1147;Обучается;4ИБ-1;1;Факультет компьютерных технологий (ФКТ);Кафедра «Информационная безопасность автоматизированных систем» (ИБАС);10.05.03;Информационная безопасность автоматизированных систем;Анализ безопасности информационных систем;Очная форма;Специалитет
1148;Обучается;4ИБ-1;1;Факультет компьютерных технологий (ФКТ);Кафедра «Информационная безопасность автоматизированных систем» (ИБАС);10.05.03;Информационная безопасность автоматизированных систем;Анализ безопасности информационных систем;Очная форма;Специалитет
1149;Обучается;3ИБ-1;2;Факультет компьютерных технологий (ФКТ);Кафедра «Информационная безопасность автоматизированных систем» (ИБАС);10.05.03;Информационная безопасность автоматизированных систем;Анализ безопасности информационных систем;Очная форма;Специалитет
1150;Обучается;3ИБ-1;2;Факультет компьютерных технологий (ФКТ);Кафедра «Информационная безопасность автоматизированных систем» (ИБАС);10.05.03;Информационная безопасность автоматизированных систем;Анализ безопасности информационных систем;Очная форма;Специалитет
1151;Обучается;3ИБ-1;2;Факультет компьютерных технологий (ФКТ);Кафедра «Информационная безопасность автоматизированных систем» (ИБАС);10.05.03;Информационная безопасность автоматизированных систем;Анализ безопасности информационных систем;Очная форма;Специалитет
1152;Обучается;3ИБ-1;2;Факультет компьютерных технологий (ФКТ);Кафедра «Информационная безопасность автоматизированных систем» (ИБАС);10.05.03;Информационная безопасность автоматизированных систем;Анализ безопасности информационных систем;Очная форма;Специалитет
1153;Обучается;3ИБ-1;2;Факультет компьютерных технологий (ФКТ);Кафедра «Информационная безопасность автоматизированных систем» (ИБАС);10.05.03;Информационная безопасность автоматизированных систем;Анализ безопасности информационных систем;Очная форма;Специалитет
1154;Обучается;3ИБ-1;2;Факультет компьютерных технологий (ФКТ);Кафедра «Информационная безопасность автоматизированных систем» (ИБАС);10.05.03;Информационная безопасность автоматизированных систем;Анализ безопасности информационных систем;Очная форма;Специалитет
1155;Обучается;3ИБ-1;2;Факультет компьютерных технологий (ФКТ);Кафедра «Информационная безопасность автоматизированных систем» (ИБАС);10.05.03;Информационная безопасность автоматизированных систем;Анализ безопасности информационных систем;Очная форма;Специалитет
1156;Обучается;3ИБ-1;2;Факультет компьютерных технологий (ФКТ);Кафедра «Информационная безопасность автоматизированных систем» (ИБАС);10.05.03;Информационная безопасность автоматизированных систем;Анализ безопасности информационных систем;Очная форма;Специалитет
1157;Обучается;3ИБ-1;2;Факультет компьютерных технологий (ФКТ);Кафедра «Информационная безопасность автоматизированных систем» (ИБАС);10.05.03;Информационная безопасность автоматизированных систем;Анализ безопасности информационных систем;Очная форма;Специалитет
1158;Академический отпуск;3ИБ-1;2;Факультет компьютерных технологий (ФКТ);Кафедра «Информационная безопасность автоматизированных систем» (ИБАС);10.05.03;Информационная безопасность автоматизированных систем;Анализ безопасности информационных систем;Очная форма;Специалитет
1159;Обучается;3ИБ-1;2;Факультет компьютерных технологий (ФКТ);Кафедра «Информационная безопасность автоматизированных систем» (ИБАС);10.05.03;Информационная безопасность автоматизированных систем;Анализ безопасности информационных систем;Очная форма;Специалитет
1160;Обучается;3ИБ-1;2;Факультет компьютерных технологий (ФКТ);Кафедра «Информационная безопасность автоматизированных систем» (ИБАС);10.05.03;Информационная безопасность автоматизированных систем;Анализ безопасности информационных систем;Очная форма;Специалитет
1161;Обучается;3ИБ-1;2;Факультет компьютерных технологий (ФКТ);Кафедра «Информационная безопасность автоматизированных систем» (ИБАС);10.05.03;Информационная безопасность автоматизированных систем;Анализ безопасности информационных систем;Очная форма;Специалитет
1162;Обучается;3ИБ-1;2;Факультет компьютерных технологий (ФКТ);Кафедра «Информационная безопасность автоматизированных систем» (ИБАС);10.05.03;Информационная безопасность автоматизированных систем;Анализ безопасности информационных систем;Очная форма;Специалитет
1163;Обучается;3ИБ-1;2;Факультет компьютерных технологий (ФКТ);Кафедра «Информационная безопасность автоматизированных систем» (ИБАС);10.05.03;Информационная безопасность автоматизированных систем;Анализ безопасности информационных систем;Очная форма;Специалитет
1164;Обучается;3ИБ-1;2;Факультет компьютерных технологий (ФКТ);Кафедра «Информационная безопасность автоматизированных систем» (ИБАС);10.05.03;Информационная безопасность автоматизированных систем;Анализ безопасности информационных систем;Очная форма;Специалитет
1165;Обучается;3ИБ-1;2;Факультет компьютерных технологий (ФКТ);Кафедра «Информационная безопасность автоматизированных систем» (ИБАС);10.05.03;Информационная безопасность автоматизированных систем;Анализ безопасности информационных систем;Очная форма;Специалитет
1166;Обучается;3ИБ-1;2;Факультет компьютерных технологий (ФКТ);Кафедра «Информационная безопасность автоматизированных систем» (ИБАС);10.05.03;Информационная безопасность автоматизированных систем;Анализ безопасности информационных систем;Очная форма;Специалитет
1167;Обучается;3ИБ-1;2;Факультет компьютерных технологий (ФКТ);Кафедра «Информационная безопасность автоматизированных систем» (ИБАС);10.05.03;Информационная безопасность автоматизированных систем;Анализ безопасности информационных систем;Очная форма;Специалитет
1168;Обучается;3ИБ-1;2;Факультет компьютерных технологий (ФКТ);Кафедра «Информационная безопасность автоматизированных систем» (ИБАС);10.05.03;Информационная безопасность автоматизированных систем;Анализ безопасности информационных систем;Очная форма;Специалитет
1169;Обучается;3ИБ-1;2;Факультет компьютерных технологий (ФКТ);Кафедра «Информационная безопасность автоматизированных систем» (ИБАС);10.05.03;Информационная безопасность автоматизированных систем;Анализ безопасности информационных систем;Очная форма;Специалитет
1170;Обучается;3ИБ-1;2;Факультет компьютерных технологий (ФКТ);Кафедра «Информационная безопасность автоматизированных систем» (ИБАС);10.05.03;Информационная безопасность автоматизированных систем;Анализ безопасности информационных систем;Очная форма;Специалитет
1171;Академический отпуск;2ИБ-1;3;Факультет компьютерных технологий (ФКТ);Кафедра «Информационная безопасность автоматизированных систем» (ИБАС);10.05.03;Информационная безопасность автоматизированных систем;Анализ безопасности информационных систем;Очная форма;Специалитет
1172;Обучается;2ИБ-1;3;Факультет компьютерных технологий (ФКТ);Кафедра «Информационная безопасность автоматизированных систем» (ИБАС);10.05.03;Информационная безопасность автоматизированных систем;Анализ безопасности информационных систем;Очная форма;Специалитет
1173;Обучается;2ИБ-1;3;Факультет компьютерных технологий (ФКТ);Кафедра «Информационная безопасность автоматизированных систем» (ИБАС);10.05.03;Информационная безопасность автоматизированных систем;Анализ безопасности информационных систем;Очная форма;Специалитет
1174;Обучается;2ИБ-1;3;Факультет компьютерных технологий (ФКТ);Кафедра «Информационная безопасность автоматизированных систем» (ИБАС);10.05.03;Информационная безопасность автоматизированных систем;Анализ безопасности информационных систем;Очная форма;Специалитет
1175;Обучается;2ИБ-1;3;Факультет компьютерных технологий (ФКТ);Кафедра «Информационная безопасность автоматизированных систем» (ИБАС);10.05.03;Информационная безопасность автоматизированных систем;Анализ безопасности информационных систем;Очная форма;Специалитет
1176;Академический отпуск;2ИБ-1;3;Факультет компьютерных технологий (ФКТ);Кафедра «Информационная безопасность автоматизированных систем» (ИБАС);10.05.03;Информационная безопасность автоматизированных систем;Анализ безопасности информационных систем;Очная форма;Специалитет
1177;Обучается;2ИБ-1;3;Факультет компьютерных технологий (ФКТ);Кафедра «Информационная безопасность автоматизированных систем» (ИБАС);10.05.03;Информационная безопасность автоматизированных систем;Анализ безопасности информационных систем;Очная форма;Специалитет
1178;Обучается;2ИБ-1;3;Факультет компьютерных технологий (ФКТ);Кафедра «Информационная безопасность автоматизированных систем» (ИБАС);10.05.03;Информационная безопасность автоматизированных систем;Анализ безопасности информационных систем;Очная форма;Специалитет
1179;Обучается;2ИБ-1;3;Факультет компьютерных технологий (ФКТ);Кафедра «Информационная безопасность автоматизированных систем» (ИБАС);10.05.03;Информационная безопасность автоматизированных систем;Анализ безопасности информационных систем;Очная форма;Специалитет
1180;Обучается;2ИБ-1;3;Факультет компьютерных технологий (ФКТ);Кафедра «Информационная безопасность автоматизированных систем» (ИБАС);10.05.03;Информационная безопасность автоматизированных систем;Анализ безопасности информационных систем;Очная форма;Специалитет
1181;Обучается;2ИБ-1;3;Факультет компьютерных технологий (ФКТ);Кафедра «Информационная безопасность автоматизированных систем» (ИБАС);10.05.03;Информационная безопасность автоматизированных систем;Анализ безопасности информационных систем;Очная форма;Специалитет
1182;Обучается;2ИБ-1;3;Факультет компьютерных технологий (ФКТ);Кафедра «Информационная безопасность автоматизированных систем» (ИБАС);10.05.03;Информационная безопасность автоматизированных систем;Анализ безопасности информационных систем;Очная форма;Специалитет
1183;Обучается;2ИБ-1;3;Факультет компьютерных технологий (ФКТ);Кафедра «Информационная безопасность автоматизированных систем» (ИБАС);10.05.03;Информационная безопасность автоматизированных систем;Анализ безопасности информационных систем;Очная форма;Специалитет
1184;Обучается;2ИБ-1;3;Факультет компьютерных технологий (ФКТ);Кафедра «Информационная безопасность автоматизированных систем» (ИБАС);10.05.03;Информационная безопасность автоматизированных систем;Анализ безопасности информационных систем;Очная форма;Специалитет
1185;Обучается;2ИБ-1;3;Факультет компьютерных технологий (ФКТ);Кафедра «Информационная безопасность автоматизированных систем» (ИБАС);10.05.03;Информационная безопасность автоматизированных систем;Анализ безопасности информационных систем;Очная форма;Специалитет
1186;Обучается;2ИБ-1;3;Факультет компьютерных технологий (ФКТ);Кафедра «Информационная безопасность автоматизированных систем» (ИБАС);10.05.03;Информационная безопасность автоматизированных систем;Анализ безопасности информационных систем;Очная форма;Специалитет
1187;Обучается;2ИБ-1;3;Факультет компьютерных технологий (ФКТ);Кафедра «Информационная безопасность автоматизированных систем» (ИБАС);10.05.03;Информационная безопасность автоматизированных систем;Анализ безопасности информационных систем;Очная форма;Специалитет
1188;Обучается;2ИБ-1;3;Факультет компьютерных технологий (ФКТ);Кафедра «Информационная безопасность автоматизированных систем» (ИБАС);10.05.03;Информационная безопасность автоматизированных систем;Анализ безопасности информационных систем;Очная форма;Специалитет
1189;Обучается;2ИБ-1;3;Факультет компьютерных технологий (ФКТ);Кафедра «Информационная безопасность автоматизированных систем» (ИБАС);10.05.03;Информационная безопасность автоматизированных систем;Анализ безопасности информационных систем;Очная форма;Специалитет
1190;Обучается;1ИБ-1;4;Факультет компьютерных технологий (ФКТ);Кафедра «Информационная безопасность автоматизированных систем» (ИБАС);10.05.03;Информационная безопасность автоматизированных систем;Анализ безопасности информационных систем;Очная форма;Специалитет
1191;Обучается;1ИБ-1;4;Факультет компьютерных технологий (ФКТ);Кафедра «Информационная безопасность автоматизированных систем» (ИБАС);10.05.03;Информационная безопасность автоматизированных систем;Анализ безопасности информационных систем;Очная форма;Специалитет
1192;Обучается;1ИБ-1;4;Факультет компьютерных технологий (ФКТ);Кафедра «Информационная безопасность автоматизированных систем» (ИБАС);10.05.03;Информационная безопасность автоматизированных систем;Анализ безопасности информационных систем;Очная форма;Специалитет
1193;Обучается;1ИБ-1;4;Факультет компьютерных технологий (ФКТ);Кафедра «Информационная безопасность автоматизированных систем» (ИБАС);10.05.03;Информационная безопасность автоматизированных систем;Анализ безопасности информационных систем;Очная форма;Специалитет
1194;Обучается;1ИБ-1;4;Факультет компьютерных технологий (ФКТ);Кафедра «Информационная безопасность автоматизированных систем» (ИБАС);10.05.03;Информационная безопасность автоматизированных систем;Анализ безопасности информационных систем;Очная форма;Специалитет
1195;Обучается;1ИБ-1;4;Факультет компьютерных технологий (ФКТ);Кафедра «Информационная безопасность автоматизированных систем» (ИБАС);10.05.03;Информационная безопасность автоматизированных систем;Анализ безопасности информационных систем;Очная форма;Специалитет
1196;Обучается;1ИБ-1;4;Факультет компьютерных технологий (ФКТ);Кафедра «Информационная безопасность автоматизированных систем» (ИБАС);10.05.03;Информационная безопасность автоматизированных систем;Анализ безопасности информационных систем;Очная форма;Специалитет
1197;Обучается;1ИБ-1;4;Факультет компьютерных технологий (ФКТ);Кафедра «Информационная безопасность автоматизированных систем» (ИБАС);10.05.03;Информационная безопасность автоматизированных систем;Анализ безопасности информационных систем;Очная форма;Специалитет
1198;Обучается;1ИБ-1;4;Факультет компьютерных технологий (ФКТ);Кафедра «Информационная безопасность автоматизированных систем» (ИБАС);10.05.03;Информационная безопасность автоматизированных систем;Анализ безопасности информационных систем;Очная форма;Специалитет
1199;Обучается;1ИБ-1;4;Факультет компьютерных технологий (ФКТ);Кафедра «Информационная безопасность автоматизированных систем» (ИБАС);10.05.03;Информационная безопасность автоматизированных систем;Анализ безопасности информационных систем;Очная форма;Специалитет
1200;Обучается;1ИБ-1;4;Факультет компьютерных технологий (ФКТ);Кафедра «Информационная безопасность автоматизированных систем» (ИБАС);10.05.03;Информационная безопасность автоматизированных систем;Анализ безопасности информационных систем;Очная форма;Специалитет
1201;Обучается;1ИБ-1;4;Факультет компьютерных технологий (ФКТ);Кафедра «Информационная безопасность автоматизированных систем» (ИБАС);10.05.03;Информационная безопасность автоматизированных систем;Анализ безопасности информационных систем;Очная форма;Специалитет
1202;Обучается;1ИБ-1;4;Факультет компьютерных технологий (ФКТ);Кафедра «Информационная безопасность автоматизированных систем» (ИБАС);10.05.03;Информационная безопасность автоматизированных систем;Анализ безопасности информационных систем;Очная форма;Специалитет
1203;Обучается;1ИБ-1;4;Факультет компьютерных технологий (ФКТ);Кафедра «Информационная безопасность автоматизированных систем» (ИБАС);10.05.03;Информационная безопасность автоматизированных систем;Анализ безопасности информационных систем;Очная форма;Специалитет
1204;Обучается;1ИБ-1;4;Факультет компьютерных технологий (ФКТ);Кафедра «Информационная безопасность автоматизированных систем» (ИБАС);10.05.03;Информационная безопасность автоматизированных систем;Анализ безопасности информационных систем;Очная форма;Специалитет
1205;Обучается;1ИБ-1;4;Факультет компьютерных технологий (ФКТ);Кафедра «Информационная безопасность автоматизированных систем» (ИБАС);10.05.03;Информационная безопасность автоматизированных систем;Анализ безопасности информационных систем;Очная форма;Специалитет
1206;Обучается;1ИБ-1;4;Факультет компьютерных технологий (ФКТ);Кафедра «Информационная безопасность автоматизированных систем» (ИБАС);10.05.03;Информационная безопасность автоматизированных систем;Анализ безопасности информационных систем;Очная форма;Специалитет
1207;Академический отпуск;1ИБ-1;4;Факультет компьютерных технологий (ФКТ);Кафедра «Информационная безопасность автоматизированных систем» (ИБАС);10.05.03;Информационная безопасность автоматизированных систем;Анализ безопасности информационных систем;Очная форма;Специалитет
1208;Обучается;1ИБ-1;4;Факультет компьютерных технологий (ФКТ);Кафедра «Информационная безопасность автоматизированных систем» (ИБАС);10.05.03;Информационная безопасность автоматизированных систем;Анализ безопасности информационных систем;Очная форма;Специалитет
1209;Обучается;1ИБ-1;4;Факультет компьютерных технологий (ФКТ);Кафедра «Информационная безопасность автоматизированных систем» (ИБАС);10.05.03;Информационная безопасность автоматизированных систем;Анализ безопасности информационных систем;Очная форма;Специалитет
1210;Обучается;1ИБ-1;4;Факультет компьютерных технологий (ФКТ);Кафедра «Информационная безопасность автоматизированных систем» (ИБАС);10.05.03;Информационная безопасность автоматизированных систем;Анализ безопасности информационных систем;Очная форма;Специалитет
1211;Обучается;1ИБ-1;4;Факультет компьютерных технологий (ФКТ);Кафедра «Информационная безопасность автоматизированных систем» (ИБАС);10.05.03;Информационная безопасность автоматизированных систем;Анализ безопасности информационных систем;Очная форма;Специалитет
1212;Обучается;1ИБ-1;4;Факультет компьютерных технологий (ФКТ);Кафедра «Информационная безопасность автоматизированных систем» (ИБАС);10.05.03;Информационная безопасность автоматизированных систем;Анализ безопасности информационных систем;Очная форма;Специалитет
1213;Обучается;1ИБ-1;4;Факультет компьютерных технологий (ФКТ);Кафедра «Информационная безопасность автоматизированных систем» (ИБАС);10.05.03;Информационная безопасность автоматизированных систем;Анализ безопасности информационных систем;Очная форма;Специалитет
1214;Обучается;1ИБ-1;4;Факультет компьютерных технологий (ФКТ);Кафедра «Информационная безопасность автоматизированных систем» (ИБАС);10.05.03;Информационная безопасность автоматизированных систем;Анализ безопасности информационных систем;Очная форма;Специалитет
1215;Обучается;0ИБ-1;5;Факультет компьютерных технологий (ФКТ);Кафедра «Информационная безопасность автоматизированных систем» (ИБАС);10.05.03;Информационная безопасность автоматизированных систем;Обеспечение информационной безопасности распределенных информационных систем;Очная форма;Специалитет
1216;Обучается;0ИБ-1;5;Факультет компьютерных технологий (ФКТ);Кафедра «Информационная безопасность автоматизированных систем» (ИБАС);10.05.03;Информационная безопасность автоматизированных систем;Обеспечение информационной безопасности распределенных информационных систем;Очная форма;Специалитет
1217;Обучается;0ИБ-1;5;Факультет компьютерных технологий (ФКТ);Кафедра «Информационная безопасность автоматизированных систем» (ИБАС);10.05.03;Информационная безопасность автоматизированных систем;Обеспечение информационной безопасности распределенных информационных систем;Очная форма;Специалитет
1218;Обучается;0ИБ-1;5;Факультет компьютерных технологий (ФКТ);Кафедра «Информационная безопасность автоматизированных систем» (ИБАС);10.05.03;Информационная безопасность автоматизированных систем;Обеспечение информационной безопасности распределенных информационных систем;Очная форма;Специалитет
1219;Обучается;0ИБ-1;5;Факультет компьютерных технологий (ФКТ);Кафедра «Информационная безопасность автоматизированных систем» (ИБАС);10.05.03;Информационная безопасность автоматизированных систем;Обеспечение информационной безопасности распределенных информационных систем;Очная форма;Специалитет
1220;Обучается;0ИБ-1;5;Факультет компьютерных технологий (ФКТ);Кафедра «Информационная безопасность автоматизированных систем» (ИБАС);10.05.03;Информационная безопасность автоматизированных систем;Обеспечение информационной безопасности распределенных информационных систем;Очная форма;Специалитет
1221;Обучается;0ИБ-1;5;Факультет компьютерных технологий (ФКТ);Кафедра «Информационная безопасность автоматизированных систем» (ИБАС);10.05.03;Информационная безопасность автоматизированных систем;Обеспечение информационной безопасности распределенных информационных систем;Очная форма;Специалитет
1222;Обучается;0ИБ-1;5;Факультет компьютерных технологий (ФКТ);Кафедра «Информационная безопасность автоматизированных систем» (ИБАС);10.05.03;Информационная безопасность автоматизированных систем;Обеспечение информационной безопасности распределенных информационных систем;Очная форма;Специалитет
1223;Обучается;0ИБ-1;5;Факультет компьютерных технологий (ФКТ);Кафедра «Информационная безопасность автоматизированных систем» (ИБАС);10.05.03;Информационная безопасность автоматизированных систем;Обеспечение информационной безопасности распределенных информационных систем;Очная форма;Специалитет
1224;Обучается;0ИБ-1;5;Факультет компьютерных технологий (ФКТ);Кафедра «Информационная безопасность автоматизированных систем» (ИБАС);10.05.03;Информационная безопасность автоматизированных систем;Обеспечение информационной безопасности распределенных информационных систем;Очная форма;Специалитет
1225;Обучается;0ИБ-1;5;Факультет компьютерных технологий (ФКТ);Кафедра «Информационная безопасность автоматизированных систем» (ИБАС);10.05.03;Информационная безопасность автоматизированных систем;Обеспечение информационной безопасности распределенных информационных систем;Очная форма;Специалитет
1226;Обучается;0ИБ-1;5;Факультет компьютерных технологий (ФКТ);Кафедра «Информационная безопасность автоматизированных систем» (ИБАС);10.05.03;Информационная безопасность автоматизированных систем;Обеспечение информационной безопасности распределенных информационных систем;Очная форма;Специалитет
1227;Обучается;0ИБ-1;5;Факультет компьютерных технологий (ФКТ);Кафедра «Информационная безопасность автоматизированных систем» (ИБАС);10.05.03;Информационная безопасность автоматизированных систем;Обеспечение информационной безопасности распределенных информационных систем;Очная форма;Специалитет
1228;Обучается;0ИБ-1;5;Факультет компьютерных технологий (ФКТ);Кафедра «Информационная безопасность автоматизированных систем» (ИБАС);10.05.03;Информационная безопасность автоматизированных систем;Обеспечение информационной безопасности распределенных информационных систем;Очная форма;Специалитет
1229;Обучается;0ИБ-1;5;Факультет компьютерных технологий (ФКТ);Кафедра «Информационная безопасность автоматизированных систем» (ИБАС);10.05.03;Информационная безопасность автоматизированных систем;Обеспечение информационной безопасности распределенных информационных систем;Очная форма;Специалитет
1230;Обучается;4ПМб-1;1;Факультет компьютерных технологий (ФКТ);Кафедра «Прикладная математика» (ПМ);01.03.04;Прикладная математика;Математическое моделирование и криптография;Очная форма;Бакалавриат
1231;Обучается;4ПМб-1;1;Факультет компьютерных технологий (ФКТ);Кафедра «Прикладная математика» (ПМ);01.03.04;Прикладная математика;Математическое моделирование и криптография;Очная форма;Бакалавриат
1232;Академический отпуск;4ПМб-1;1;Факультет компьютерных технологий (ФКТ);Кафедра «Прикладная математика» (ПМ);01.03.04;Прикладная математика;Математическое моделирование и криптография;Очная форма;Бакалавриат
1233;Обучается;4ПМб-1;1;Факультет компьютерных технологий (ФКТ);Кафедра «Прикладная математика» (ПМ);01.03.04;Прикладная математика;Математическое моделирование и криптография;Очная форма;Бакалавриат
1234;Обучается;4ПМб-1;1;Факультет компьютерных технологий (ФКТ);Кафедра «Прикладная математика» (ПМ);01.03.04;Прикладная математика;Математическое моделирование и криптография;Очная форма;Бакалавриат
1235;Обучается;4ПМб-1;1;Факультет компьютерных технологий (ФКТ);Кафедра «Прикладная математика» (ПМ);01.03.04;Прикладная математика;Математическое моделирование и криптография;Очная форма;Бакалавриат
1236;Обучается;4ПМб-1;1;Факультет компьютерных технологий (ФКТ);Кафедра «Прикладная математика» (ПМ);01.03.04;Прикладная математика;Математическое моделирование и криптография;Очная форма;Бакалавриат
1237;Обучается;4ПМб-1;1;Факультет компьютерных технологий (ФКТ);Кафедра «Прикладная математика» (ПМ);01.03.04;Прикладная математика;Математическое моделирование и криптография;Очная форма;Бакалавриат
1238;Обучается;4ПМб-1;1;Факультет компьютерных технологий (ФКТ);Кафедра «Прикладная математика» (ПМ);01.03.04;Прикладная математика;Математическое моделирование и криптография;Очная форма;Бакалавриат
1239;Академический отпуск;4ПМб-1;1;Факультет компьютерных технологий (ФКТ);Кафедра «Прикладная математика» (ПМ);01.03.04;Прикладная математика;Математическое моделирование и криптография;Очная форма;Бакалавриат
1240;Обучается;4ПМб-1;1;Факультет компьютерных технологий (ФКТ);Кафедра «Прикладная математика» (ПМ);01.03.04;Прикладная математика;Математическое моделирование и криптография;Очная форма;Бакалавриат
1241;Обучается;3ПМб-1;2;Факультет компьютерных технологий (ФКТ);Кафедра «Прикладная математика» (ПМ);01.03.04;Прикладная математика;Математическое и компьютерное моделирование;Очная форма;Бакалавриат
1242;Обучается;3ПМб-1;2;Факультет компьютерных технологий (ФКТ);Кафедра «Прикладная математика» (ПМ);01.03.04;Прикладная математика;Математическое и компьютерное моделирование;Очная форма;Бакалавриат
1243;Академический отпуск;3ПМб-1;2;Факультет компьютерных технологий (ФКТ);Кафедра «Прикладная математика» (ПМ);01.03.04;Прикладная математика;Математическое и компьютерное моделирование;Очная форма;Бакалавриат
1244;Обучается;3ПМб-1;2;Факультет компьютерных технологий (ФКТ);Кафедра «Прикладная математика» (ПМ);01.03.04;Прикладная математика;Математическое и компьютерное моделирование;Очная форма;Бакалавриат
1245;Обучается;3ПМб-1;2;Факультет компьютерных технологий (ФКТ);Кафедра «Прикладная математика» (ПМ);01.03.04;Прикладная математика;Математическое и компьютерное моделирование;Очная форма;Бакалавриат
1246;Академический отпуск;3ПМб-1;2;Факультет компьютерных технологий (ФКТ);Кафедра «Прикладная математика» (ПМ);01.03.04;Прикладная математика;Математическое и компьютерное моделирование;Очная форма;Бакалавриат
1247;Академический отпуск;3ПМб-1;2;Факультет компьютерных технологий (ФКТ);Кафедра «Прикладная математика» (ПМ);01.03.04;Прикладная математика;Математическое и компьютерное моделирование;Очная форма;Бакалавриат
1248;Академический отпуск;3ПМб-1;2;Факультет компьютерных технологий (ФКТ);Кафедра «Прикладная математика» (ПМ);01.03.04;Прикладная математика;Математическое и компьютерное моделирование;Очная форма;Бакалавриат
1249;Академический отпуск;3ПМб-1;2;Факультет компьютерных технологий (ФКТ);Кафедра «Прикладная математика» (ПМ);01.03.04;Прикладная математика;Математическое и компьютерное моделирование;Очная форма;Бакалавриат
1250;Обучается;3ПМб-1;2;Факультет компьютерных технологий (ФКТ);Кафедра «Прикладная математика» (ПМ);01.03.04;Прикладная математика;Математическое и компьютерное моделирование;Очная форма;Бакалавриат
1251;Обучается;3ПМб-1;2;Факультет компьютерных технологий (ФКТ);Кафедра «Прикладная математика» (ПМ);01.03.04;Прикладная математика;Математическое и компьютерное моделирование;Очная форма;Бакалавриат
1252;Обучается;3ПМб-1;2;Факультет компьютерных технологий (ФКТ);Кафедра «Прикладная математика» (ПМ);01.03.04;Прикладная математика;Математическое и компьютерное моделирование;Очная форма;Бакалавриат
1253;Обучается;3ПМб-1;2;Факультет компьютерных технологий (ФКТ);Кафедра «Прикладная математика» (ПМ);01.03.04;Прикладная математика;Математическое и компьютерное моделирование;Очная форма;Бакалавриат
1254;Обучается;2ПМб-1П;3;Факультет компьютерных технологий (ФКТ);Кафедра «Прикладная математика» (ПМ);01.03.04;Прикладная математика;Математическое и компьютерное моделирование;Очная форма;Бакалавриат
1255;Обучается;2ПМб-1П;3;Факультет компьютерных технологий (ФКТ);Кафедра «Прикладная математика» (ПМ);01.03.04;Прикладная математика;Математическое и компьютерное моделирование;Очная форма;Бакалавриат
1256;Обучается;2ПМб-1П;3;Факультет компьютерных технологий (ФКТ);Кафедра «Прикладная математика» (ПМ);01.03.04;Прикладная математика;Математическое и компьютерное моделирование;Очная форма;Бакалавриат
1257;Обучается;2ПМб-1П;3;Факультет компьютерных технологий (ФКТ);Кафедра «Прикладная математика» (ПМ);01.03.04;Прикладная математика;Математическое и компьютерное моделирование;Очная форма;Бакалавриат
1258;Обучается;2ПМб-1П;3;Факультет компьютерных технологий (ФКТ);Кафедра «Прикладная математика» (ПМ);01.03.04;Прикладная математика;Математическое и компьютерное моделирование;Очная форма;Бакалавриат
1259;Обучается;2ПМб-1П;3;Факультет компьютерных технологий (ФКТ);Кафедра «Прикладная математика» (ПМ);01.03.04;Прикладная математика;Математическое и компьютерное моделирование;Очная форма;Бакалавриат
1260;Обучается;2ПМб-1П;3;Факультет компьютерных технологий (ФКТ);Кафедра «Прикладная математика» (ПМ);01.03.04;Прикладная математика;Математическое и компьютерное моделирование;Очная форма;Бакалавриат
1261;Академический отпуск;2ПМб-1П;3;Факультет компьютерных технологий (ФКТ);Кафедра «Прикладная математика» (ПМ);01.03.04;Прикладная математика;Математическое и компьютерное моделирование;Очная форма;Бакалавриат
1262;Обучается;2ПМб-1П;3;Факультет компьютерных технологий (ФКТ);Кафедра «Прикладная математика» (ПМ);01.03.04;Прикладная математика;Математическое и компьютерное моделирование;Очная форма;Бакалавриат
1263;Обучается;2ПМб-1П;3;Факультет компьютерных технологий (ФКТ);Кафедра «Прикладная математика» (ПМ);01.03.04;Прикладная математика;Математическое и компьютерное моделирование;Очная форма;Бакалавриат
1264;Обучается;2ПМб-1П;3;Факультет компьютерных технологий (ФКТ);Кафедра «Прикладная математика» (ПМ);01.03.04;Прикладная математика;Математическое и компьютерное моделирование;Очная форма;Бакалавриат
1265;Обучается;2ПМб-1П;3;Факультет компьютерных технологий (ФКТ);Кафедра «Прикладная математика» (ПМ);01.03.04;Прикладная математика;Математическое и компьютерное моделирование;Очная форма;Бакалавриат
1266;Академический отпуск;2ВСб-1;3;Факультет компьютерных технологий (ФКТ);Кафедра «Прикладная математика» (ПМ);02.03.03;Математическое обеспечение и администрирование информационных систем;Технология программирования;Очная форма;Бакалавриат
1267;Обучается;2ВСб-1;3;Факультет компьютерных технологий (ФКТ);Кафедра «Прикладная математика» (ПМ);02.03.03;Математическое обеспечение и администрирование информационных систем;Технология программирования;Очная форма;Бакалавриат
1268;Обучается;2ВСб-1;3;Факультет компьютерных технологий (ФКТ);Кафедра «Прикладная математика» (ПМ);02.03.03;Математическое обеспечение и администрирование информационных систем;Технология программирования;Очная форма;Бакалавриат
1269;Обучается;2ВСб-1;3;Факультет компьютерных технологий (ФКТ);Кафедра «Прикладная математика» (ПМ);02.03.03;Математическое обеспечение и администрирование информационных систем;Технология программирования;Очная форма;Бакалавриат
1270;Обучается;2ВСб-1;3;Факультет компьютерных технологий (ФКТ);Кафедра «Прикладная математика» (ПМ);02.03.03;Математическое обеспечение и администрирование информационных систем;Технология программирования;Очная форма;Бакалавриат
1271;Обучается;2ВСб-1;3;Факультет компьютерных технологий (ФКТ);Кафедра «Прикладная математика» (ПМ);02.03.03;Математическое обеспечение и администрирование информационных систем;Технология программирования;Очная форма;Бакалавриат
1272;Обучается;2ВСб-1;3;Факультет компьютерных технологий (ФКТ);Кафедра «Прикладная математика» (ПМ);02.03.03;Математическое обеспечение и администрирование информационных систем;Технология программирования;Очная форма;Бакалавриат
1273;Обучается;2ВСб-1;3;Факультет компьютерных технологий (ФКТ);Кафедра «Прикладная математика» (ПМ);02.03.03;Математическое обеспечение и администрирование информационных систем;Технология программирования;Очная форма;Бакалавриат
1274;Обучается;1ВСб-1;4;Факультет компьютерных технологий (ФКТ);Кафедра «Прикладная математика» (ПМ);02.03.03;Математическое обеспечение и администрирование информационных систем;Технология программирования;Очная форма;Бакалавриат
1275;Обучается;1ВСб-1;4;Факультет компьютерных технологий (ФКТ);Кафедра «Прикладная математика» (ПМ);02.03.03;Математическое обеспечение и администрирование информационных систем;Технология программирования;Очная форма;Бакалавриат
1276;Обучается;1ВСб-1;4;Факультет компьютерных технологий (ФКТ);Кафедра «Прикладная математика» (ПМ);02.03.03;Математическое обеспечение и администрирование информационных систем;Технология программирования;Очная форма;Бакалавриат
1277;Обучается;1ВСб-1;4;Факультет компьютерных технологий (ФКТ);Кафедра «Прикладная математика» (ПМ);02.03.03;Математическое обеспечение и администрирование информационных систем;Технология программирования;Очная форма;Бакалавриат
1278;Обучается;1ВСб-1;4;Факультет компьютерных технологий (ФКТ);Кафедра «Прикладная математика» (ПМ);02.03.03;Математическое обеспечение и администрирование информационных систем;Технология программирования;Очная форма;Бакалавриат
1279;Академический отпуск;1ВСб-1;4;Факультет компьютерных технологий (ФКТ);Кафедра «Прикладная математика» (ПМ);02.03.03;Математическое обеспечение и администрирование информационных систем;Технология программирования;Очная форма;Бакалавриат
1280;Обучается;1ВСб-1;4;Факультет компьютерных технологий (ФКТ);Кафедра «Прикладная математика» (ПМ);02.03.03;Математическое обеспечение и администрирование информационных систем;Технология программирования;Очная форма;Бакалавриат
1281;Обучается;4МИм-1;1;Факультет компьютерных технологий (ФКТ);Кафедра «Прикладная математика» (ПМ);01.04.02;Прикладная математика и информатика;Математика и информатика в науке и образовании;Очная форма;Магистратура
1282;Обучается;4МИм-1;1;Факультет компьютерных технологий (ФКТ);Кафедра «Прикладная математика» (ПМ);01.04.02;Прикладная математика и информатика;Математика и информатика в науке и образовании;Очная форма;Магистратура
1283;Обучается;4МИм-1;1;Факультет компьютерных технологий (ФКТ);Кафедра «Прикладная математика» (ПМ);01.04.02;Прикладная математика и информатика;Математика и информатика в науке и образовании;Очная форма;Магистратура
1284;Обучается;4МИм-1;1;Факультет компьютерных технологий (ФКТ);Кафедра «Прикладная математика» (ПМ);01.04.02;Прикладная математика и информатика;Математика и информатика в науке и образовании;Очная форма;Магистратура
1285;Обучается;4МИм-1;1;Факультет компьютерных технологий (ФКТ);Кафедра «Прикладная математика» (ПМ);01.04.02;Прикладная математика и информатика;Математика и информатика в науке и образовании;Очная форма;Магистратура
1286;Обучается;4МИм-1;1;Факультет компьютерных технологий (ФКТ);Кафедра «Прикладная математика» (ПМ);01.04.02;Прикладная математика и информатика;Математика и информатика в науке и образовании;Очная форма;Магистратура
1287;Обучается;4МИм-1;1;Факультет компьютерных технологий (ФКТ);Кафедра «Прикладная математика» (ПМ);01.04.02;Прикладная математика и информатика;Математика и информатика в науке и образовании;Очная форма;Магистратура
1288;Обучается;4МИм-1;1;Факультет компьютерных технологий (ФКТ);Кафедра «Прикладная математика» (ПМ);01.04.02;Прикладная математика и информатика;Математика и информатика в науке и образовании;Очная форма;Магистратура
1289;Обучается;3ПИм-1;2;Факультет компьютерных технологий (ФКТ);Кафедра «Прикладная математика» (ПМ);09.04.03;Прикладная информатика;Интеллектуальные системы;Очная форма;Магистратура
1290;Академический отпуск;3ПИм-1;2;Факультет компьютерных технологий (ФКТ);Кафедра «Прикладная математика» (ПМ);09.04.03;Прикладная информатика;Интеллектуальные системы;Очная форма;Магистратура
1291;Академический отпуск;3ПИм-1;2;Факультет компьютерных технологий (ФКТ);Кафедра «Прикладная математика» (ПМ);09.04.03;Прикладная информатика;Интеллектуальные системы;Очная форма;Магистратура
1292;Академический отпуск;3ПИм-1;2;Факультет компьютерных технологий (ФКТ);Кафедра «Прикладная математика» (ПМ);09.04.03;Прикладная информатика;Интеллектуальные системы;Очная форма;Магистратура
1293;Обучается;3ПИм-1;2;Факультет компьютерных технологий (ФКТ);Кафедра «Прикладная математика» (ПМ);09.04.03;Прикладная информатика;Интеллектуальные системы;Очная форма;Магистратура
1294;Академический отпуск;3ПИм-1;2;Факультет компьютерных технологий (ФКТ);Кафедра «Прикладная математика» (ПМ);09.04.03;Прикладная информатика;Интеллектуальные системы;Очная форма;Магистратура
1295;Обучается;3ПИм-1;2;Факультет компьютерных технологий (ФКТ);Кафедра «Прикладная математика» (ПМ);09.04.03;Прикладная информатика;Интеллектуальные системы;Очная форма;Магистратура
1296;Обучается;3ПИм-1;2;Факультет компьютерных технологий (ФКТ);Кафедра «Прикладная математика» (ПМ);09.04.03;Прикладная информатика;Интеллектуальные системы;Очная форма;Магистратура
1297;Академический отпуск;3ПИм-1;2;Факультет компьютерных технологий (ФКТ);Кафедра «Прикладная математика» (ПМ);09.04.03;Прикладная информатика;Интеллектуальные системы;Очная форма;Магистратура
1298;Обучается;3ПИм-1;2;Факультет компьютерных технологий (ФКТ);Кафедра «Прикладная математика» (ПМ);09.04.03;Прикладная информатика;Интеллектуальные системы;Очная форма;Магистратура
1299;Академический отпуск;3ПИм-1;2;Факультет компьютерных технологий (ФКТ);Кафедра «Прикладная математика» (ПМ);09.04.03;Прикладная информатика;Интеллектуальные системы;Очная форма;Магистратура
1300;Академический отпуск;3ПИм-1;2;Факультет компьютерных технологий (ФКТ);Кафедра «Прикладная математика» (ПМ);09.04.03;Прикладная информатика;Интеллектуальные системы;Очная форма;Магистратура
1301;Академический отпуск;3ПИм-1;2;Факультет компьютерных технологий (ФКТ);Кафедра «Прикладная математика» (ПМ);09.04.03;Прикладная информатика;Интеллектуальные системы;Очная форма;Магистратура
1302;Академический отпуск;3ПИм-1;2;Факультет компьютерных технологий (ФКТ);Кафедра «Прикладная математика» (ПМ);09.04.03;Прикладная информатика;Интеллектуальные системы;Очная форма;Магистратура
1303;Обучается;3ПИм-1;2;Факультет компьютерных технологий (ФКТ);Кафедра «Прикладная математика» (ПМ);09.04.03;Прикладная информатика;Интеллектуальные системы;Очная форма;Магистратура
1304;Обучается;3ПИм-1;2;Факультет компьютерных технологий (ФКТ);Кафедра «Прикладная математика» (ПМ);09.04.03;Прикладная информатика;Интеллектуальные системы;Очная форма;Магистратура
1305;Академический отпуск;3ПИм-1;2;Факультет компьютерных технологий (ФКТ);Кафедра «Прикладная математика» (ПМ);09.04.03;Прикладная информатика;Интеллектуальные системы;Очная форма;Магистратура
1306;Обучается;3ПИм-1;2;Факультет компьютерных технологий (ФКТ);Кафедра «Прикладная математика» (ПМ);09.04.03;Прикладная информатика;Интеллектуальные системы;Очная форма;Магистратура
1307;Обучается;4ИТб-1;1;Факультет компьютерных технологий (ФКТ);Кафедра «Проектирование, управление и разработка информационных систем» (ПУРИС);09.03.01;Информатика и вычислительная техника;Программное обеспечение средств вычислительной техники и автоматизированных систем;Очная форма;Бакалавриат
1308;Обучается;4ИТб-1;1;Факультет компьютерных технологий (ФКТ);Кафедра «Проектирование, управление и разработка информационных систем» (ПУРИС);09.03.01;Информатика и вычислительная техника;Программное обеспечение средств вычислительной техники и автоматизированных систем;Очная форма;Бакалавриат
1309;Обучается;4ИТб-1;1;Факультет компьютерных технологий (ФКТ);Кафедра «Проектирование, управление и разработка информационных систем» (ПУРИС);09.03.01;Информатика и вычислительная техника;Программное обеспечение средств вычислительной техники и автоматизированных систем;Очная форма;Бакалавриат
1310;Обучается;4ИТб-1;1;Факультет компьютерных технологий (ФКТ);Кафедра «Проектирование, управление и разработка информационных систем» (ПУРИС);09.03.01;Информатика и вычислительная техника;Программное обеспечение средств вычислительной техники и автоматизированных систем;Очная форма;Бакалавриат
1311;Обучается;4ИТб-1;1;Факультет компьютерных технологий (ФКТ);Кафедра «Проектирование, управление и разработка информационных систем» (ПУРИС);09.03.01;Информатика и вычислительная техника;Программное обеспечение средств вычислительной техники и автоматизированных систем;Очная форма;Бакалавриат
1312;Обучается;4ИТб-1;1;Факультет компьютерных технологий (ФКТ);Кафедра «Проектирование, управление и разработка информационных систем» (ПУРИС);09.03.01;Информатика и вычислительная техника;Программное обеспечение средств вычислительной техники и автоматизированных систем;Очная форма;Бакалавриат
1313;Обучается;4ИТб-1;1;Факультет компьютерных технологий (ФКТ);Кафедра «Проектирование, управление и разработка информационных систем» (ПУРИС);09.03.01;Информатика и вычислительная техника;Программное обеспечение средств вычислительной техники и автоматизированных систем;Очная форма;Бакалавриат
1314;Обучается;4ИТб-1;1;Факультет компьютерных технологий (ФКТ);Кафедра «Проектирование, управление и разработка информационных систем» (ПУРИС);09.03.01;Информатика и вычислительная техника;Программное обеспечение средств вычислительной техники и автоматизированных систем;Очная форма;Бакалавриат
1315;Обучается;4ИТб-1;1;Факультет компьютерных технологий (ФКТ);Кафедра «Проектирование, управление и разработка информационных систем» (ПУРИС);09.03.01;Информатика и вычислительная техника;Программное обеспечение средств вычислительной техники и автоматизированных систем;Очная форма;Бакалавриат
1316;Обучается;4ИТб-1;1;Факультет компьютерных технологий (ФКТ);Кафедра «Проектирование, управление и разработка информационных систем» (ПУРИС);09.03.01;Информатика и вычислительная техника;Программное обеспечение средств вычислительной техники и автоматизированных систем;Очная форма;Бакалавриат
1317;Обучается;4ИТб-1;1;Факультет компьютерных технологий (ФКТ);Кафедра «Проектирование, управление и разработка информационных систем» (ПУРИС);09.03.01;Информатика и вычислительная техника;Программное обеспечение средств вычислительной техники и автоматизированных систем;Очная форма;Бакалавриат
1318;Обучается;4ИТб-1;1;Факультет компьютерных технологий (ФКТ);Кафедра «Проектирование, управление и разработка информационных систем» (ПУРИС);09.03.01;Информатика и вычислительная техника;Программное обеспечение средств вычислительной техники и автоматизированных систем;Очная форма;Бакалавриат
1319;Обучается;4ИТб-1;1;Факультет компьютерных технологий (ФКТ);Кафедра «Проектирование, управление и разработка информационных систем» (ПУРИС);09.03.01;Информатика и вычислительная техника;Программное обеспечение средств вычислительной техники и автоматизированных систем;Очная форма;Бакалавриат
1320;Обучается;4ИТб-1;1;Факультет компьютерных технологий (ФКТ);Кафедра «Проектирование, управление и разработка информационных систем» (ПУРИС);09.03.01;Информатика и вычислительная техника;Программное обеспечение средств вычислительной техники и автоматизированных систем;Очная форма;Бакалавриат
1321;Обучается;4ИТб-1;1;Факультет компьютерных технологий (ФКТ);Кафедра «Проектирование, управление и разработка информационных систем» (ПУРИС);09.03.01;Информатика и вычислительная техника;Программное обеспечение средств вычислительной техники и автоматизированных систем;Очная форма;Бакалавриат
1322;Обучается;4ИТб-1;1;Факультет компьютерных технологий (ФКТ);Кафедра «Проектирование, управление и разработка информационных систем» (ПУРИС);09.03.01;Информатика и вычислительная техника;Программное обеспечение средств вычислительной техники и автоматизированных систем;Очная форма;Бакалавриат
1323;Обучается;4ИТб-1;1;Факультет компьютерных технологий (ФКТ);Кафедра «Проектирование, управление и разработка информационных систем» (ПУРИС);09.03.01;Информатика и вычислительная техника;Программное обеспечение средств вычислительной техники и автоматизированных систем;Очная форма;Бакалавриат
1324;Обучается;3ИТб-1;2;Факультет компьютерных технологий (ФКТ);Кафедра «Проектирование, управление и разработка информационных систем» (ПУРИС);09.03.01;Информатика и вычислительная техника;Программное обеспечение средств вычислительной техники и автоматизированных систем;Очная форма;Бакалавриат
1325;Обучается;3ИТб-1;2;Факультет компьютерных технологий (ФКТ);Кафедра «Проектирование, управление и разработка информационных систем» (ПУРИС);09.03.01;Информатика и вычислительная техника;Программное обеспечение средств вычислительной техники и автоматизированных систем;Очная форма;Бакалавриат
1326;Обучается;3ИТб-1;2;Факультет компьютерных технологий (ФКТ);Кафедра «Проектирование, управление и разработка информационных систем» (ПУРИС);09.03.01;Информатика и вычислительная техника;Программное обеспечение средств вычислительной техники и автоматизированных систем;Очная форма;Бакалавриат
1327;Обучается;3ИТб-1;2;Факультет компьютерных технологий (ФКТ);Кафедра «Проектирование, управление и разработка информационных систем» (ПУРИС);09.03.01;Информатика и вычислительная техника;Программное обеспечение средств вычислительной техники и автоматизированных систем;Очная форма;Бакалавриат
1328;Обучается;3ИТб-1;2;Факультет компьютерных технологий (ФКТ);Кафедра «Проектирование, управление и разработка информационных систем» (ПУРИС);09.03.01;Информатика и вычислительная техника;Программное обеспечение средств вычислительной техники и автоматизированных систем;Очная форма;Бакалавриат
1329;Обучается;3ИТб-1;2;Факультет компьютерных технологий (ФКТ);Кафедра «Проектирование, управление и разработка информационных систем» (ПУРИС);09.03.01;Информатика и вычислительная техника;Программное обеспечение средств вычислительной техники и автоматизированных систем;Очная форма;Бакалавриат
1330;Обучается;3ИТб-1;2;Факультет компьютерных технологий (ФКТ);Кафедра «Проектирование, управление и разработка информационных систем» (ПУРИС);09.03.01;Информатика и вычислительная техника;Программное обеспечение средств вычислительной техники и автоматизированных систем;Очная форма;Бакалавриат
1331;Обучается;3ИТб-1;2;Факультет компьютерных технологий (ФКТ);Кафедра «Проектирование, управление и разработка информационных систем» (ПУРИС);09.03.01;Информатика и вычислительная техника;Программное обеспечение средств вычислительной техники и автоматизированных систем;Очная форма;Бакалавриат
1332;Обучается;3ИТб-1;2;Факультет компьютерных технологий (ФКТ);Кафедра «Проектирование, управление и разработка информационных систем» (ПУРИС);09.03.01;Информатика и вычислительная техника;Программное обеспечение средств вычислительной техники и автоматизированных систем;Очная форма;Бакалавриат
1333;Обучается;3ИТб-1;2;Факультет компьютерных технологий (ФКТ);Кафедра «Проектирование, управление и разработка информационных систем» (ПУРИС);09.03.01;Информатика и вычислительная техника;Программное обеспечение средств вычислительной техники и автоматизированных систем;Очная форма;Бакалавриат
1334;Обучается;3ИТб-1;2;Факультет компьютерных технологий (ФКТ);Кафедра «Проектирование, управление и разработка информационных систем» (ПУРИС);09.03.01;Информатика и вычислительная техника;Программное обеспечение средств вычислительной техники и автоматизированных систем;Очная форма;Бакалавриат
1335;Обучается;3ИТб-1;2;Факультет компьютерных технологий (ФКТ);Кафедра «Проектирование, управление и разработка информационных систем» (ПУРИС);09.03.01;Информатика и вычислительная техника;Программное обеспечение средств вычислительной техники и автоматизированных систем;Очная форма;Бакалавриат
1336;Обучается;3ИТб-1;2;Факультет компьютерных технологий (ФКТ);Кафедра «Проектирование, управление и разработка информационных систем» (ПУРИС);09.03.01;Информатика и вычислительная техника;Программное обеспечение средств вычислительной техники и автоматизированных систем;Очная форма;Бакалавриат
1337;Обучается;3ИТб-1;2;Факультет компьютерных технологий (ФКТ);Кафедра «Проектирование, управление и разработка информационных систем» (ПУРИС);09.03.01;Информатика и вычислительная техника;Программное обеспечение средств вычислительной техники и автоматизированных систем;Очная форма;Бакалавриат
1338;Обучается;3ИТб-1;2;Факультет компьютерных технологий (ФКТ);Кафедра «Проектирование, управление и разработка информационных систем» (ПУРИС);09.03.01;Информатика и вычислительная техника;Программное обеспечение средств вычислительной техники и автоматизированных систем;Очная форма;Бакалавриат
1339;Обучается;3ИТб-1;2;Факультет компьютерных технологий (ФКТ);Кафедра «Проектирование, управление и разработка информационных систем» (ПУРИС);09.03.01;Информатика и вычислительная техника;Программное обеспечение средств вычислительной техники и автоматизированных систем;Очная форма;Бакалавриат
1340;Обучается;3ИТб-1;2;Факультет компьютерных технологий (ФКТ);Кафедра «Проектирование, управление и разработка информационных систем» (ПУРИС);09.03.01;Информатика и вычислительная техника;Программное обеспечение средств вычислительной техники и автоматизированных систем;Очная форма;Бакалавриат
1341;Обучается;3ИТб-1;2;Факультет компьютерных технологий (ФКТ);Кафедра «Проектирование, управление и разработка информационных систем» (ПУРИС);09.03.01;Информатика и вычислительная техника;Программное обеспечение средств вычислительной техники и автоматизированных систем;Очная форма;Бакалавриат
1342;Обучается;3ИТб-1;2;Факультет компьютерных технологий (ФКТ);Кафедра «Проектирование, управление и разработка информационных систем» (ПУРИС);09.03.01;Информатика и вычислительная техника;Программное обеспечение средств вычислительной техники и автоматизированных систем;Очная форма;Бакалавриат
1343;Обучается;3ИТб-1;2;Факультет компьютерных технологий (ФКТ);Кафедра «Проектирование, управление и разработка информационных систем» (ПУРИС);09.03.01;Информатика и вычислительная техника;Программное обеспечение средств вычислительной техники и автоматизированных систем;Очная форма;Бакалавриат
1344;Обучается;3ИТб-1;2;Факультет компьютерных технологий (ФКТ);Кафедра «Проектирование, управление и разработка информационных систем» (ПУРИС);09.03.01;Информатика и вычислительная техника;Программное обеспечение средств вычислительной техники и автоматизированных систем;Очная форма;Бакалавриат
1345;Обучается;3ИТб-1;2;Факультет компьютерных технологий (ФКТ);Кафедра «Проектирование, управление и разработка информационных систем» (ПУРИС);09.03.01;Информатика и вычислительная техника;Программное обеспечение средств вычислительной техники и автоматизированных систем;Очная форма;Бакалавриат
1346;Обучается;3ИТб-1;2;Факультет компьютерных технологий (ФКТ);Кафедра «Проектирование, управление и разработка информационных систем» (ПУРИС);09.03.01;Информатика и вычислительная техника;Программное обеспечение средств вычислительной техники и автоматизированных систем;Очная форма;Бакалавриат
1347;Обучается;3ИТб-1;2;Факультет компьютерных технологий (ФКТ);Кафедра «Проектирование, управление и разработка информационных систем» (ПУРИС);09.03.01;Информатика и вычислительная техника;Программное обеспечение средств вычислительной техники и автоматизированных систем;Очная форма;Бакалавриат
1348;Обучается;3ИТб-1;2;Факультет компьютерных технологий (ФКТ);Кафедра «Проектирование, управление и разработка информационных систем» (ПУРИС);09.03.01;Информатика и вычислительная техника;Программное обеспечение средств вычислительной техники и автоматизированных систем;Очная форма;Бакалавриат
1349;Обучается;3ИТб-1;2;Факультет компьютерных технологий (ФКТ);Кафедра «Проектирование, управление и разработка информационных систем» (ПУРИС);09.03.01;Информатика и вычислительная техника;Программное обеспечение средств вычислительной техники и автоматизированных систем;Очная форма;Бакалавриат
1350;Обучается;3ИТб-1;2;Факультет компьютерных технологий (ФКТ);Кафедра «Проектирование, управление и разработка информационных систем» (ПУРИС);09.03.01;Информатика и вычислительная техника;Программное обеспечение средств вычислительной техники и автоматизированных систем;Очная форма;Бакалавриат
1351;Обучается;3ИТб-1;2;Факультет компьютерных технологий (ФКТ);Кафедра «Проектирование, управление и разработка информационных систем» (ПУРИС);09.03.01;Информатика и вычислительная техника;Программное обеспечение средств вычислительной техники и автоматизированных систем;Очная форма;Бакалавриат
1352;Обучается;3ИТб-1;2;Факультет компьютерных технологий (ФКТ);Кафедра «Проектирование, управление и разработка информационных систем» (ПУРИС);09.03.01;Информатика и вычислительная техника;Программное обеспечение средств вычислительной техники и автоматизированных систем;Очная форма;Бакалавриат
1353;Обучается;3ИТб-1;2;Факультет компьютерных технологий (ФКТ);Кафедра «Проектирование, управление и разработка информационных систем» (ПУРИС);09.03.01;Информатика и вычислительная техника;Программное обеспечение средств вычислительной техники и автоматизированных систем;Очная форма;Бакалавриат
1354;Академический отпуск;2ИТб-1;3;Факультет компьютерных технологий (ФКТ);Кафедра «Проектирование, управление и разработка информационных систем» (ПУРИС);09.03.01;Информатика и вычислительная техника;Программное обеспечение средств вычислительной техники и автоматизированных систем;Очная форма;Бакалавриат
1355;Обучается;2ИТб-1;3;Факультет компьютерных технологий (ФКТ);Кафедра «Проектирование, управление и разработка информационных систем» (ПУРИС);09.03.01;Информатика и вычислительная техника;Программное обеспечение средств вычислительной техники и автоматизированных систем;Очная форма;Бакалавриат
1356;Академический отпуск;2ИТб-1;3;Факультет компьютерных технологий (ФКТ);Кафедра «Проектирование, управление и разработка информационных систем» (ПУРИС);09.03.01;Информатика и вычислительная техника;Программное обеспечение средств вычислительной техники и автоматизированных систем;Очная форма;Бакалавриат
1357;Обучается;2ИТб-1;3;Факультет компьютерных технологий (ФКТ);Кафедра «Проектирование, управление и разработка информационных систем» (ПУРИС);09.03.01;Информатика и вычислительная техника;Программное обеспечение средств вычислительной техники и автоматизированных систем;Очная форма;Бакалавриат
1358;Обучается;2ИТб-1;3;Факультет компьютерных технологий (ФКТ);Кафедра «Проектирование, управление и разработка информационных систем» (ПУРИС);09.03.01;Информатика и вычислительная техника;Программное обеспечение средств вычислительной техники и автоматизированных систем;Очная форма;Бакалавриат
1359;Обучается;2ИТб-1;3;Факультет компьютерных технологий (ФКТ);Кафедра «Проектирование, управление и разработка информационных систем» (ПУРИС);09.03.01;Информатика и вычислительная техника;Программное обеспечение средств вычислительной техники и автоматизированных систем;Очная форма;Бакалавриат
1360;Обучается;2ИТб-1;3;Факультет компьютерных технологий (ФКТ);Кафедра «Проектирование, управление и разработка информационных систем» (ПУРИС);09.03.01;Информатика и вычислительная техника;Программное обеспечение средств вычислительной техники и автоматизированных систем;Очная форма;Бакалавриат
1361;Обучается;2ИТб-1;3;Факультет компьютерных технологий (ФКТ);Кафедра «Проектирование, управление и разработка информационных систем» (ПУРИС);09.03.01;Информатика и вычислительная техника;Программное обеспечение средств вычислительной техники и автоматизированных систем;Очная форма;Бакалавриат
1362;Обучается;2ИТб-1;3;Факультет компьютерных технологий (ФКТ);Кафедра «Проектирование, управление и разработка информационных систем» (ПУРИС);09.03.01;Информатика и вычислительная техника;Программное обеспечение средств вычислительной техники и автоматизированных систем;Очная форма;Бакалавриат
1363;Обучается;2ИТб-1;3;Факультет компьютерных технологий (ФКТ);Кафедра «Проектирование, управление и разработка информационных систем» (ПУРИС);09.03.01;Информатика и вычислительная техника;Программное обеспечение средств вычислительной техники и автоматизированных систем;Очная форма;Бакалавриат
1364;Обучается;2ИТб-1;3;Факультет компьютерных технологий (ФКТ);Кафедра «Проектирование, управление и разработка информационных систем» (ПУРИС);09.03.01;Информатика и вычислительная техника;Программное обеспечение средств вычислительной техники и автоматизированных систем;Очная форма;Бакалавриат
1365;Обучается;2ИТб-1;3;Факультет компьютерных технологий (ФКТ);Кафедра «Проектирование, управление и разработка информационных систем» (ПУРИС);09.03.01;Информатика и вычислительная техника;Программное обеспечение средств вычислительной техники и автоматизированных систем;Очная форма;Бакалавриат
1366;Обучается;2ИТб-1;3;Факультет компьютерных технологий (ФКТ);Кафедра «Проектирование, управление и разработка информационных систем» (ПУРИС);09.03.01;Информатика и вычислительная техника;Программное обеспечение средств вычислительной техники и автоматизированных систем;Очная форма;Бакалавриат
1367;Обучается;2ИТб-1;3;Факультет компьютерных технологий (ФКТ);Кафедра «Проектирование, управление и разработка информационных систем» (ПУРИС);09.03.01;Информатика и вычислительная техника;Программное обеспечение средств вычислительной техники и автоматизированных систем;Очная форма;Бакалавриат
1368;Обучается;2ИТб-1;3;Факультет компьютерных технологий (ФКТ);Кафедра «Проектирование, управление и разработка информационных систем» (ПУРИС);09.03.01;Информатика и вычислительная техника;Программное обеспечение средств вычислительной техники и автоматизированных систем;Очная форма;Бакалавриат
1369;Обучается;2ИТб-1;3;Факультет компьютерных технологий (ФКТ);Кафедра «Проектирование, управление и разработка информационных систем» (ПУРИС);09.03.01;Информатика и вычислительная техника;Программное обеспечение средств вычислительной техники и автоматизированных систем;Очная форма;Бакалавриат
1370;Академический отпуск;1ВТб-1;4;Факультет компьютерных технологий (ФКТ);Кафедра «Проектирование, управление и разработка информационных систем» (ПУРИС);09.03.01;Информатика и вычислительная техника;Программное обеспечение средств вычислительной техники и автоматизированных систем;Очная форма;Бакалавриат
1371;Академический отпуск;1ВТб-1;4;Факультет компьютерных технологий (ФКТ);Кафедра «Проектирование, управление и разработка информационных систем» (ПУРИС);09.03.01;Информатика и вычислительная техника;Программное обеспечение средств вычислительной техники и автоматизированных систем;Очная форма;Бакалавриат
1372;Обучается;1ВТб-1;4;Факультет компьютерных технологий (ФКТ);Кафедра «Проектирование, управление и разработка информационных систем» (ПУРИС);09.03.01;Информатика и вычислительная техника;Программное обеспечение средств вычислительной техники и автоматизированных систем;Очная форма;Бакалавриат
1373;Обучается;1ВТб-1;4;Факультет компьютерных технологий (ФКТ);Кафедра «Проектирование, управление и разработка информационных систем» (ПУРИС);09.03.01;Информатика и вычислительная техника;Программное обеспечение средств вычислительной техники и автоматизированных систем;Очная форма;Бакалавриат
1374;Обучается;1ВТб-1;4;Факультет компьютерных технологий (ФКТ);Кафедра «Проектирование, управление и разработка информационных систем» (ПУРИС);09.03.01;Информатика и вычислительная техника;Программное обеспечение средств вычислительной техники и автоматизированных систем;Очная форма;Бакалавриат
1375;Обучается;1ВТб-1;4;Факультет компьютерных технологий (ФКТ);Кафедра «Проектирование, управление и разработка информационных систем» (ПУРИС);09.03.01;Информатика и вычислительная техника;Программное обеспечение средств вычислительной техники и автоматизированных систем;Очная форма;Бакалавриат
1376;Академический отпуск;1ВТб-1;4;Факультет компьютерных технологий (ФКТ);Кафедра «Проектирование, управление и разработка информационных систем» (ПУРИС);09.03.01;Информатика и вычислительная техника;Программное обеспечение средств вычислительной техники и автоматизированных систем;Очная форма;Бакалавриат
1377;Обучается;1ВТб-1;4;Факультет компьютерных технологий (ФКТ);Кафедра «Проектирование, управление и разработка информационных систем» (ПУРИС);09.03.01;Информатика и вычислительная техника;Программное обеспечение средств вычислительной техники и автоматизированных систем;Очная форма;Бакалавриат
1378;Обучается;1ВТб-1;4;Факультет компьютерных технологий (ФКТ);Кафедра «Проектирование, управление и разработка информационных систем» (ПУРИС);09.03.01;Информатика и вычислительная техника;Программное обеспечение средств вычислительной техники и автоматизированных систем;Очная форма;Бакалавриат
1379;Обучается;1ВТб-1;4;Факультет компьютерных технологий (ФКТ);Кафедра «Проектирование, управление и разработка информационных систем» (ПУРИС);09.03.01;Информатика и вычислительная техника;Программное обеспечение средств вычислительной техники и автоматизированных систем;Очная форма;Бакалавриат
1380;Обучается;1ВТб-1;4;Факультет компьютерных технологий (ФКТ);Кафедра «Проектирование, управление и разработка информационных систем» (ПУРИС);09.03.01;Информатика и вычислительная техника;Программное обеспечение средств вычислительной техники и автоматизированных систем;Очная форма;Бакалавриат
1381;Обучается;1ВТб-1;4;Факультет компьютерных технологий (ФКТ);Кафедра «Проектирование, управление и разработка информационных систем» (ПУРИС);09.03.01;Информатика и вычислительная техника;Программное обеспечение средств вычислительной техники и автоматизированных систем;Очная форма;Бакалавриат
1382;Обучается;1ВТб-1;4;Факультет компьютерных технологий (ФКТ);Кафедра «Проектирование, управление и разработка информационных систем» (ПУРИС);09.03.01;Информатика и вычислительная техника;Программное обеспечение средств вычислительной техники и автоматизированных систем;Очная форма;Бакалавриат
1383;Обучается;1ВТб-1;4;Факультет компьютерных технологий (ФКТ);Кафедра «Проектирование, управление и разработка информационных систем» (ПУРИС);09.03.01;Информатика и вычислительная техника;Программное обеспечение средств вычислительной техники и автоматизированных систем;Очная форма;Бакалавриат
1384;Обучается;1ВТб-1;4;Факультет компьютерных технологий (ФКТ);Кафедра «Проектирование, управление и разработка информационных систем» (ПУРИС);09.03.01;Информатика и вычислительная техника;Программное обеспечение средств вычислительной техники и автоматизированных систем;Очная форма;Бакалавриат
1385;Обучается;1ВТб-1;4;Факультет компьютерных технологий (ФКТ);Кафедра «Проектирование, управление и разработка информационных систем» (ПУРИС);09.03.01;Информатика и вычислительная техника;Программное обеспечение средств вычислительной техники и автоматизированных систем;Очная форма;Бакалавриат
1386;Обучается;4ИТб-2;1;Факультет компьютерных технологий (ФКТ);Кафедра «Проектирование, управление и разработка информационных систем» (ПУРИС);09.03.02;Информационные системы и технологии;Проектирование и реализация информационных систем и технологий;Очная форма;Бакалавриат
1387;Обучается;4ИТб-2;1;Факультет компьютерных технологий (ФКТ);Кафедра «Проектирование, управление и разработка информационных систем» (ПУРИС);09.03.02;Информационные системы и технологии;Проектирование и реализация информационных систем и технологий;Очная форма;Бакалавриат
1388;Обучается;4ИТб-2;1;Факультет компьютерных технологий (ФКТ);Кафедра «Проектирование, управление и разработка информационных систем» (ПУРИС);09.03.02;Информационные системы и технологии;Проектирование и реализация информационных систем и технологий;Очная форма;Бакалавриат
1389;Обучается;4ИТб-2;1;Факультет компьютерных технологий (ФКТ);Кафедра «Проектирование, управление и разработка информационных систем» (ПУРИС);09.03.02;Информационные системы и технологии;Проектирование и реализация информационных систем и технологий;Очная форма;Бакалавриат
1390;Обучается;4ИТб-2;1;Факультет компьютерных технологий (ФКТ);Кафедра «Проектирование, управление и разработка информационных систем» (ПУРИС);09.03.02;Информационные системы и технологии;Проектирование и реализация информационных систем и технологий;Очная форма;Бакалавриат
1391;Обучается;4ИТб-2;1;Факультет компьютерных технологий (ФКТ);Кафедра «Проектирование, управление и разработка информационных систем» (ПУРИС);09.03.02;Информационные системы и технологии;Проектирование и реализация информационных систем и технологий;Очная форма;Бакалавриат
1392;Обучается;4ИТб-2;1;Факультет компьютерных технологий (ФКТ);Кафедра «Проектирование, управление и разработка информационных систем» (ПУРИС);09.03.02;Информационные системы и технологии;Проектирование и реализация информационных систем и технологий;Очная форма;Бакалавриат
1393;Обучается;4ИТб-2;1;Факультет компьютерных технологий (ФКТ);Кафедра «Проектирование, управление и разработка информационных систем» (ПУРИС);09.03.02;Информационные системы и технологии;Проектирование и реализация информационных систем и технологий;Очная форма;Бакалавриат
1394;Обучается;4ИТб-2;1;Факультет компьютерных технологий (ФКТ);Кафедра «Проектирование, управление и разработка информационных систем» (ПУРИС);09.03.02;Информационные системы и технологии;Проектирование и реализация информационных систем и технологий;Очная форма;Бакалавриат
1395;Обучается;4ИТб-2;1;Факультет компьютерных технологий (ФКТ);Кафедра «Проектирование, управление и разработка информационных систем» (ПУРИС);09.03.02;Информационные системы и технологии;Проектирование и реализация информационных систем и технологий;Очная форма;Бакалавриат
1396;Обучается;4ИТб-2;1;Факультет компьютерных технологий (ФКТ);Кафедра «Проектирование, управление и разработка информационных систем» (ПУРИС);09.03.02;Информационные системы и технологии;Проектирование и реализация информационных систем и технологий;Очная форма;Бакалавриат
1397;Обучается;4ИТб-2;1;Факультет компьютерных технологий (ФКТ);Кафедра «Проектирование, управление и разработка информационных систем» (ПУРИС);09.03.02;Информационные системы и технологии;Проектирование и реализация информационных систем и технологий;Очная форма;Бакалавриат
1398;Академический отпуск;4ИТб-2;1;Факультет компьютерных технологий (ФКТ);Кафедра «Проектирование, управление и разработка информационных систем» (ПУРИС);09.03.02;Информационные системы и технологии;Проектирование и реализация информационных систем и технологий;Очная форма;Бакалавриат
1399;Обучается;4ИТб-2;1;Факультет компьютерных технологий (ФКТ);Кафедра «Проектирование, управление и разработка информационных систем» (ПУРИС);09.03.02;Информационные системы и технологии;Проектирование и реализация информационных систем и технологий;Очная форма;Бакалавриат
1400;Обучается;4ИТб-2;1;Факультет компьютерных технологий (ФКТ);Кафедра «Проектирование, управление и разработка информационных систем» (ПУРИС);09.03.02;Информационные системы и технологии;Проектирование и реализация информационных систем и технологий;Очная форма;Бакалавриат
1401;Обучается;4ИТб-2;1;Факультет компьютерных технологий (ФКТ);Кафедра «Проектирование, управление и разработка информационных систем» (ПУРИС);09.03.02;Информационные системы и технологии;Проектирование и реализация информационных систем и технологий;Очная форма;Бакалавриат
1402;Обучается;4ИТб-2;1;Факультет компьютерных технологий (ФКТ);Кафедра «Проектирование, управление и разработка информационных систем» (ПУРИС);09.03.02;Информационные системы и технологии;Проектирование и реализация информационных систем и технологий;Очная форма;Бакалавриат
1403;Обучается;2ИТб-2;3;Факультет компьютерных технологий (ФКТ);Кафедра «Проектирование, управление и разработка информационных систем» (ПУРИС);09.03.02;Информационные системы и технологии;Проектирование и реализация информационных систем и технологий;Очная форма;Бакалавриат
1404;Обучается;2ИТб-2;3;Факультет компьютерных технологий (ФКТ);Кафедра «Проектирование, управление и разработка информационных систем» (ПУРИС);09.03.02;Информационные системы и технологии;Проектирование и реализация информационных систем и технологий;Очная форма;Бакалавриат
1405;Обучается;2ИТб-2;3;Факультет компьютерных технологий (ФКТ);Кафедра «Проектирование, управление и разработка информационных систем» (ПУРИС);09.03.02;Информационные системы и технологии;Проектирование и реализация информационных систем и технологий;Очная форма;Бакалавриат
1406;Обучается;2ИТб-2;3;Факультет компьютерных технологий (ФКТ);Кафедра «Проектирование, управление и разработка информационных систем» (ПУРИС);09.03.02;Информационные системы и технологии;Проектирование и реализация информационных систем и технологий;Очная форма;Бакалавриат
1407;Академический отпуск;2ИТб-2;3;Факультет компьютерных технологий (ФКТ);Кафедра «Проектирование, управление и разработка информационных систем» (ПУРИС);09.03.02;Информационные системы и технологии;Проектирование и реализация информационных систем и технологий;Очная форма;Бакалавриат
1408;Обучается;2ИТб-2;3;Факультет компьютерных технологий (ФКТ);Кафедра «Проектирование, управление и разработка информационных систем» (ПУРИС);09.03.02;Информационные системы и технологии;Проектирование и реализация информационных систем и технологий;Очная форма;Бакалавриат
1409;Обучается;2ИТб-2;3;Факультет компьютерных технологий (ФКТ);Кафедра «Проектирование, управление и разработка информационных систем» (ПУРИС);09.03.02;Информационные системы и технологии;Проектирование и реализация информационных систем и технологий;Очная форма;Бакалавриат
1410;Обучается;2ИТб-2;3;Факультет компьютерных технологий (ФКТ);Кафедра «Проектирование, управление и разработка информационных систем» (ПУРИС);09.03.02;Информационные системы и технологии;Проектирование и реализация информационных систем и технологий;Очная форма;Бакалавриат
1411;Обучается;2ИТб-2;3;Факультет компьютерных технологий (ФКТ);Кафедра «Проектирование, управление и разработка информационных систем» (ПУРИС);09.03.02;Информационные системы и технологии;Проектирование и реализация информационных систем и технологий;Очная форма;Бакалавриат
1412;Обучается;2ИТб-2;3;Факультет компьютерных технологий (ФКТ);Кафедра «Проектирование, управление и разработка информационных систем» (ПУРИС);09.03.02;Информационные системы и технологии;Проектирование и реализация информационных систем и технологий;Очная форма;Бакалавриат
1413;Обучается;2ИТб-2;3;Факультет компьютерных технологий (ФКТ);Кафедра «Проектирование, управление и разработка информационных систем» (ПУРИС);09.03.02;Информационные системы и технологии;Проектирование и реализация информационных систем и технологий;Очная форма;Бакалавриат
1414;Обучается;2ИТб-2;3;Факультет компьютерных технологий (ФКТ);Кафедра «Проектирование, управление и разработка информационных систем» (ПУРИС);09.03.02;Информационные системы и технологии;Проектирование и реализация информационных систем и технологий;Очная форма;Бакалавриат
1415;Обучается;2ИТб-2;3;Факультет компьютерных технологий (ФКТ);Кафедра «Проектирование, управление и разработка информационных систем» (ПУРИС);09.03.02;Информационные системы и технологии;Проектирование и реализация информационных систем и технологий;Очная форма;Бакалавриат
1416;Обучается;2ИТб-2;3;Факультет компьютерных технологий (ФКТ);Кафедра «Проектирование, управление и разработка информационных систем» (ПУРИС);09.03.02;Информационные системы и технологии;Проектирование и реализация информационных систем и технологий;Очная форма;Бакалавриат
1417;Обучается;2ИТб-2;3;Факультет компьютерных технологий (ФКТ);Кафедра «Проектирование, управление и разработка информационных систем» (ПУРИС);09.03.02;Информационные системы и технологии;Проектирование и реализация информационных систем и технологий;Очная форма;Бакалавриат
1418;Обучается;2ИТб-2;3;Факультет компьютерных технологий (ФКТ);Кафедра «Проектирование, управление и разработка информационных систем» (ПУРИС);09.03.02;Информационные системы и технологии;Проектирование и реализация информационных систем и технологий;Очная форма;Бакалавриат
1419;Обучается;2ИТб-2;3;Факультет компьютерных технологий (ФКТ);Кафедра «Проектирование, управление и разработка информационных систем» (ПУРИС);09.03.02;Информационные системы и технологии;Проектирование и реализация информационных систем и технологий;Очная форма;Бакалавриат
1420;Обучается;2ИТб-2;3;Факультет компьютерных технологий (ФКТ);Кафедра «Проектирование, управление и разработка информационных систем» (ПУРИС);09.03.02;Информационные системы и технологии;Проектирование и реализация информационных систем и технологий;Очная форма;Бакалавриат
1421;Обучается;1ИСб-1;4;Факультет компьютерных технологий (ФКТ);Кафедра «Проектирование, управление и разработка информационных систем» (ПУРИС);09.03.02;Информационные системы и технологии;Проектирование и реализация информационных систем и технологий;Очная форма;Бакалавриат
1422;Академический отпуск;1ИСб-1;4;Факультет компьютерных технологий (ФКТ);Кафедра «Проектирование, управление и разработка информационных систем» (ПУРИС);09.03.02;Информационные системы и технологии;Проектирование и реализация информационных систем и технологий;Очная форма;Бакалавриат
1423;Обучается;1ИСб-1;4;Факультет компьютерных технологий (ФКТ);Кафедра «Проектирование, управление и разработка информационных систем» (ПУРИС);09.03.02;Информационные системы и технологии;Проектирование и реализация информационных систем и технологий;Очная форма;Бакалавриат
1424;Академический отпуск;1ИСб-1;4;Факультет компьютерных технологий (ФКТ);Кафедра «Проектирование, управление и разработка информационных систем» (ПУРИС);09.03.02;Информационные системы и технологии;Проектирование и реализация информационных систем и технологий;Очная форма;Бакалавриат
1425;Обучается;1ИСб-1;4;Факультет компьютерных технологий (ФКТ);Кафедра «Проектирование, управление и разработка информационных систем» (ПУРИС);09.03.02;Информационные системы и технологии;Проектирование и реализация информационных систем и технологий;Очная форма;Бакалавриат
1426;Академический отпуск;1ИСб-1;4;Факультет компьютерных технологий (ФКТ);Кафедра «Проектирование, управление и разработка информационных систем» (ПУРИС);09.03.02;Информационные системы и технологии;Проектирование и реализация информационных систем и технологий;Очная форма;Бакалавриат
1427;Обучается;1ИСб-1;4;Факультет компьютерных технологий (ФКТ);Кафедра «Проектирование, управление и разработка информационных систем» (ПУРИС);09.03.02;Информационные системы и технологии;Проектирование и реализация информационных систем и технологий;Очная форма;Бакалавриат
1428;Обучается;1ИСб-1;4;Факультет компьютерных технологий (ФКТ);Кафедра «Проектирование, управление и разработка информационных систем» (ПУРИС);09.03.02;Информационные системы и технологии;Проектирование и реализация информационных систем и технологий;Очная форма;Бакалавриат
1429;Академический отпуск;1ИСб-1;4;Факультет компьютерных технологий (ФКТ);Кафедра «Проектирование, управление и разработка информационных систем» (ПУРИС);09.03.02;Информационные системы и технологии;Проектирование и реализация информационных систем и технологий;Очная форма;Бакалавриат
1430;Обучается;1ИСб-1;4;Факультет компьютерных технологий (ФКТ);Кафедра «Проектирование, управление и разработка информационных систем» (ПУРИС);09.03.02;Информационные системы и технологии;Проектирование и реализация информационных систем и технологий;Очная форма;Бакалавриат
1431;Обучается;1ИСб-1;4;Факультет компьютерных технологий (ФКТ);Кафедра «Проектирование, управление и разработка информационных систем» (ПУРИС);09.03.02;Информационные системы и технологии;Проектирование и реализация информационных систем и технологий;Очная форма;Бакалавриат
1432;Обучается;3ИТб-2;2;Факультет компьютерных технологий (ФКТ);Кафедра «Проектирование, управление и разработка информационных систем» (ПУРИС);09.03.03;Прикладная информатика;Прикладная информатика в экономике;Очная форма;Бакалавриат
1433;Обучается;3ИТб-2;2;Факультет компьютерных технологий (ФКТ);Кафедра «Проектирование, управление и разработка информационных систем» (ПУРИС);09.03.03;Прикладная информатика;Прикладная информатика в экономике;Очная форма;Бакалавриат
1434;Обучается;3ИТб-2;2;Факультет компьютерных технологий (ФКТ);Кафедра «Проектирование, управление и разработка информационных систем» (ПУРИС);09.03.03;Прикладная информатика;Прикладная информатика в экономике;Очная форма;Бакалавриат
1435;Академический отпуск;3ИТб-2;2;Факультет компьютерных технологий (ФКТ);Кафедра «Проектирование, управление и разработка информационных систем» (ПУРИС);09.03.03;Прикладная информатика;Прикладная информатика в экономике;Очная форма;Бакалавриат
1436;Обучается;3ИТб-2;2;Факультет компьютерных технологий (ФКТ);Кафедра «Проектирование, управление и разработка информационных систем» (ПУРИС);09.03.03;Прикладная информатика;Прикладная информатика в экономике;Очная форма;Бакалавриат
1437;Обучается;3ИТб-2;2;Факультет компьютерных технологий (ФКТ);Кафедра «Проектирование, управление и разработка информационных систем» (ПУРИС);09.03.03;Прикладная информатика;Прикладная информатика в экономике;Очная форма;Бакалавриат
1438;Обучается;3ИТб-2;2;Факультет компьютерных технологий (ФКТ);Кафедра «Проектирование, управление и разработка информационных систем» (ПУРИС);09.03.03;Прикладная информатика;Прикладная информатика в экономике;Очная форма;Бакалавриат
1439;Обучается;3ИТб-2;2;Факультет компьютерных технологий (ФКТ);Кафедра «Проектирование, управление и разработка информационных систем» (ПУРИС);09.03.03;Прикладная информатика;Прикладная информатика в экономике;Очная форма;Бакалавриат
1440;Обучается;3ИТб-2;2;Факультет компьютерных технологий (ФКТ);Кафедра «Проектирование, управление и разработка информационных систем» (ПУРИС);09.03.03;Прикладная информатика;Прикладная информатика в экономике;Очная форма;Бакалавриат
1441;Обучается;3ИТб-2;2;Факультет компьютерных технологий (ФКТ);Кафедра «Проектирование, управление и разработка информационных систем» (ПУРИС);09.03.03;Прикладная информатика;Прикладная информатика в экономике;Очная форма;Бакалавриат
1442;Обучается;3ИТб-2;2;Факультет компьютерных технологий (ФКТ);Кафедра «Проектирование, управление и разработка информационных систем» (ПУРИС);09.03.03;Прикладная информатика;Прикладная информатика в экономике;Очная форма;Бакалавриат
1443;Академический отпуск;3ИТб-2;2;Факультет компьютерных технологий (ФКТ);Кафедра «Проектирование, управление и разработка информационных систем» (ПУРИС);09.03.03;Прикладная информатика;Прикладная информатика в экономике;Очная форма;Бакалавриат
1444;Обучается;3ИТб-2;2;Факультет компьютерных технологий (ФКТ);Кафедра «Проектирование, управление и разработка информационных систем» (ПУРИС);09.03.03;Прикладная информатика;Прикладная информатика в экономике;Очная форма;Бакалавриат
1445;Академический отпуск;3ИТб-2;2;Факультет компьютерных технологий (ФКТ);Кафедра «Проектирование, управление и разработка информационных систем» (ПУРИС);09.03.03;Прикладная информатика;Прикладная информатика в экономике;Очная форма;Бакалавриат
1446;Академический отпуск;3ИТб-2;2;Факультет компьютерных технологий (ФКТ);Кафедра «Проектирование, управление и разработка информационных систем» (ПУРИС);09.03.03;Прикладная информатика;Прикладная информатика в экономике;Очная форма;Бакалавриат
1447;Обучается;3ИТб-2;2;Факультет компьютерных технологий (ФКТ);Кафедра «Проектирование, управление и разработка информационных систем» (ПУРИС);09.03.03;Прикладная информатика;Прикладная информатика в экономике;Очная форма;Бакалавриат
1448;Академический отпуск;3ИТб-2;2;Факультет компьютерных технологий (ФКТ);Кафедра «Проектирование, управление и разработка информационных систем» (ПУРИС);09.03.03;Прикладная информатика;Прикладная информатика в экономике;Очная форма;Бакалавриат
1449;Обучается;3ИТб-2;2;Факультет компьютерных технологий (ФКТ);Кафедра «Проектирование, управление и разработка информационных систем» (ПУРИС);09.03.03;Прикладная информатика;Прикладная информатика в экономике;Очная форма;Бакалавриат
1450;Академический отпуск;3ИТб-2;2;Факультет компьютерных технологий (ФКТ);Кафедра «Проектирование, управление и разработка информационных систем» (ПУРИС);09.03.03;Прикладная информатика;Прикладная информатика в экономике;Очная форма;Бакалавриат
1451;Обучается;3ИТб-2;2;Факультет компьютерных технологий (ФКТ);Кафедра «Проектирование, управление и разработка информационных систем» (ПУРИС);09.03.03;Прикладная информатика;Прикладная информатика в экономике;Очная форма;Бакалавриат
1452;Обучается;3ИТб-2;2;Факультет компьютерных технологий (ФКТ);Кафедра «Проектирование, управление и разработка информационных систем» (ПУРИС);09.03.03;Прикладная информатика;Прикладная информатика в экономике;Очная форма;Бакалавриат
1453;Академический отпуск;3ИТб-2;2;Факультет компьютерных технологий (ФКТ);Кафедра «Проектирование, управление и разработка информационных систем» (ПУРИС);09.03.03;Прикладная информатика;Прикладная информатика в экономике;Очная форма;Бакалавриат
1454;Обучается;3ИТб-2;2;Факультет компьютерных технологий (ФКТ);Кафедра «Проектирование, управление и разработка информационных систем» (ПУРИС);09.03.03;Прикладная информатика;Прикладная информатика в экономике;Очная форма;Бакалавриат
1455;Обучается;3ИТб-2;2;Факультет компьютерных технологий (ФКТ);Кафедра «Проектирование, управление и разработка информационных систем» (ПУРИС);09.03.03;Прикладная информатика;Прикладная информатика в экономике;Очная форма;Бакалавриат
1456;Обучается;2ИТб-3;3;Факультет компьютерных технологий (ФКТ);Кафедра «Проектирование, управление и разработка информационных систем» (ПУРИС);09.03.03;Прикладная информатика;Прикладная информатика в экономике;Очная форма;Бакалавриат
1457;Обучается;2ИТб-3;3;Факультет компьютерных технологий (ФКТ);Кафедра «Проектирование, управление и разработка информационных систем» (ПУРИС);09.03.03;Прикладная информатика;Прикладная информатика в экономике;Очная форма;Бакалавриат
1458;Обучается;2ИТб-3;3;Факультет компьютерных технологий (ФКТ);Кафедра «Проектирование, управление и разработка информационных систем» (ПУРИС);09.03.03;Прикладная информатика;Прикладная информатика в экономике;Очная форма;Бакалавриат
1459;Обучается;2ИТб-3;3;Факультет компьютерных технологий (ФКТ);Кафедра «Проектирование, управление и разработка информационных систем» (ПУРИС);09.03.03;Прикладная информатика;Прикладная информатика в экономике;Очная форма;Бакалавриат
1460;Академический отпуск;2ИТб-3;3;Факультет компьютерных технологий (ФКТ);Кафедра «Проектирование, управление и разработка информационных систем» (ПУРИС);09.03.03;Прикладная информатика;Прикладная информатика в экономике;Очная форма;Бакалавриат
1461;Обучается;2ИТб-3;3;Факультет компьютерных технологий (ФКТ);Кафедра «Проектирование, управление и разработка информационных систем» (ПУРИС);09.03.03;Прикладная информатика;Прикладная информатика в экономике;Очная форма;Бакалавриат
1462;Обучается;2ИТб-3;3;Факультет компьютерных технологий (ФКТ);Кафедра «Проектирование, управление и разработка информационных систем» (ПУРИС);09.03.03;Прикладная информатика;Прикладная информатика в экономике;Очная форма;Бакалавриат
1463;Обучается;2ИТб-3;3;Факультет компьютерных технологий (ФКТ);Кафедра «Проектирование, управление и разработка информационных систем» (ПУРИС);09.03.03;Прикладная информатика;Прикладная информатика в экономике;Очная форма;Бакалавриат
1464;Обучается;2ИТб-3;3;Факультет компьютерных технологий (ФКТ);Кафедра «Проектирование, управление и разработка информационных систем» (ПУРИС);09.03.03;Прикладная информатика;Прикладная информатика в экономике;Очная форма;Бакалавриат
1465;Обучается;2ИТб-3;3;Факультет компьютерных технологий (ФКТ);Кафедра «Проектирование, управление и разработка информационных систем» (ПУРИС);09.03.03;Прикладная информатика;Прикладная информатика в экономике;Очная форма;Бакалавриат
1466;Обучается;2ИТб-3;3;Факультет компьютерных технологий (ФКТ);Кафедра «Проектирование, управление и разработка информационных систем» (ПУРИС);09.03.03;Прикладная информатика;Прикладная информатика в экономике;Очная форма;Бакалавриат
1467;Академический отпуск;2ИТб-3;3;Факультет компьютерных технологий (ФКТ);Кафедра «Проектирование, управление и разработка информационных систем» (ПУРИС);09.03.03;Прикладная информатика;Прикладная информатика в экономике;Очная форма;Бакалавриат
1468;Обучается;1ПИб-1;4;Факультет компьютерных технологий (ФКТ);Кафедра «Проектирование, управление и разработка информационных систем» (ПУРИС);09.03.03;Прикладная информатика;Прикладная информатика в экономике;Очная форма;Бакалавриат
1469;Академический отпуск;1ПИб-1;4;Факультет компьютерных технологий (ФКТ);Кафедра «Проектирование, управление и разработка информационных систем» (ПУРИС);09.03.03;Прикладная информатика;Прикладная информатика в экономике;Очная форма;Бакалавриат
1470;Обучается;1ПИб-1;4;Факультет компьютерных технологий (ФКТ);Кафедра «Проектирование, управление и разработка информационных систем» (ПУРИС);09.03.03;Прикладная информатика;Прикладная информатика в экономике;Очная форма;Бакалавриат
1471;Обучается;1ПИб-1;4;Факультет компьютерных технологий (ФКТ);Кафедра «Проектирование, управление и разработка информационных систем» (ПУРИС);09.03.03;Прикладная информатика;Прикладная информатика в экономике;Очная форма;Бакалавриат
1472;Обучается;1ПИб-1;4;Факультет компьютерных технологий (ФКТ);Кафедра «Проектирование, управление и разработка информационных систем» (ПУРИС);09.03.03;Прикладная информатика;Прикладная информатика в экономике;Очная форма;Бакалавриат
1473;Обучается;1ПИб-1;4;Факультет компьютерных технологий (ФКТ);Кафедра «Проектирование, управление и разработка информационных систем» (ПУРИС);09.03.03;Прикладная информатика;Прикладная информатика в экономике;Очная форма;Бакалавриат
1474;Обучается;1ПИб-1;4;Факультет компьютерных технологий (ФКТ);Кафедра «Проектирование, управление и разработка информационных систем» (ПУРИС);09.03.03;Прикладная информатика;Прикладная информатика в экономике;Очная форма;Бакалавриат
1475;Обучается;1ПИб-1;4;Факультет компьютерных технологий (ФКТ);Кафедра «Проектирование, управление и разработка информационных систем» (ПУРИС);09.03.03;Прикладная информатика;Прикладная информатика в экономике;Очная форма;Бакалавриат
1476;Академический отпуск;1ПИб-1;4;Факультет компьютерных технологий (ФКТ);Кафедра «Проектирование, управление и разработка информационных систем» (ПУРИС);09.03.03;Прикладная информатика;Прикладная информатика в экономике;Очная форма;Бакалавриат
1477;Академический отпуск;1ПИб-1;4;Факультет компьютерных технологий (ФКТ);Кафедра «Проектирование, управление и разработка информационных систем» (ПУРИС);09.03.03;Прикладная информатика;Прикладная информатика в экономике;Очная форма;Бакалавриат
1478;Академический отпуск;1ПИб-1;4;Факультет компьютерных технологий (ФКТ);Кафедра «Проектирование, управление и разработка информационных систем» (ПУРИС);09.03.03;Прикладная информатика;Прикладная информатика в экономике;Очная форма;Бакалавриат
1479;Обучается;4ВТм-1;1;Факультет компьютерных технологий (ФКТ);Кафедра «Проектирование, управление и разработка информационных систем» (ПУРИС);09.04.01;Информатика и вычислительная техника;Информационное и программное обеспечение вычислительной техники и автоматизированных систем;Очная форма;Магистратура
1480;Обучается;4ВТм-1;1;Факультет компьютерных технологий (ФКТ);Кафедра «Проектирование, управление и разработка информационных систем» (ПУРИС);09.04.01;Информатика и вычислительная техника;Информационное и программное обеспечение вычислительной техники и автоматизированных систем;Очная форма;Магистратура
1481;Обучается;4ВТм-1;1;Факультет компьютерных технологий (ФКТ);Кафедра «Проектирование, управление и разработка информационных систем» (ПУРИС);09.04.01;Информатика и вычислительная техника;Информационное и программное обеспечение вычислительной техники и автоматизированных систем;Очная форма;Магистратура
1482;Обучается;4ВТм-1;1;Факультет компьютерных технологий (ФКТ);Кафедра «Проектирование, управление и разработка информационных систем» (ПУРИС);09.04.01;Информатика и вычислительная техника;Информационное и программное обеспечение вычислительной техники и автоматизированных систем;Очная форма;Магистратура
1483;Обучается;4ВТм-1;1;Факультет компьютерных технологий (ФКТ);Кафедра «Проектирование, управление и разработка информационных систем» (ПУРИС);09.04.01;Информатика и вычислительная техника;Информационное и программное обеспечение вычислительной техники и автоматизированных систем;Очная форма;Магистратура
1484;Обучается;4ВТм-1;1;Факультет компьютерных технологий (ФКТ);Кафедра «Проектирование, управление и разработка информационных систем» (ПУРИС);09.04.01;Информатика и вычислительная техника;Информационное и программное обеспечение вычислительной техники и автоматизированных систем;Очная форма;Магистратура
1485;Академический отпуск;4ВТм-1;1;Факультет компьютерных технологий (ФКТ);Кафедра «Проектирование, управление и разработка информационных систем» (ПУРИС);09.04.01;Информатика и вычислительная техника;Информационное и программное обеспечение вычислительной техники и автоматизированных систем;Очная форма;Магистратура
1486;Обучается;4ВТм-1;1;Факультет компьютерных технологий (ФКТ);Кафедра «Проектирование, управление и разработка информационных систем» (ПУРИС);09.04.01;Информатика и вычислительная техника;Информационное и программное обеспечение вычислительной техники и автоматизированных систем;Очная форма;Магистратура
1487;Обучается;4ВТм-1;1;Факультет компьютерных технологий (ФКТ);Кафедра «Проектирование, управление и разработка информационных систем» (ПУРИС);09.04.01;Информатика и вычислительная техника;Информационное и программное обеспечение вычислительной техники и автоматизированных систем;Очная форма;Магистратура
1488;Обучается;3ВТм-1;2;Факультет компьютерных технологий (ФКТ);Кафедра «Проектирование, управление и разработка информационных систем» (ПУРИС);09.04.01;Информатика и вычислительная техника;Информационное и программное обеспечение вычислительной техники и автоматизированных систем;Очная форма;Магистратура
1489;Обучается;3ВТм-1;2;Факультет компьютерных технологий (ФКТ);Кафедра «Проектирование, управление и разработка информационных систем» (ПУРИС);09.04.01;Информатика и вычислительная техника;Информационное и программное обеспечение вычислительной техники и автоматизированных систем;Очная форма;Магистратура
1490;Обучается;3ВТм-1;2;Факультет компьютерных технологий (ФКТ);Кафедра «Проектирование, управление и разработка информационных систем» (ПУРИС);09.04.01;Информатика и вычислительная техника;Информационное и программное обеспечение вычислительной техники и автоматизированных систем;Очная форма;Магистратура
1491;Обучается;3ВТм-1;2;Факультет компьютерных технологий (ФКТ);Кафедра «Проектирование, управление и разработка информационных систем» (ПУРИС);09.04.01;Информатика и вычислительная техника;Информационное и программное обеспечение вычислительной техники и автоматизированных систем;Очная форма;Магистратура
1492;Обучается;3ВТм-1;2;Факультет компьютерных технологий (ФКТ);Кафедра «Проектирование, управление и разработка информационных систем» (ПУРИС);09.04.01;Информатика и вычислительная техника;Информационное и программное обеспечение вычислительной техники и автоматизированных систем;Очная форма;Магистратура
1493;Обучается;3ВТм-1;2;Факультет компьютерных технологий (ФКТ);Кафедра «Проектирование, управление и разработка информационных систем» (ПУРИС);09.04.01;Информатика и вычислительная техника;Информационное и программное обеспечение вычислительной техники и автоматизированных систем;Очная форма;Магистратура
1494;Академический отпуск;4ПИм-1;1;Факультет компьютерных технологий (ФКТ);Кафедра «Проектирование, управление и разработка информационных систем» (ПУРИС);09.04.03;Прикладная информатика;Цифровая экономика;Очная форма;Магистратура
1495;Обучается;4ПИм-1;1;Факультет компьютерных технологий (ФКТ);Кафедра «Проектирование, управление и разработка информационных систем» (ПУРИС);09.04.03;Прикладная информатика;Цифровая экономика;Очная форма;Магистратура
1496;Обучается;4ПИм-1;1;Факультет компьютерных технологий (ФКТ);Кафедра «Проектирование, управление и разработка информационных систем» (ПУРИС);09.04.03;Прикладная информатика;Цифровая экономика;Очная форма;Магистратура
1497;Обучается;4ПИм-1;1;Факультет компьютерных технологий (ФКТ);Кафедра «Проектирование, управление и разработка информационных систем» (ПУРИС);09.04.03;Прикладная информатика;Цифровая экономика;Очная форма;Магистратура
1498;Обучается;4ПИм-1;1;Факультет компьютерных технологий (ФКТ);Кафедра «Проектирование, управление и разработка информационных систем» (ПУРИС);09.04.03;Прикладная информатика;Цифровая экономика;Очная форма;Магистратура
1499;Академический отпуск;4ПИм-1;1;Факультет компьютерных технологий (ФКТ);Кафедра «Проектирование, управление и разработка информационных систем» (ПУРИС);09.04.03;Прикладная информатика;Цифровая экономика;Очная форма;Магистратура
1500;Академический отпуск;4ПИм-1;1;Факультет компьютерных технологий (ФКТ);Кафедра «Проектирование, управление и разработка информационных систем» (ПУРИС);09.04.03;Прикладная информатика;Цифровая экономика;Очная форма;Магистратура
1501;Обучается;4ПИм-1;1;Факультет компьютерных технологий (ФКТ);Кафедра «Проектирование, управление и разработка информационных систем» (ПУРИС);09.04.03;Прикладная информатика;Цифровая экономика;Очная форма;Магистратура
1502;Обучается;4ПИм-1;1;Факультет компьютерных технологий (ФКТ);Кафедра «Проектирование, управление и разработка информационных систем» (ПУРИС);09.04.03;Прикладная информатика;Цифровая экономика;Очная форма;Магистратура
1503;Обучается;4ММб-1;1;Факультет машиностроительных и химических технологий (ФМХТ);Кафедра «Материаловедение и технология новых материалов» (МТНМ);22.03.01;Материаловедение и технологии материалов;Материаловедение в машиностроении;Очная форма;Бакалавриат
1504;Обучается;4ММб-1;1;Факультет машиностроительных и химических технологий (ФМХТ);Кафедра «Материаловедение и технология новых материалов» (МТНМ);22.03.01;Материаловедение и технологии материалов;Материаловедение в машиностроении;Очная форма;Бакалавриат
1505;Обучается;4ММб-1;1;Факультет машиностроительных и химических технологий (ФМХТ);Кафедра «Материаловедение и технология новых материалов» (МТНМ);22.03.01;Материаловедение и технологии материалов;Материаловедение в машиностроении;Очная форма;Бакалавриат
1506;Обучается;4ММб-1;1;Факультет машиностроительных и химических технологий (ФМХТ);Кафедра «Материаловедение и технология новых материалов» (МТНМ);22.03.01;Материаловедение и технологии материалов;Материаловедение в машиностроении;Очная форма;Бакалавриат
1507;Обучается;4ММб-1;1;Факультет машиностроительных и химических технологий (ФМХТ);Кафедра «Материаловедение и технология новых материалов» (МТНМ);22.03.01;Материаловедение и технологии материалов;Материаловедение в машиностроении;Очная форма;Бакалавриат
1508;Обучается;4ММб-1;1;Факультет машиностроительных и химических технологий (ФМХТ);Кафедра «Материаловедение и технология новых материалов» (МТНМ);22.03.01;Материаловедение и технологии материалов;Материаловедение в машиностроении;Очная форма;Бакалавриат
1509;Обучается;4ММб-1;1;Факультет машиностроительных и химических технологий (ФМХТ);Кафедра «Материаловедение и технология новых материалов» (МТНМ);22.03.01;Материаловедение и технологии материалов;Материаловедение в машиностроении;Очная форма;Бакалавриат
1510;Обучается;4ММб-1;1;Факультет машиностроительных и химических технологий (ФМХТ);Кафедра «Материаловедение и технология новых материалов» (МТНМ);22.03.01;Материаловедение и технологии материалов;Материаловедение в машиностроении;Очная форма;Бакалавриат
1511;Обучается;4ММб-2П;1;Факультет машиностроительных и химических технологий (ФМХТ);Кафедра «Материаловедение и технология новых материалов» (МТНМ);22.03.01;Материаловедение и технологии материалов;Материаловедение в машиностроении;Очная форма;Бакалавриат
1512;Обучается;4ММб-2П;1;Факультет машиностроительных и химических технологий (ФМХТ);Кафедра «Материаловедение и технология новых материалов» (МТНМ);22.03.01;Материаловедение и технологии материалов;Материаловедение в машиностроении;Очная форма;Бакалавриат
1513;Обучается;4ММб-2П;1;Факультет машиностроительных и химических технологий (ФМХТ);Кафедра «Материаловедение и технология новых материалов» (МТНМ);22.03.01;Материаловедение и технологии материалов;Материаловедение в машиностроении;Очная форма;Бакалавриат
1514;Обучается;4ММб-2П;1;Факультет машиностроительных и химических технологий (ФМХТ);Кафедра «Материаловедение и технология новых материалов» (МТНМ);22.03.01;Материаловедение и технологии материалов;Материаловедение в машиностроении;Очная форма;Бакалавриат
1515;Обучается;4ММб-2П;1;Факультет машиностроительных и химических технологий (ФМХТ);Кафедра «Материаловедение и технология новых материалов» (МТНМ);22.03.01;Материаловедение и технологии материалов;Материаловедение в машиностроении;Очная форма;Бакалавриат
1516;Обучается;4ММб-2П;1;Факультет машиностроительных и химических технологий (ФМХТ);Кафедра «Материаловедение и технология новых материалов» (МТНМ);22.03.01;Материаловедение и технологии материалов;Материаловедение в машиностроении;Очная форма;Бакалавриат
1517;Обучается;4ММб-2П;1;Факультет машиностроительных и химических технологий (ФМХТ);Кафедра «Материаловедение и технология новых материалов» (МТНМ);22.03.01;Материаловедение и технологии материалов;Материаловедение в машиностроении;Очная форма;Бакалавриат
1518;Академический отпуск;3ММб-1П;2;Факультет машиностроительных и химических технологий (ФМХТ);Кафедра «Материаловедение и технология новых материалов» (МТНМ);22.03.01;Материаловедение и технологии материалов;Материаловедение в машиностроении;Очная форма;Бакалавриат
1519;Обучается;3ММб-1П;2;Факультет машиностроительных и химических технологий (ФМХТ);Кафедра «Материаловедение и технология новых материалов» (МТНМ);22.03.01;Материаловедение и технологии материалов;Материаловедение в машиностроении;Очная форма;Бакалавриат
1520;Академический отпуск;3ММб-1П;2;Факультет машиностроительных и химических технологий (ФМХТ);Кафедра «Материаловедение и технология новых материалов» (МТНМ);22.03.01;Материаловедение и технологии материалов;Материаловедение в машиностроении;Очная форма;Бакалавриат
1521;Обучается;3ММб-1П;2;Факультет машиностроительных и химических технологий (ФМХТ);Кафедра «Материаловедение и технология новых материалов» (МТНМ);22.03.01;Материаловедение и технологии материалов;Материаловедение в машиностроении;Очная форма;Бакалавриат
1522;Обучается;3ММб-1П;2;Факультет машиностроительных и химических технологий (ФМХТ);Кафедра «Материаловедение и технология новых материалов» (МТНМ);22.03.01;Материаловедение и технологии материалов;Материаловедение в машиностроении;Очная форма;Бакалавриат
1523;Обучается;3ММб-1П;2;Факультет машиностроительных и химических технологий (ФМХТ);Кафедра «Материаловедение и технология новых материалов» (МТНМ);22.03.01;Материаловедение и технологии материалов;Материаловедение в машиностроении;Очная форма;Бакалавриат
1524;Обучается;3ММб-1П;2;Факультет машиностроительных и химических технологий (ФМХТ);Кафедра «Материаловедение и технология новых материалов» (МТНМ);22.03.01;Материаловедение и технологии материалов;Материаловедение в машиностроении;Очная форма;Бакалавриат
1525;Обучается;3ММб-1П;2;Факультет машиностроительных и химических технологий (ФМХТ);Кафедра «Материаловедение и технология новых материалов» (МТНМ);22.03.01;Материаловедение и технологии материалов;Материаловедение в машиностроении;Очная форма;Бакалавриат
1526;Обучается;3ММб-1П;2;Факультет машиностроительных и химических технологий (ФМХТ);Кафедра «Материаловедение и технология новых материалов» (МТНМ);22.03.01;Материаловедение и технологии материалов;Материаловедение в машиностроении;Очная форма;Бакалавриат
1527;Обучается;3ММб-1П;2;Факультет машиностроительных и химических технологий (ФМХТ);Кафедра «Материаловедение и технология новых материалов» (МТНМ);22.03.01;Материаловедение и технологии материалов;Материаловедение в машиностроении;Очная форма;Бакалавриат
1528;Обучается;3ММб-1П;2;Факультет машиностроительных и химических технологий (ФМХТ);Кафедра «Материаловедение и технология новых материалов» (МТНМ);22.03.01;Материаловедение и технологии материалов;Материаловедение в машиностроении;Очная форма;Бакалавриат
1529;Обучается;3ММб-1П;2;Факультет машиностроительных и химических технологий (ФМХТ);Кафедра «Материаловедение и технология новых материалов» (МТНМ);22.03.01;Материаловедение и технологии материалов;Материаловедение в машиностроении;Очная форма;Бакалавриат
1530;Обучается;3ММб-1П;2;Факультет машиностроительных и химических технологий (ФМХТ);Кафедра «Материаловедение и технология новых материалов» (МТНМ);22.03.01;Материаловедение и технологии материалов;Материаловедение в машиностроении;Очная форма;Бакалавриат
1531;Обучается;3ММб-1П;2;Факультет машиностроительных и химических технологий (ФМХТ);Кафедра «Материаловедение и технология новых материалов» (МТНМ);22.03.01;Материаловедение и технологии материалов;Материаловедение в машиностроении;Очная форма;Бакалавриат
1532;Обучается;3ММб-1П;2;Факультет машиностроительных и химических технологий (ФМХТ);Кафедра «Материаловедение и технология новых материалов» (МТНМ);22.03.01;Материаловедение и технологии материалов;Материаловедение в машиностроении;Очная форма;Бакалавриат
1533;Обучается;2ММб-1П;3;Факультет машиностроительных и химических технологий (ФМХТ);Кафедра «Материаловедение и технология новых материалов» (МТНМ);22.03.01;Материаловедение и технологии материалов;Материаловедение в машиностроении;Очная форма;Бакалавриат
1534;Обучается;2ММб-1П;3;Факультет машиностроительных и химических технологий (ФМХТ);Кафедра «Материаловедение и технология новых материалов» (МТНМ);22.03.01;Материаловедение и технологии материалов;Материаловедение в машиностроении;Очная форма;Бакалавриат
1535;Академический отпуск;2ММб-1П;3;Факультет машиностроительных и химических технологий (ФМХТ);Кафедра «Материаловедение и технология новых материалов» (МТНМ);22.03.01;Материаловедение и технологии материалов;Материаловедение в машиностроении;Очная форма;Бакалавриат
1536;Обучается;2ММб-1П;3;Факультет машиностроительных и химических технологий (ФМХТ);Кафедра «Материаловедение и технология новых материалов» (МТНМ);22.03.01;Материаловедение и технологии материалов;Материаловедение в машиностроении;Очная форма;Бакалавриат
1537;Обучается;2ММб-1П;3;Факультет машиностроительных и химических технологий (ФМХТ);Кафедра «Материаловедение и технология новых материалов» (МТНМ);22.03.01;Материаловедение и технологии материалов;Материаловедение в машиностроении;Очная форма;Бакалавриат
1538;Обучается;2ММб-1П;3;Факультет машиностроительных и химических технологий (ФМХТ);Кафедра «Материаловедение и технология новых материалов» (МТНМ);22.03.01;Материаловедение и технологии материалов;Материаловедение в машиностроении;Очная форма;Бакалавриат
1539;Обучается;2ММб-1П;3;Факультет машиностроительных и химических технологий (ФМХТ);Кафедра «Материаловедение и технология новых материалов» (МТНМ);22.03.01;Материаловедение и технологии материалов;Материаловедение в машиностроении;Очная форма;Бакалавриат
1540;Обучается;2ММб-1П;3;Факультет машиностроительных и химических технологий (ФМХТ);Кафедра «Материаловедение и технология новых материалов» (МТНМ);22.03.01;Материаловедение и технологии материалов;Материаловедение в машиностроении;Очная форма;Бакалавриат
1541;Академический отпуск;2ММб-1П;3;Факультет машиностроительных и химических технологий (ФМХТ);Кафедра «Материаловедение и технология новых материалов» (МТНМ);22.03.01;Материаловедение и технологии материалов;Материаловедение в машиностроении;Очная форма;Бакалавриат
1542;Обучается;2ММб-1П;3;Факультет машиностроительных и химических технологий (ФМХТ);Кафедра «Материаловедение и технология новых материалов» (МТНМ);22.03.01;Материаловедение и технологии материалов;Материаловедение в машиностроении;Очная форма;Бакалавриат
1543;Обучается;2ММб-1П;3;Факультет машиностроительных и химических технологий (ФМХТ);Кафедра «Материаловедение и технология новых материалов» (МТНМ);22.03.01;Материаловедение и технологии материалов;Материаловедение в машиностроении;Очная форма;Бакалавриат
1544;Обучается;2ММб-1П;3;Факультет машиностроительных и химических технологий (ФМХТ);Кафедра «Материаловедение и технология новых материалов» (МТНМ);22.03.01;Материаловедение и технологии материалов;Материаловедение в машиностроении;Очная форма;Бакалавриат
1545;Обучается;2ММб-1П;3;Факультет машиностроительных и химических технологий (ФМХТ);Кафедра «Материаловедение и технология новых материалов» (МТНМ);22.03.01;Материаловедение и технологии материалов;Материаловедение в машиностроении;Очная форма;Бакалавриат
1546;Обучается;1ММб-1П;4;Факультет машиностроительных и химических технологий (ФМХТ);Кафедра «Материаловедение и технология новых материалов» (МТНМ);22.03.01;Материаловедение и технологии материалов;Материаловедение в машиностроении;Очная форма;Бакалавриат
1547;Академический отпуск;1ММб-1П;4;Факультет машиностроительных и химических технологий (ФМХТ);Кафедра «Материаловедение и технология новых материалов» (МТНМ);22.03.01;Материаловедение и технологии материалов;Материаловедение в машиностроении;Очная форма;Бакалавриат
1548;Обучается;1ММб-1П;4;Факультет машиностроительных и химических технологий (ФМХТ);Кафедра «Материаловедение и технология новых материалов» (МТНМ);22.03.01;Материаловедение и технологии материалов;Материаловедение в машиностроении;Очная форма;Бакалавриат
1549;Обучается;1ММб-1П;4;Факультет машиностроительных и химических технологий (ФМХТ);Кафедра «Материаловедение и технология новых материалов» (МТНМ);22.03.01;Материаловедение и технологии материалов;Материаловедение в машиностроении;Очная форма;Бакалавриат
1550;Обучается;1ММб-1П;4;Факультет машиностроительных и химических технологий (ФМХТ);Кафедра «Материаловедение и технология новых материалов» (МТНМ);22.03.01;Материаловедение и технологии материалов;Материаловедение в машиностроении;Очная форма;Бакалавриат
1551;Обучается;1ММб-1П;4;Факультет машиностроительных и химических технологий (ФМХТ);Кафедра «Материаловедение и технология новых материалов» (МТНМ);22.03.01;Материаловедение и технологии материалов;Материаловедение в машиностроении;Очная форма;Бакалавриат
1552;Обучается;1ММб-1П;4;Факультет машиностроительных и химических технологий (ФМХТ);Кафедра «Материаловедение и технология новых материалов» (МТНМ);22.03.01;Материаловедение и технологии материалов;Материаловедение в машиностроении;Очная форма;Бакалавриат
1553;Академический отпуск;1ММб-1П;4;Факультет машиностроительных и химических технологий (ФМХТ);Кафедра «Материаловедение и технология новых материалов» (МТНМ);22.03.01;Материаловедение и технологии материалов;Материаловедение в машиностроении;Очная форма;Бакалавриат
1554;Обучается;1ММб-1П;4;Факультет машиностроительных и химических технологий (ФМХТ);Кафедра «Материаловедение и технология новых материалов» (МТНМ);22.03.01;Материаловедение и технологии материалов;Материаловедение в машиностроении;Очная форма;Бакалавриат
1555;Обучается;4ММб-3П;1;Факультет машиностроительных и химических технологий (ФМХТ);Кафедра «Материаловедение и технология новых материалов» (МТНМ);22.03.02;Металлургия;Инновационные технологии металлургических процессов;Очная форма;Бакалавриат
1556;Обучается;4ММб-3П;1;Факультет машиностроительных и химических технологий (ФМХТ);Кафедра «Материаловедение и технология новых материалов» (МТНМ);22.03.02;Металлургия;Инновационные технологии металлургических процессов;Очная форма;Бакалавриат
1557;Обучается;4ММб-3П;1;Факультет машиностроительных и химических технологий (ФМХТ);Кафедра «Материаловедение и технология новых материалов» (МТНМ);22.03.02;Металлургия;Инновационные технологии металлургических процессов;Очная форма;Бакалавриат
1558;Обучается;4ММб-3П;1;Факультет машиностроительных и химических технологий (ФМХТ);Кафедра «Материаловедение и технология новых материалов» (МТНМ);22.03.02;Металлургия;Инновационные технологии металлургических процессов;Очная форма;Бакалавриат
1559;Обучается;4ММб-3П;1;Факультет машиностроительных и химических технологий (ФМХТ);Кафедра «Материаловедение и технология новых материалов» (МТНМ);22.03.02;Металлургия;Инновационные технологии металлургических процессов;Очная форма;Бакалавриат
1560;Обучается;4ММб-3П;1;Факультет машиностроительных и химических технологий (ФМХТ);Кафедра «Материаловедение и технология новых материалов» (МТНМ);22.03.02;Металлургия;Инновационные технологии металлургических процессов;Очная форма;Бакалавриат
1561;Обучается;4ММб-3П;1;Факультет машиностроительных и химических технологий (ФМХТ);Кафедра «Материаловедение и технология новых материалов» (МТНМ);22.03.02;Металлургия;Инновационные технологии металлургических процессов;Очная форма;Бакалавриат
1562;Обучается;4ММб-3П;1;Факультет машиностроительных и химических технологий (ФМХТ);Кафедра «Материаловедение и технология новых материалов» (МТНМ);22.03.02;Металлургия;Инновационные технологии металлургических процессов;Очная форма;Бакалавриат
1563;Обучается;4ММб-3П;1;Факультет машиностроительных и химических технологий (ФМХТ);Кафедра «Материаловедение и технология новых материалов» (МТНМ);22.03.02;Металлургия;Инновационные технологии металлургических процессов;Очная форма;Бакалавриат
1564;Обучается;4ММб-3П;1;Факультет машиностроительных и химических технологий (ФМХТ);Кафедра «Материаловедение и технология новых материалов» (МТНМ);22.03.02;Металлургия;Инновационные технологии металлургических процессов;Очная форма;Бакалавриат
1565;Обучается;4ММб-3П;1;Факультет машиностроительных и химических технологий (ФМХТ);Кафедра «Материаловедение и технология новых материалов» (МТНМ);22.03.02;Металлургия;Инновационные технологии металлургических процессов;Очная форма;Бакалавриат
1566;Обучается;4ММб-3П;1;Факультет машиностроительных и химических технологий (ФМХТ);Кафедра «Материаловедение и технология новых материалов» (МТНМ);22.03.02;Металлургия;Инновационные технологии металлургических процессов;Очная форма;Бакалавриат
1567;Обучается;4ММб-3П;1;Факультет машиностроительных и химических технологий (ФМХТ);Кафедра «Материаловедение и технология новых материалов» (МТНМ);22.03.02;Металлургия;Инновационные технологии металлургических процессов;Очная форма;Бакалавриат
1568;Обучается;4ММб-3П;1;Факультет машиностроительных и химических технологий (ФМХТ);Кафедра «Материаловедение и технология новых материалов» (МТНМ);22.03.02;Металлургия;Инновационные технологии металлургических процессов;Очная форма;Бакалавриат
1569;Обучается;4ММб-3П;1;Факультет машиностроительных и химических технологий (ФМХТ);Кафедра «Материаловедение и технология новых материалов» (МТНМ);22.03.02;Металлургия;Инновационные технологии металлургических процессов;Очная форма;Бакалавриат
1570;Обучается;4ММм-1;1;Факультет машиностроительных и химических технологий (ФМХТ);Кафедра «Материаловедение и технология новых материалов» (МТНМ);22.04.01;Материаловедение и технологии материалов;Материаловедение и технологии машиностроительных материалов;Очная форма;Магистратура
1571;Обучается;4ММм-1;1;Факультет машиностроительных и химических технологий (ФМХТ);Кафедра «Материаловедение и технология новых материалов» (МТНМ);22.04.01;Материаловедение и технологии материалов;Материаловедение и технологии машиностроительных материалов;Очная форма;Магистратура
1572;Обучается;4ММм-1;1;Факультет машиностроительных и химических технологий (ФМХТ);Кафедра «Материаловедение и технология новых материалов» (МТНМ);22.04.01;Материаловедение и технологии материалов;Материаловедение и технологии машиностроительных материалов;Очная форма;Магистратура
1573;Обучается;4ММм-1;1;Факультет машиностроительных и химических технологий (ФМХТ);Кафедра «Материаловедение и технология новых материалов» (МТНМ);22.04.01;Материаловедение и технологии материалов;Материаловедение и технологии машиностроительных материалов;Очная форма;Магистратура
1574;Обучается;4ММм-1;1;Факультет машиностроительных и химических технологий (ФМХТ);Кафедра «Материаловедение и технология новых материалов» (МТНМ);22.04.01;Материаловедение и технологии материалов;Материаловедение и технологии машиностроительных материалов;Очная форма;Магистратура
1575;Обучается;4ММм-1;1;Факультет машиностроительных и химических технологий (ФМХТ);Кафедра «Материаловедение и технология новых материалов» (МТНМ);22.04.01;Материаловедение и технологии материалов;Материаловедение и технологии машиностроительных материалов;Очная форма;Магистратура
1576;Обучается;4ММм-1;1;Факультет машиностроительных и химических технологий (ФМХТ);Кафедра «Материаловедение и технология новых материалов» (МТНМ);22.04.01;Материаловедение и технологии материалов;Материаловедение и технологии машиностроительных материалов;Очная форма;Магистратура
1577;Обучается;3ММм-1;2;Факультет машиностроительных и химических технологий (ФМХТ);Кафедра «Материаловедение и технология новых материалов» (МТНМ);22.04.01;Материаловедение и технологии материалов;Материаловедение и технологии машиностроительных материалов;Очная форма;Магистратура
1578;Академический отпуск;3ММм-1;2;Факультет машиностроительных и химических технологий (ФМХТ);Кафедра «Материаловедение и технология новых материалов» (МТНМ);22.04.01;Материаловедение и технологии материалов;Материаловедение и технологии машиностроительных материалов;Очная форма;Магистратура
1579;Обучается;3ММм-1;2;Факультет машиностроительных и химических технологий (ФМХТ);Кафедра «Материаловедение и технология новых материалов» (МТНМ);22.04.01;Материаловедение и технологии материалов;Материаловедение и технологии машиностроительных материалов;Очная форма;Магистратура
1580;Обучается;3ММм-1;2;Факультет машиностроительных и химических технологий (ФМХТ);Кафедра «Материаловедение и технология новых материалов» (МТНМ);22.04.01;Материаловедение и технологии материалов;Материаловедение и технологии машиностроительных материалов;Очная форма;Магистратура
1581;Обучается;3ММм-1;2;Факультет машиностроительных и химических технологий (ФМХТ);Кафедра «Материаловедение и технология новых материалов» (МТНМ);22.04.01;Материаловедение и технологии материалов;Материаловедение и технологии машиностроительных материалов;Очная форма;Магистратура
1582;Обучается;3ММм-1;2;Факультет машиностроительных и химических технологий (ФМХТ);Кафедра «Материаловедение и технология новых материалов» (МТНМ);22.04.01;Материаловедение и технологии материалов;Материаловедение и технологии машиностроительных материалов;Очная форма;Магистратура
1583;Обучается;4МСб-2П;1;Факультет машиностроительных и химических технологий (ФМХТ);Кафедра «Машиностроение» (МС);15.03.01;Машиностроение;Технология машиностроения;Очная форма;Бакалавриат
1584;Обучается;4МСб-2П;1;Факультет машиностроительных и химических технологий (ФМХТ);Кафедра «Машиностроение» (МС);15.03.01;Машиностроение;Технология машиностроения;Очная форма;Бакалавриат
1585;Обучается;4МСб-2П;1;Факультет машиностроительных и химических технологий (ФМХТ);Кафедра «Машиностроение» (МС);15.03.01;Машиностроение;Технология машиностроения;Очная форма;Бакалавриат
1586;Обучается;4МСб-2П;1;Факультет машиностроительных и химических технологий (ФМХТ);Кафедра «Машиностроение» (МС);15.03.01;Машиностроение;Технология машиностроения;Очная форма;Бакалавриат
1587;Обучается;4МСб-2П;1;Факультет машиностроительных и химических технологий (ФМХТ);Кафедра «Машиностроение» (МС);15.03.01;Машиностроение;Технология машиностроения;Очная форма;Бакалавриат
1588;Обучается;4МСб-2П;1;Факультет машиностроительных и химических технологий (ФМХТ);Кафедра «Машиностроение» (МС);15.03.01;Машиностроение;Технология машиностроения;Очная форма;Бакалавриат
1589;Обучается;4МСб-2П;1;Факультет машиностроительных и химических технологий (ФМХТ);Кафедра «Машиностроение» (МС);15.03.01;Машиностроение;Технология машиностроения;Очная форма;Бакалавриат
1590;Обучается;4МСб-2П;1;Факультет машиностроительных и химических технологий (ФМХТ);Кафедра «Машиностроение» (МС);15.03.01;Машиностроение;Технология машиностроения;Очная форма;Бакалавриат
1591;Обучается;4МСб-2П;1;Факультет машиностроительных и химических технологий (ФМХТ);Кафедра «Машиностроение» (МС);15.03.01;Машиностроение;Технология машиностроения;Очная форма;Бакалавриат
1592;Академический отпуск;4МСб-2П;1;Факультет машиностроительных и химических технологий (ФМХТ);Кафедра «Машиностроение» (МС);15.03.01;Машиностроение;Технология машиностроения;Очная форма;Бакалавриат
1593;Обучается;4МСб-2П;1;Факультет машиностроительных и химических технологий (ФМХТ);Кафедра «Машиностроение» (МС);15.03.01;Машиностроение;Технология машиностроения;Очная форма;Бакалавриат
1594;Обучается;4МСб-2П;1;Факультет машиностроительных и химических технологий (ФМХТ);Кафедра «Машиностроение» (МС);15.03.01;Машиностроение;Технология машиностроения;Очная форма;Бакалавриат
1595;Обучается;4МСб-2П;1;Факультет машиностроительных и химических технологий (ФМХТ);Кафедра «Машиностроение» (МС);15.03.01;Машиностроение;Технология машиностроения;Очная форма;Бакалавриат
1596;Обучается;4МСб-2П;1;Факультет машиностроительных и химических технологий (ФМХТ);Кафедра «Машиностроение» (МС);15.03.01;Машиностроение;Технология машиностроения;Очная форма;Бакалавриат
1597;Обучается;4МСб-2П;1;Факультет машиностроительных и химических технологий (ФМХТ);Кафедра «Машиностроение» (МС);15.03.01;Машиностроение;Технология машиностроения;Очная форма;Бакалавриат
1598;Обучается;4МСб-2П;1;Факультет машиностроительных и химических технологий (ФМХТ);Кафедра «Машиностроение» (МС);15.03.01;Машиностроение;Технология машиностроения;Очная форма;Бакалавриат
1599;Обучается;4МСб-2П;1;Факультет машиностроительных и химических технологий (ФМХТ);Кафедра «Машиностроение» (МС);15.03.01;Машиностроение;Технология машиностроения;Очная форма;Бакалавриат
1600;Обучается;4МСб-2П;1;Факультет машиностроительных и химических технологий (ФМХТ);Кафедра «Машиностроение» (МС);15.03.01;Машиностроение;Технология машиностроения;Очная форма;Бакалавриат
1601;Обучается;4МСб-2П;1;Факультет машиностроительных и химических технологий (ФМХТ);Кафедра «Машиностроение» (МС);15.03.01;Машиностроение;Технология машиностроения;Очная форма;Бакалавриат
1602;Обучается;4МСб-2П;1;Факультет машиностроительных и химических технологий (ФМХТ);Кафедра «Машиностроение» (МС);15.03.01;Машиностроение;Технология машиностроения;Очная форма;Бакалавриат
1603;Обучается;4МСб-2П;1;Факультет машиностроительных и химических технологий (ФМХТ);Кафедра «Машиностроение» (МС);15.03.01;Машиностроение;Технология машиностроения;Очная форма;Бакалавриат
1604;Обучается;4МСб-2П;1;Факультет машиностроительных и химических технологий (ФМХТ);Кафедра «Машиностроение» (МС);15.03.01;Машиностроение;Технология машиностроения;Очная форма;Бакалавриат
1605;Обучается;4МСб-2П;1;Факультет машиностроительных и химических технологий (ФМХТ);Кафедра «Машиностроение» (МС);15.03.01;Машиностроение;Технология машиностроения;Очная форма;Бакалавриат
1606;Обучается;4МСб-2П;1;Факультет машиностроительных и химических технологий (ФМХТ);Кафедра «Машиностроение» (МС);15.03.01;Машиностроение;Технология машиностроения;Очная форма;Бакалавриат
1607;Обучается;4МСб-2П;1;Факультет машиностроительных и химических технологий (ФМХТ);Кафедра «Машиностроение» (МС);15.03.01;Машиностроение;Технология машиностроения;Очная форма;Бакалавриат
1608;Обучается;4МСб-2П;1;Факультет машиностроительных и химических технологий (ФМХТ);Кафедра «Машиностроение» (МС);15.03.01;Машиностроение;Технология машиностроения;Очная форма;Бакалавриат
1609;Обучается;4МСб-2П;1;Факультет машиностроительных и химических технологий (ФМХТ);Кафедра «Машиностроение» (МС);15.03.01;Машиностроение;Технология машиностроения;Очная форма;Бакалавриат
1610;Обучается;4МСб-2П;1;Факультет машиностроительных и химических технологий (ФМХТ);Кафедра «Машиностроение» (МС);15.03.01;Машиностроение;Технология машиностроения;Очная форма;Бакалавриат
1611;Обучается;4МСб-2П;1;Факультет машиностроительных и химических технологий (ФМХТ);Кафедра «Машиностроение» (МС);15.03.01;Машиностроение;Технология машиностроения;Очная форма;Бакалавриат
1612;Обучается;2ОНб-1;3;Факультет машиностроительных и химических технологий (ФМХТ);Кафедра «Машиностроение» (МС);15.03.02;Технологические машины и оборудование;Оборудование нефтегазопереработки;Очная форма;Бакалавриат
1613;Обучается;2ОНб-1;3;Факультет машиностроительных и химических технологий (ФМХТ);Кафедра «Машиностроение» (МС);15.03.02;Технологические машины и оборудование;Оборудование нефтегазопереработки;Очная форма;Бакалавриат
1614;Обучается;2ОНб-1;3;Факультет машиностроительных и химических технологий (ФМХТ);Кафедра «Машиностроение» (МС);15.03.02;Технологические машины и оборудование;Оборудование нефтегазопереработки;Очная форма;Бакалавриат
1615;Обучается;2ОНб-1;3;Факультет машиностроительных и химических технологий (ФМХТ);Кафедра «Машиностроение» (МС);15.03.02;Технологические машины и оборудование;Оборудование нефтегазопереработки;Очная форма;Бакалавриат
1616;Обучается;2ОНб-1;3;Факультет машиностроительных и химических технологий (ФМХТ);Кафедра «Машиностроение» (МС);15.03.02;Технологические машины и оборудование;Оборудование нефтегазопереработки;Очная форма;Бакалавриат
1617;Обучается;2ОНб-1;3;Факультет машиностроительных и химических технологий (ФМХТ);Кафедра «Машиностроение» (МС);15.03.02;Технологические машины и оборудование;Оборудование нефтегазопереработки;Очная форма;Бакалавриат
1618;Обучается;2ОНб-1;3;Факультет машиностроительных и химических технологий (ФМХТ);Кафедра «Машиностроение» (МС);15.03.02;Технологические машины и оборудование;Оборудование нефтегазопереработки;Очная форма;Бакалавриат
1619;Обучается;2ОНб-1;3;Факультет машиностроительных и химических технологий (ФМХТ);Кафедра «Машиностроение» (МС);15.03.02;Технологические машины и оборудование;Оборудование нефтегазопереработки;Очная форма;Бакалавриат
1620;Обучается;2ОНб-2П;3;Факультет машиностроительных и химических технологий (ФМХТ);Кафедра «Машиностроение» (МС);15.03.02;Технологические машины и оборудование;Оборудование нефтегазопереработки;Очная форма;Бакалавриат
1621;Обучается;2ОНб-2П;3;Факультет машиностроительных и химических технологий (ФМХТ);Кафедра «Машиностроение» (МС);15.03.02;Технологические машины и оборудование;Оборудование нефтегазопереработки;Очная форма;Бакалавриат
1622;Обучается;2ОНб-2П;3;Факультет машиностроительных и химических технологий (ФМХТ);Кафедра «Машиностроение» (МС);15.03.02;Технологические машины и оборудование;Оборудование нефтегазопереработки;Очная форма;Бакалавриат
1623;Обучается;2ОНб-2П;3;Факультет машиностроительных и химических технологий (ФМХТ);Кафедра «Машиностроение» (МС);15.03.02;Технологические машины и оборудование;Оборудование нефтегазопереработки;Очная форма;Бакалавриат
1624;Обучается;2ОНб-2П;3;Факультет машиностроительных и химических технологий (ФМХТ);Кафедра «Машиностроение» (МС);15.03.02;Технологические машины и оборудование;Оборудование нефтегазопереработки;Очная форма;Бакалавриат
1625;Обучается;2ОНб-2П;3;Факультет машиностроительных и химических технологий (ФМХТ);Кафедра «Машиностроение» (МС);15.03.02;Технологические машины и оборудование;Оборудование нефтегазопереработки;Очная форма;Бакалавриат
1626;Академический отпуск;2ОНб-2П;3;Факультет машиностроительных и химических технологий (ФМХТ);Кафедра «Машиностроение» (МС);15.03.02;Технологические машины и оборудование;Оборудование нефтегазопереработки;Очная форма;Бакалавриат
1627;Обучается;2ОНб-2П;3;Факультет машиностроительных и химических технологий (ФМХТ);Кафедра «Машиностроение» (МС);15.03.02;Технологические машины и оборудование;Оборудование нефтегазопереработки;Очная форма;Бакалавриат
1628;Обучается;2ОНб-2П;3;Факультет машиностроительных и химических технологий (ФМХТ);Кафедра «Машиностроение» (МС);15.03.02;Технологические машины и оборудование;Оборудование нефтегазопереработки;Очная форма;Бакалавриат
1629;Обучается;2ОНб-2П;3;Факультет машиностроительных и химических технологий (ФМХТ);Кафедра «Машиностроение» (МС);15.03.02;Технологические машины и оборудование;Оборудование нефтегазопереработки;Очная форма;Бакалавриат
1630;Обучается;2ОНб-2П;3;Факультет машиностроительных и химических технологий (ФМХТ);Кафедра «Машиностроение» (МС);15.03.02;Технологические машины и оборудование;Оборудование нефтегазопереработки;Очная форма;Бакалавриат
1631;Обучается;1ОНб-1П;4;Факультет машиностроительных и химических технологий (ФМХТ);Кафедра «Машиностроение» (МС);15.03.02;Технологические машины и оборудование;Оборудование нефтегазопереработки;Очная форма;Бакалавриат
1632;Обучается;1ОНб-1П;4;Факультет машиностроительных и химических технологий (ФМХТ);Кафедра «Машиностроение» (МС);15.03.02;Технологические машины и оборудование;Оборудование нефтегазопереработки;Очная форма;Бакалавриат
1633;Обучается;1ОНб-1П;4;Факультет машиностроительных и химических технологий (ФМХТ);Кафедра «Машиностроение» (МС);15.03.02;Технологические машины и оборудование;Оборудование нефтегазопереработки;Очная форма;Бакалавриат
1634;Обучается;1ОНб-1П;4;Факультет машиностроительных и химических технологий (ФМХТ);Кафедра «Машиностроение» (МС);15.03.02;Технологические машины и оборудование;Оборудование нефтегазопереработки;Очная форма;Бакалавриат
1635;Обучается;1ОНб-1П;4;Факультет машиностроительных и химических технологий (ФМХТ);Кафедра «Машиностроение» (МС);15.03.02;Технологические машины и оборудование;Оборудование нефтегазопереработки;Очная форма;Бакалавриат
1636;Обучается;1ОНб-1П;4;Факультет машиностроительных и химических технологий (ФМХТ);Кафедра «Машиностроение» (МС);15.03.02;Технологические машины и оборудование;Оборудование нефтегазопереработки;Очная форма;Бакалавриат
1637;Обучается;3МСб-2П;2;Факультет машиностроительных и химических технологий (ФМХТ);Кафедра «Машиностроение» (МС);15.03.05;Конструкторско-технологическое обеспечение машиностроительных производств;Технология машиностроения;Очная форма;Бакалавриат
1638;Обучается;3МСб-2П;2;Факультет машиностроительных и химических технологий (ФМХТ);Кафедра «Машиностроение» (МС);15.03.05;Конструкторско-технологическое обеспечение машиностроительных производств;Технология машиностроения;Очная форма;Бакалавриат
1639;Обучается;3МСб-2П;2;Факультет машиностроительных и химических технологий (ФМХТ);Кафедра «Машиностроение» (МС);15.03.05;Конструкторско-технологическое обеспечение машиностроительных производств;Технология машиностроения;Очная форма;Бакалавриат
1640;Обучается;3МСб-2П;2;Факультет машиностроительных и химических технологий (ФМХТ);Кафедра «Машиностроение» (МС);15.03.05;Конструкторско-технологическое обеспечение машиностроительных производств;Технология машиностроения;Очная форма;Бакалавриат
1641;Обучается;3МСб-2П;2;Факультет машиностроительных и химических технологий (ФМХТ);Кафедра «Машиностроение» (МС);15.03.05;Конструкторско-технологическое обеспечение машиностроительных производств;Технология машиностроения;Очная форма;Бакалавриат
1642;Обучается;3МСб-2П;2;Факультет машиностроительных и химических технологий (ФМХТ);Кафедра «Машиностроение» (МС);15.03.05;Конструкторско-технологическое обеспечение машиностроительных производств;Технология машиностроения;Очная форма;Бакалавриат
1643;Обучается;3МСб-2П;2;Факультет машиностроительных и химических технологий (ФМХТ);Кафедра «Машиностроение» (МС);15.03.05;Конструкторско-технологическое обеспечение машиностроительных производств;Технология машиностроения;Очная форма;Бакалавриат
1644;Обучается;3МСб-2П;2;Факультет машиностроительных и химических технологий (ФМХТ);Кафедра «Машиностроение» (МС);15.03.05;Конструкторско-технологическое обеспечение машиностроительных производств;Технология машиностроения;Очная форма;Бакалавриат
1645;Обучается;3МСб-2П;2;Факультет машиностроительных и химических технологий (ФМХТ);Кафедра «Машиностроение» (МС);15.03.05;Конструкторско-технологическое обеспечение машиностроительных производств;Технология машиностроения;Очная форма;Бакалавриат
1646;Академический отпуск;3МСб-2П;2;Факультет машиностроительных и химических технологий (ФМХТ);Кафедра «Машиностроение» (МС);15.03.05;Конструкторско-технологическое обеспечение машиностроительных производств;Технология машиностроения;Очная форма;Бакалавриат
1647;Обучается;3МСб-2П;2;Факультет машиностроительных и химических технологий (ФМХТ);Кафедра «Машиностроение» (МС);15.03.05;Конструкторско-технологическое обеспечение машиностроительных производств;Технология машиностроения;Очная форма;Бакалавриат
1648;Обучается;3МСб-2П;2;Факультет машиностроительных и химических технологий (ФМХТ);Кафедра «Машиностроение» (МС);15.03.05;Конструкторско-технологическое обеспечение машиностроительных производств;Технология машиностроения;Очная форма;Бакалавриат
1649;Обучается;3МСб-2П;2;Факультет машиностроительных и химических технологий (ФМХТ);Кафедра «Машиностроение» (МС);15.03.05;Конструкторско-технологическое обеспечение машиностроительных производств;Технология машиностроения;Очная форма;Бакалавриат
1650;Обучается;3МСб-2П;2;Факультет машиностроительных и химических технологий (ФМХТ);Кафедра «Машиностроение» (МС);15.03.05;Конструкторско-технологическое обеспечение машиностроительных производств;Технология машиностроения;Очная форма;Бакалавриат
1651;Обучается;3МСб-2П;2;Факультет машиностроительных и химических технологий (ФМХТ);Кафедра «Машиностроение» (МС);15.03.05;Конструкторско-технологическое обеспечение машиностроительных производств;Технология машиностроения;Очная форма;Бакалавриат
1652;Академический отпуск;3МСб-2П;2;Факультет машиностроительных и химических технологий (ФМХТ);Кафедра «Машиностроение» (МС);15.03.05;Конструкторско-технологическое обеспечение машиностроительных производств;Технология машиностроения;Очная форма;Бакалавриат
1653;Академический отпуск;3МСб-2П;2;Факультет машиностроительных и химических технологий (ФМХТ);Кафедра «Машиностроение» (МС);15.03.05;Конструкторско-технологическое обеспечение машиностроительных производств;Технология машиностроения;Очная форма;Бакалавриат
1654;Обучается;3МСб-2П;2;Факультет машиностроительных и химических технологий (ФМХТ);Кафедра «Машиностроение» (МС);15.03.05;Конструкторско-технологическое обеспечение машиностроительных производств;Технология машиностроения;Очная форма;Бакалавриат
1655;Обучается;3МСб-2П;2;Факультет машиностроительных и химических технологий (ФМХТ);Кафедра «Машиностроение» (МС);15.03.05;Конструкторско-технологическое обеспечение машиностроительных производств;Технология машиностроения;Очная форма;Бакалавриат
1656;Обучается;3МСб-2П;2;Факультет машиностроительных и химических технологий (ФМХТ);Кафедра «Машиностроение» (МС);15.03.05;Конструкторско-технологическое обеспечение машиностроительных производств;Технология машиностроения;Очная форма;Бакалавриат
1657;Обучается;3МСб-2П;2;Факультет машиностроительных и химических технологий (ФМХТ);Кафедра «Машиностроение» (МС);15.03.05;Конструкторско-технологическое обеспечение машиностроительных производств;Технология машиностроения;Очная форма;Бакалавриат
1658;Обучается;3МСб-2П;2;Факультет машиностроительных и химических технологий (ФМХТ);Кафедра «Машиностроение» (МС);15.03.05;Конструкторско-технологическое обеспечение машиностроительных производств;Технология машиностроения;Очная форма;Бакалавриат
1659;Обучается;3МСб-2П;2;Факультет машиностроительных и химических технологий (ФМХТ);Кафедра «Машиностроение» (МС);15.03.05;Конструкторско-технологическое обеспечение машиностроительных производств;Технология машиностроения;Очная форма;Бакалавриат
1660;Обучается;3МСб-2П;2;Факультет машиностроительных и химических технологий (ФМХТ);Кафедра «Машиностроение» (МС);15.03.05;Конструкторско-технологическое обеспечение машиностроительных производств;Технология машиностроения;Очная форма;Бакалавриат
1661;Обучается;3МСб-2П;2;Факультет машиностроительных и химических технологий (ФМХТ);Кафедра «Машиностроение» (МС);15.03.05;Конструкторско-технологическое обеспечение машиностроительных производств;Технология машиностроения;Очная форма;Бакалавриат
1662;Обучается;2ТМб-1П;3;Факультет машиностроительных и химических технологий (ФМХТ);Кафедра «Машиностроение» (МС);15.03.05;Конструкторско-технологическое обеспечение машиностроительных производств;Технология машиностроения;Очная форма;Бакалавриат
1663;Обучается;2ТМб-1П;3;Факультет машиностроительных и химических технологий (ФМХТ);Кафедра «Машиностроение» (МС);15.03.05;Конструкторско-технологическое обеспечение машиностроительных производств;Технология машиностроения;Очная форма;Бакалавриат
1664;Обучается;2ТМб-1П;3;Факультет машиностроительных и химических технологий (ФМХТ);Кафедра «Машиностроение» (МС);15.03.05;Конструкторско-технологическое обеспечение машиностроительных производств;Технология машиностроения;Очная форма;Бакалавриат
1665;Обучается;2ТМб-1П;3;Факультет машиностроительных и химических технологий (ФМХТ);Кафедра «Машиностроение» (МС);15.03.05;Конструкторско-технологическое обеспечение машиностроительных производств;Технология машиностроения;Очная форма;Бакалавриат
1666;Обучается;2ТМб-1П;3;Факультет машиностроительных и химических технологий (ФМХТ);Кафедра «Машиностроение» (МС);15.03.05;Конструкторско-технологическое обеспечение машиностроительных производств;Технология машиностроения;Очная форма;Бакалавриат
1667;Обучается;2ТМб-1П;3;Факультет машиностроительных и химических технологий (ФМХТ);Кафедра «Машиностроение» (МС);15.03.05;Конструкторско-технологическое обеспечение машиностроительных производств;Технология машиностроения;Очная форма;Бакалавриат
1668;Обучается;2ТМб-1П;3;Факультет машиностроительных и химических технологий (ФМХТ);Кафедра «Машиностроение» (МС);15.03.05;Конструкторско-технологическое обеспечение машиностроительных производств;Технология машиностроения;Очная форма;Бакалавриат
1669;Обучается;2ТМб-1П;3;Факультет машиностроительных и химических технологий (ФМХТ);Кафедра «Машиностроение» (МС);15.03.05;Конструкторско-технологическое обеспечение машиностроительных производств;Технология машиностроения;Очная форма;Бакалавриат
1670;Обучается;2ТМб-1П;3;Факультет машиностроительных и химических технологий (ФМХТ);Кафедра «Машиностроение» (МС);15.03.05;Конструкторско-технологическое обеспечение машиностроительных производств;Технология машиностроения;Очная форма;Бакалавриат
1671;Обучается;2ТМб-1П;3;Факультет машиностроительных и химических технологий (ФМХТ);Кафедра «Машиностроение» (МС);15.03.05;Конструкторско-технологическое обеспечение машиностроительных производств;Технология машиностроения;Очная форма;Бакалавриат
1672;Обучается;2ТМб-1П;3;Факультет машиностроительных и химических технологий (ФМХТ);Кафедра «Машиностроение» (МС);15.03.05;Конструкторско-технологическое обеспечение машиностроительных производств;Технология машиностроения;Очная форма;Бакалавриат
1673;Обучается;2ТМб-1П;3;Факультет машиностроительных и химических технологий (ФМХТ);Кафедра «Машиностроение» (МС);15.03.05;Конструкторско-технологическое обеспечение машиностроительных производств;Технология машиностроения;Очная форма;Бакалавриат
1674;Обучается;2ТМб-1П;3;Факультет машиностроительных и химических технологий (ФМХТ);Кафедра «Машиностроение» (МС);15.03.05;Конструкторско-технологическое обеспечение машиностроительных производств;Технология машиностроения;Очная форма;Бакалавриат
1675;Обучается;2ТМб-1П;3;Факультет машиностроительных и химических технологий (ФМХТ);Кафедра «Машиностроение» (МС);15.03.05;Конструкторско-технологическое обеспечение машиностроительных производств;Технология машиностроения;Очная форма;Бакалавриат
1676;Обучается;2ТМб-1П;3;Факультет машиностроительных и химических технологий (ФМХТ);Кафедра «Машиностроение» (МС);15.03.05;Конструкторско-технологическое обеспечение машиностроительных производств;Технология машиностроения;Очная форма;Бакалавриат
1677;Обучается;2ТМб-1П;3;Факультет машиностроительных и химических технологий (ФМХТ);Кафедра «Машиностроение» (МС);15.03.05;Конструкторско-технологическое обеспечение машиностроительных производств;Технология машиностроения;Очная форма;Бакалавриат
1678;Обучается;2ТМб-1П;3;Факультет машиностроительных и химических технологий (ФМХТ);Кафедра «Машиностроение» (МС);15.03.05;Конструкторско-технологическое обеспечение машиностроительных производств;Технология машиностроения;Очная форма;Бакалавриат
1679;Обучается;2ТМб-1П;3;Факультет машиностроительных и химических технологий (ФМХТ);Кафедра «Машиностроение» (МС);15.03.05;Конструкторско-технологическое обеспечение машиностроительных производств;Технология машиностроения;Очная форма;Бакалавриат
1680;Обучается;2ТМб-1П;3;Факультет машиностроительных и химических технологий (ФМХТ);Кафедра «Машиностроение» (МС);15.03.05;Конструкторско-технологическое обеспечение машиностроительных производств;Технология машиностроения;Очная форма;Бакалавриат
1681;Обучается;2ТМб-1П;3;Факультет машиностроительных и химических технологий (ФМХТ);Кафедра «Машиностроение» (МС);15.03.05;Конструкторско-технологическое обеспечение машиностроительных производств;Технология машиностроения;Очная форма;Бакалавриат
1682;Обучается;2ТМб-1П;3;Факультет машиностроительных и химических технологий (ФМХТ);Кафедра «Машиностроение» (МС);15.03.05;Конструкторско-технологическое обеспечение машиностроительных производств;Технология машиностроения;Очная форма;Бакалавриат
1683;Обучается;2ТМб-1П;3;Факультет машиностроительных и химических технологий (ФМХТ);Кафедра «Машиностроение» (МС);15.03.05;Конструкторско-технологическое обеспечение машиностроительных производств;Технология машиностроения;Очная форма;Бакалавриат
1684;Обучается;2ТМб-1П;3;Факультет машиностроительных и химических технологий (ФМХТ);Кафедра «Машиностроение» (МС);15.03.05;Конструкторско-технологическое обеспечение машиностроительных производств;Технология машиностроения;Очная форма;Бакалавриат
1685;Обучается;2ТМб-1П;3;Факультет машиностроительных и химических технологий (ФМХТ);Кафедра «Машиностроение» (МС);15.03.05;Конструкторско-технологическое обеспечение машиностроительных производств;Технология машиностроения;Очная форма;Бакалавриат
1686;Обучается;2ТМб-1П;3;Факультет машиностроительных и химических технологий (ФМХТ);Кафедра «Машиностроение» (МС);15.03.05;Конструкторско-технологическое обеспечение машиностроительных производств;Технология машиностроения;Очная форма;Бакалавриат
1687;Обучается;2ТМб-1П;3;Факультет машиностроительных и химических технологий (ФМХТ);Кафедра «Машиностроение» (МС);15.03.05;Конструкторско-технологическое обеспечение машиностроительных производств;Технология машиностроения;Очная форма;Бакалавриат
1688;Обучается;1ТМб-1П;4;Факультет машиностроительных и химических технологий (ФМХТ);Кафедра «Машиностроение» (МС);15.03.05;Конструкторско-технологическое обеспечение машиностроительных производств;Технология машиностроения;Очная форма;Бакалавриат
1689;Обучается;1ТМб-1П;4;Факультет машиностроительных и химических технологий (ФМХТ);Кафедра «Машиностроение» (МС);15.03.05;Конструкторско-технологическое обеспечение машиностроительных производств;Технология машиностроения;Очная форма;Бакалавриат
1690;Обучается;1ТМб-1П;4;Факультет машиностроительных и химических технологий (ФМХТ);Кафедра «Машиностроение» (МС);15.03.05;Конструкторско-технологическое обеспечение машиностроительных производств;Технология машиностроения;Очная форма;Бакалавриат
1691;Обучается;1ТМб-1П;4;Факультет машиностроительных и химических технологий (ФМХТ);Кафедра «Машиностроение» (МС);15.03.05;Конструкторско-технологическое обеспечение машиностроительных производств;Технология машиностроения;Очная форма;Бакалавриат
1692;Обучается;1ТМб-1П;4;Факультет машиностроительных и химических технологий (ФМХТ);Кафедра «Машиностроение» (МС);15.03.05;Конструкторско-технологическое обеспечение машиностроительных производств;Технология машиностроения;Очная форма;Бакалавриат
1693;Академический отпуск;1ТМб-1П;4;Факультет машиностроительных и химических технологий (ФМХТ);Кафедра «Машиностроение» (МС);15.03.05;Конструкторско-технологическое обеспечение машиностроительных производств;Технология машиностроения;Очная форма;Бакалавриат
1694;Обучается;1ТМб-1П;4;Факультет машиностроительных и химических технологий (ФМХТ);Кафедра «Машиностроение» (МС);15.03.05;Конструкторско-технологическое обеспечение машиностроительных производств;Технология машиностроения;Очная форма;Бакалавриат
1695;Академический отпуск;1ТМб-1П;4;Факультет машиностроительных и химических технологий (ФМХТ);Кафедра «Машиностроение» (МС);15.03.05;Конструкторско-технологическое обеспечение машиностроительных производств;Технология машиностроения;Очная форма;Бакалавриат
1696;Академический отпуск;1ТМб-1П;4;Факультет машиностроительных и химических технологий (ФМХТ);Кафедра «Машиностроение» (МС);15.03.05;Конструкторско-технологическое обеспечение машиностроительных производств;Технология машиностроения;Очная форма;Бакалавриат
1697;Обучается;4ХТб-3;1;Факультет машиностроительных и химических технологий (ФМХТ);Кафедра «Машиностроение» (МС);18.03.02;Энерго- и ресурсосберегающие процессы в химической технологии, нефтехимии и биотехнологии;Оборудование нефтегазопереработки;Очная форма;Бакалавриат
1698;Обучается;4ХТб-3;1;Факультет машиностроительных и химических технологий (ФМХТ);Кафедра «Машиностроение» (МС);18.03.02;Энерго- и ресурсосберегающие процессы в химической технологии, нефтехимии и биотехнологии;Оборудование нефтегазопереработки;Очная форма;Бакалавриат
1699;Обучается;4ХТб-3;1;Факультет машиностроительных и химических технологий (ФМХТ);Кафедра «Машиностроение» (МС);18.03.02;Энерго- и ресурсосберегающие процессы в химической технологии, нефтехимии и биотехнологии;Оборудование нефтегазопереработки;Очная форма;Бакалавриат
1700;Обучается;4ХТб-3;1;Факультет машиностроительных и химических технологий (ФМХТ);Кафедра «Машиностроение» (МС);18.03.02;Энерго- и ресурсосберегающие процессы в химической технологии, нефтехимии и биотехнологии;Оборудование нефтегазопереработки;Очная форма;Бакалавриат
1701;Обучается;4ХТб-3;1;Факультет машиностроительных и химических технологий (ФМХТ);Кафедра «Машиностроение» (МС);18.03.02;Энерго- и ресурсосберегающие процессы в химической технологии, нефтехимии и биотехнологии;Оборудование нефтегазопереработки;Очная форма;Бакалавриат
1702;Обучается;4ХТб-3;1;Факультет машиностроительных и химических технологий (ФМХТ);Кафедра «Машиностроение» (МС);18.03.02;Энерго- и ресурсосберегающие процессы в химической технологии, нефтехимии и биотехнологии;Оборудование нефтегазопереработки;Очная форма;Бакалавриат
1703;Обучается;4ХТб-3;1;Факультет машиностроительных и химических технологий (ФМХТ);Кафедра «Машиностроение» (МС);18.03.02;Энерго- и ресурсосберегающие процессы в химической технологии, нефтехимии и биотехнологии;Оборудование нефтегазопереработки;Очная форма;Бакалавриат
1704;Обучается;4ХТб-4П;1;Факультет машиностроительных и химических технологий (ФМХТ);Кафедра «Машиностроение» (МС);18.03.02;Энерго- и ресурсосберегающие процессы в химической технологии, нефтехимии и биотехнологии;Оборудование нефтегазопереработки;Очная форма;Бакалавриат
1705;Обучается;4ХТб-4П;1;Факультет машиностроительных и химических технологий (ФМХТ);Кафедра «Машиностроение» (МС);18.03.02;Энерго- и ресурсосберегающие процессы в химической технологии, нефтехимии и биотехнологии;Оборудование нефтегазопереработки;Очная форма;Бакалавриат
1706;Обучается;4ХТб-4П;1;Факультет машиностроительных и химических технологий (ФМХТ);Кафедра «Машиностроение» (МС);18.03.02;Энерго- и ресурсосберегающие процессы в химической технологии, нефтехимии и биотехнологии;Оборудование нефтегазопереработки;Очная форма;Бакалавриат
1707;Обучается;4ХТб-4П;1;Факультет машиностроительных и химических технологий (ФМХТ);Кафедра «Машиностроение» (МС);18.03.02;Энерго- и ресурсосберегающие процессы в химической технологии, нефтехимии и биотехнологии;Оборудование нефтегазопереработки;Очная форма;Бакалавриат
1708;Обучается;4ХТб-4П;1;Факультет машиностроительных и химических технологий (ФМХТ);Кафедра «Машиностроение» (МС);18.03.02;Энерго- и ресурсосберегающие процессы в химической технологии, нефтехимии и биотехнологии;Оборудование нефтегазопереработки;Очная форма;Бакалавриат
1709;Обучается;4ХТб-4П;1;Факультет машиностроительных и химических технологий (ФМХТ);Кафедра «Машиностроение» (МС);18.03.02;Энерго- и ресурсосберегающие процессы в химической технологии, нефтехимии и биотехнологии;Оборудование нефтегазопереработки;Очная форма;Бакалавриат
1710;Обучается;4ХТб-4П;1;Факультет машиностроительных и химических технологий (ФМХТ);Кафедра «Машиностроение» (МС);18.03.02;Энерго- и ресурсосберегающие процессы в химической технологии, нефтехимии и биотехнологии;Оборудование нефтегазопереработки;Очная форма;Бакалавриат
1711;Обучается;4ХТб-4П;1;Факультет машиностроительных и химических технологий (ФМХТ);Кафедра «Машиностроение» (МС);18.03.02;Энерго- и ресурсосберегающие процессы в химической технологии, нефтехимии и биотехнологии;Оборудование нефтегазопереработки;Очная форма;Бакалавриат
1712;Обучается;4ХТб-4П;1;Факультет машиностроительных и химических технологий (ФМХТ);Кафедра «Машиностроение» (МС);18.03.02;Энерго- и ресурсосберегающие процессы в химической технологии, нефтехимии и биотехнологии;Оборудование нефтегазопереработки;Очная форма;Бакалавриат
1713;Обучается;4ОНм-1;1;Факультет машиностроительных и химических технологий (ФМХТ);Кафедра «Машиностроение» (МС);15.04.02;Технологические машины и оборудование;Оборудование нефтегазопереработки;Очная форма;Магистратура
1714;Обучается;4ОНм-1;1;Факультет машиностроительных и химических технологий (ФМХТ);Кафедра «Машиностроение» (МС);15.04.02;Технологические машины и оборудование;Оборудование нефтегазопереработки;Очная форма;Магистратура
1715;Обучается;4ОНм-1;1;Факультет машиностроительных и химических технологий (ФМХТ);Кафедра «Машиностроение» (МС);15.04.02;Технологические машины и оборудование;Оборудование нефтегазопереработки;Очная форма;Магистратура
1716;Обучается;4ОНм-1;1;Факультет машиностроительных и химических технологий (ФМХТ);Кафедра «Машиностроение» (МС);15.04.02;Технологические машины и оборудование;Оборудование нефтегазопереработки;Очная форма;Магистратура
1717;Обучается;4ОНм-1;1;Факультет машиностроительных и химических технологий (ФМХТ);Кафедра «Машиностроение» (МС);15.04.02;Технологические машины и оборудование;Оборудование нефтегазопереработки;Очная форма;Магистратура
1718;Обучается;4ОНм-1;1;Факультет машиностроительных и химических технологий (ФМХТ);Кафедра «Машиностроение» (МС);15.04.02;Технологические машины и оборудование;Оборудование нефтегазопереработки;Очная форма;Магистратура
1719;Обучается;4ОНм-1;1;Факультет машиностроительных и химических технологий (ФМХТ);Кафедра «Машиностроение» (МС);15.04.02;Технологические машины и оборудование;Оборудование нефтегазопереработки;Очная форма;Магистратура
1720;Обучается;3ОНм-1;2;Факультет машиностроительных и химических технологий (ФМХТ);Кафедра «Машиностроение» (МС);15.04.02;Технологические машины и оборудование;Оборудование нефтегазопереработки;Очная форма;Магистратура
1721;Обучается;3ОНм-1;2;Факультет машиностроительных и химических технологий (ФМХТ);Кафедра «Машиностроение» (МС);15.04.02;Технологические машины и оборудование;Оборудование нефтегазопереработки;Очная форма;Магистратура
1722;Обучается;3ОНм-1;2;Факультет машиностроительных и химических технологий (ФМХТ);Кафедра «Машиностроение» (МС);15.04.02;Технологические машины и оборудование;Оборудование нефтегазопереработки;Очная форма;Магистратура
1723;Обучается;3ОНм-1;2;Факультет машиностроительных и химических технологий (ФМХТ);Кафедра «Машиностроение» (МС);15.04.02;Технологические машины и оборудование;Оборудование нефтегазопереработки;Очная форма;Магистратура
1724;Обучается;3ОНм-1;2;Факультет машиностроительных и химических технологий (ФМХТ);Кафедра «Машиностроение» (МС);15.04.02;Технологические машины и оборудование;Оборудование нефтегазопереработки;Очная форма;Магистратура
1725;Обучается;3ОНм-1;2;Факультет машиностроительных и химических технологий (ФМХТ);Кафедра «Машиностроение» (МС);15.04.02;Технологические машины и оборудование;Оборудование нефтегазопереработки;Очная форма;Магистратура
1726;Обучается;3ОНм-1;2;Факультет машиностроительных и химических технологий (ФМХТ);Кафедра «Машиностроение» (МС);15.04.02;Технологические машины и оборудование;Оборудование нефтегазопереработки;Очная форма;Магистратура
1727;Обучается;3ОНм-1;2;Факультет машиностроительных и химических технологий (ФМХТ);Кафедра «Машиностроение» (МС);15.04.02;Технологические машины и оборудование;Оборудование нефтегазопереработки;Очная форма;Магистратура
1728;Академический отпуск;3ОНм-1;2;Факультет машиностроительных и химических технологий (ФМХТ);Кафедра «Машиностроение» (МС);15.04.02;Технологические машины и оборудование;Оборудование нефтегазопереработки;Очная форма;Магистратура
1729;Обучается;4КТм-1;1;Факультет машиностроительных и химических технологий (ФМХТ);Кафедра «Машиностроение» (МС);15.04.05;Конструкторско-технологическое обеспечение машиностроительных производств;Технология машиностроения;Очная форма;Магистратура
1730;Обучается;4КТм-1;1;Факультет машиностроительных и химических технологий (ФМХТ);Кафедра «Машиностроение» (МС);15.04.05;Конструкторско-технологическое обеспечение машиностроительных производств;Технология машиностроения;Очная форма;Магистратура
1731;Обучается;4КТм-1;1;Факультет машиностроительных и химических технологий (ФМХТ);Кафедра «Машиностроение» (МС);15.04.05;Конструкторско-технологическое обеспечение машиностроительных производств;Технология машиностроения;Очная форма;Магистратура
1732;Обучается;4КТм-1;1;Факультет машиностроительных и химических технологий (ФМХТ);Кафедра «Машиностроение» (МС);15.04.05;Конструкторско-технологическое обеспечение машиностроительных производств;Технология машиностроения;Очная форма;Магистратура
1733;Обучается;4КТм-1;1;Факультет машиностроительных и химических технологий (ФМХТ);Кафедра «Машиностроение» (МС);15.04.05;Конструкторско-технологическое обеспечение машиностроительных производств;Технология машиностроения;Очная форма;Магистратура
1734;Обучается;3КТм-1;2;Факультет машиностроительных и химических технологий (ФМХТ);Кафедра «Машиностроение» (МС);15.04.05;Конструкторско-технологическое обеспечение машиностроительных производств;Технология машиностроения;Очная форма;Магистратура
1735;Академический отпуск;3КТм-1;2;Факультет машиностроительных и химических технологий (ФМХТ);Кафедра «Машиностроение» (МС);15.04.05;Конструкторско-технологическое обеспечение машиностроительных производств;Технология машиностроения;Очная форма;Магистратура
1736;Обучается;3КТм-1;2;Факультет машиностроительных и химических технологий (ФМХТ);Кафедра «Машиностроение» (МС);15.04.05;Конструкторско-технологическое обеспечение машиностроительных производств;Технология машиностроения;Очная форма;Магистратура
1737;Обучается;3КТм-1;2;Факультет машиностроительных и химических технологий (ФМХТ);Кафедра «Машиностроение» (МС);15.04.05;Конструкторско-технологическое обеспечение машиностроительных производств;Технология машиностроения;Очная форма;Магистратура
1738;Обучается;3КТм-1;2;Факультет машиностроительных и химических технологий (ФМХТ);Кафедра «Машиностроение» (МС);15.04.05;Конструкторско-технологическое обеспечение машиностроительных производств;Технология машиностроения;Очная форма;Магистратура
1739;Обучается;3КТм-1;2;Факультет машиностроительных и химических технологий (ФМХТ);Кафедра «Машиностроение» (МС);15.04.05;Конструкторско-технологическое обеспечение машиностроительных производств;Технология машиностроения;Очная форма;Магистратура
1740;Обучается;4МСб-1;1;Факультет машиностроительных и химических технологий (ФМХТ);Кафедра «Технология сварочного и металлургического производства имени В.И. Муравьева» (ТСМП имени В.И. Муравьева);15.03.01;Машиностроение;Оборудование и технология сварочного производства;Очная форма;Бакалавриат
1741;Обучается;4МСб-1;1;Факультет машиностроительных и химических технологий (ФМХТ);Кафедра «Технология сварочного и металлургического производства имени В.И. Муравьева» (ТСМП имени В.И. Муравьева);15.03.01;Машиностроение;Оборудование и технология сварочного производства;Очная форма;Бакалавриат
1742;Обучается;4МСб-1;1;Факультет машиностроительных и химических технологий (ФМХТ);Кафедра «Технология сварочного и металлургического производства имени В.И. Муравьева» (ТСМП имени В.И. Муравьева);15.03.01;Машиностроение;Оборудование и технология сварочного производства;Очная форма;Бакалавриат
1743;Обучается;4МСб-1;1;Факультет машиностроительных и химических технологий (ФМХТ);Кафедра «Технология сварочного и металлургического производства имени В.И. Муравьева» (ТСМП имени В.И. Муравьева);15.03.01;Машиностроение;Оборудование и технология сварочного производства;Очная форма;Бакалавриат
1744;Обучается;4МСб-1;1;Факультет машиностроительных и химических технологий (ФМХТ);Кафедра «Технология сварочного и металлургического производства имени В.И. Муравьева» (ТСМП имени В.И. Муравьева);15.03.01;Машиностроение;Оборудование и технология сварочного производства;Очная форма;Бакалавриат
1745;Обучается;4МСб-1;1;Факультет машиностроительных и химических технологий (ФМХТ);Кафедра «Технология сварочного и металлургического производства имени В.И. Муравьева» (ТСМП имени В.И. Муравьева);15.03.01;Машиностроение;Оборудование и технология сварочного производства;Очная форма;Бакалавриат
1746;Академический отпуск;4МСб-1;1;Факультет машиностроительных и химических технологий (ФМХТ);Кафедра «Технология сварочного и металлургического производства имени В.И. Муравьева» (ТСМП имени В.И. Муравьева);15.03.01;Машиностроение;Оборудование и технология сварочного производства;Очная форма;Бакалавриат
1747;Академический отпуск;4МСб-1;1;Факультет машиностроительных и химических технологий (ФМХТ);Кафедра «Технология сварочного и металлургического производства имени В.И. Муравьева» (ТСМП имени В.И. Муравьева);15.03.01;Машиностроение;Оборудование и технология сварочного производства;Очная форма;Бакалавриат
1748;Обучается;4МСб-1;1;Факультет машиностроительных и химических технологий (ФМХТ);Кафедра «Технология сварочного и металлургического производства имени В.И. Муравьева» (ТСМП имени В.И. Муравьева);15.03.01;Машиностроение;Оборудование и технология сварочного производства;Очная форма;Бакалавриат
1749;Обучается;3МСб-1;2;Факультет машиностроительных и химических технологий (ФМХТ);Кафедра «Технология сварочного и металлургического производства имени В.И. Муравьева» (ТСМП имени В.И. Муравьева);15.03.01;Машиностроение;Оборудование и технология сварочного производства;Очная форма;Бакалавриат
1750;Обучается;3МСб-1;2;Факультет машиностроительных и химических технологий (ФМХТ);Кафедра «Технология сварочного и металлургического производства имени В.И. Муравьева» (ТСМП имени В.И. Муравьева);15.03.01;Машиностроение;Оборудование и технология сварочного производства;Очная форма;Бакалавриат
1751;Обучается;3МСб-1;2;Факультет машиностроительных и химических технологий (ФМХТ);Кафедра «Технология сварочного и металлургического производства имени В.И. Муравьева» (ТСМП имени В.И. Муравьева);15.03.01;Машиностроение;Оборудование и технология сварочного производства;Очная форма;Бакалавриат
1752;Обучается;3МСб-1;2;Факультет машиностроительных и химических технологий (ФМХТ);Кафедра «Технология сварочного и металлургического производства имени В.И. Муравьева» (ТСМП имени В.И. Муравьева);15.03.01;Машиностроение;Оборудование и технология сварочного производства;Очная форма;Бакалавриат
1753;Обучается;3МСб-1;2;Факультет машиностроительных и химических технологий (ФМХТ);Кафедра «Технология сварочного и металлургического производства имени В.И. Муравьева» (ТСМП имени В.И. Муравьева);15.03.01;Машиностроение;Оборудование и технология сварочного производства;Очная форма;Бакалавриат
1754;Обучается;3МСб-1;2;Факультет машиностроительных и химических технологий (ФМХТ);Кафедра «Технология сварочного и металлургического производства имени В.И. Муравьева» (ТСМП имени В.И. Муравьева);15.03.01;Машиностроение;Оборудование и технология сварочного производства;Очная форма;Бакалавриат
1755;Обучается;3МСб-1;2;Факультет машиностроительных и химических технологий (ФМХТ);Кафедра «Технология сварочного и металлургического производства имени В.И. Муравьева» (ТСМП имени В.И. Муравьева);15.03.01;Машиностроение;Оборудование и технология сварочного производства;Очная форма;Бакалавриат
1756;Обучается;3МСб-1;2;Факультет машиностроительных и химических технологий (ФМХТ);Кафедра «Технология сварочного и металлургического производства имени В.И. Муравьева» (ТСМП имени В.И. Муравьева);15.03.01;Машиностроение;Оборудование и технология сварочного производства;Очная форма;Бакалавриат
1757;Обучается;3МСб-1;2;Факультет машиностроительных и химических технологий (ФМХТ);Кафедра «Технология сварочного и металлургического производства имени В.И. Муравьева» (ТСМП имени В.И. Муравьева);15.03.01;Машиностроение;Оборудование и технология сварочного производства;Очная форма;Бакалавриат
1758;Обучается;3МСб-1;2;Факультет машиностроительных и химических технологий (ФМХТ);Кафедра «Технология сварочного и металлургического производства имени В.И. Муравьева» (ТСМП имени В.И. Муравьева);15.03.01;Машиностроение;Оборудование и технология сварочного производства;Очная форма;Бакалавриат
1759;Обучается;3МСб-1;2;Факультет машиностроительных и химических технологий (ФМХТ);Кафедра «Технология сварочного и металлургического производства имени В.И. Муравьева» (ТСМП имени В.И. Муравьева);15.03.01;Машиностроение;Оборудование и технология сварочного производства;Очная форма;Бакалавриат
1760;Обучается;3МСб-1;2;Факультет машиностроительных и химических технологий (ФМХТ);Кафедра «Технология сварочного и металлургического производства имени В.И. Муравьева» (ТСМП имени В.И. Муравьева);15.03.01;Машиностроение;Оборудование и технология сварочного производства;Очная форма;Бакалавриат
1761;Обучается;3МСб-1;2;Факультет машиностроительных и химических технологий (ФМХТ);Кафедра «Технология сварочного и металлургического производства имени В.И. Муравьева» (ТСМП имени В.И. Муравьева);15.03.01;Машиностроение;Оборудование и технология сварочного производства;Очная форма;Бакалавриат
1762;Обучается;3МСб-1;2;Факультет машиностроительных и химических технологий (ФМХТ);Кафедра «Технология сварочного и металлургического производства имени В.И. Муравьева» (ТСМП имени В.И. Муравьева);15.03.01;Машиностроение;Оборудование и технология сварочного производства;Очная форма;Бакалавриат
1763;Обучается;3МСб-1;2;Факультет машиностроительных и химических технологий (ФМХТ);Кафедра «Технология сварочного и металлургического производства имени В.И. Муравьева» (ТСМП имени В.И. Муравьева);15.03.01;Машиностроение;Оборудование и технология сварочного производства;Очная форма;Бакалавриат
1764;Обучается;3МСб-1;2;Факультет машиностроительных и химических технологий (ФМХТ);Кафедра «Технология сварочного и металлургического производства имени В.И. Муравьева» (ТСМП имени В.И. Муравьева);15.03.01;Машиностроение;Оборудование и технология сварочного производства;Очная форма;Бакалавриат
1765;Академический отпуск;3МСб-1;2;Факультет машиностроительных и химических технологий (ФМХТ);Кафедра «Технология сварочного и металлургического производства имени В.И. Муравьева» (ТСМП имени В.И. Муравьева);15.03.01;Машиностроение;Оборудование и технология сварочного производства;Очная форма;Бакалавриат
1766;Обучается;2МНб-1;3;Факультет машиностроительных и химических технологий (ФМХТ);Кафедра «Технология сварочного и металлургического производства имени В.И. Муравьева» (ТСМП имени В.И. Муравьева);15.03.01;Машиностроение;Оборудование и технология сварочного производства;Очная форма;Бакалавриат
1767;Обучается;2МНб-1;3;Факультет машиностроительных и химических технологий (ФМХТ);Кафедра «Технология сварочного и металлургического производства имени В.И. Муравьева» (ТСМП имени В.И. Муравьева);15.03.01;Машиностроение;Оборудование и технология сварочного производства;Очная форма;Бакалавриат
1768;Обучается;2МНб-1;3;Факультет машиностроительных и химических технологий (ФМХТ);Кафедра «Технология сварочного и металлургического производства имени В.И. Муравьева» (ТСМП имени В.И. Муравьева);15.03.01;Машиностроение;Оборудование и технология сварочного производства;Очная форма;Бакалавриат
1769;Обучается;2МНб-1;3;Факультет машиностроительных и химических технологий (ФМХТ);Кафедра «Технология сварочного и металлургического производства имени В.И. Муравьева» (ТСМП имени В.И. Муравьева);15.03.01;Машиностроение;Оборудование и технология сварочного производства;Очная форма;Бакалавриат
1770;Обучается;2МНб-1;3;Факультет машиностроительных и химических технологий (ФМХТ);Кафедра «Технология сварочного и металлургического производства имени В.И. Муравьева» (ТСМП имени В.И. Муравьева);15.03.01;Машиностроение;Оборудование и технология сварочного производства;Очная форма;Бакалавриат
1771;Обучается;2МНб-1;3;Факультет машиностроительных и химических технологий (ФМХТ);Кафедра «Технология сварочного и металлургического производства имени В.И. Муравьева» (ТСМП имени В.И. Муравьева);15.03.01;Машиностроение;Оборудование и технология сварочного производства;Очная форма;Бакалавриат
1772;Обучается;2МНб-1;3;Факультет машиностроительных и химических технологий (ФМХТ);Кафедра «Технология сварочного и металлургического производства имени В.И. Муравьева» (ТСМП имени В.И. Муравьева);15.03.01;Машиностроение;Оборудование и технология сварочного производства;Очная форма;Бакалавриат
1773;Обучается;2МНб-1;3;Факультет машиностроительных и химических технологий (ФМХТ);Кафедра «Технология сварочного и металлургического производства имени В.И. Муравьева» (ТСМП имени В.И. Муравьева);15.03.01;Машиностроение;Оборудование и технология сварочного производства;Очная форма;Бакалавриат
1774;Обучается;2МНб-1;3;Факультет машиностроительных и химических технологий (ФМХТ);Кафедра «Технология сварочного и металлургического производства имени В.И. Муравьева» (ТСМП имени В.И. Муравьева);15.03.01;Машиностроение;Оборудование и технология сварочного производства;Очная форма;Бакалавриат
1775;Обучается;2МНб-1;3;Факультет машиностроительных и химических технологий (ФМХТ);Кафедра «Технология сварочного и металлургического производства имени В.И. Муравьева» (ТСМП имени В.И. Муравьева);15.03.01;Машиностроение;Оборудование и технология сварочного производства;Очная форма;Бакалавриат
1776;Обучается;2МНб-1;3;Факультет машиностроительных и химических технологий (ФМХТ);Кафедра «Технология сварочного и металлургического производства имени В.И. Муравьева» (ТСМП имени В.И. Муравьева);15.03.01;Машиностроение;Оборудование и технология сварочного производства;Очная форма;Бакалавриат
1777;Обучается;2МНб-1;3;Факультет машиностроительных и химических технологий (ФМХТ);Кафедра «Технология сварочного и металлургического производства имени В.И. Муравьева» (ТСМП имени В.И. Муравьева);15.03.01;Машиностроение;Оборудование и технология сварочного производства;Очная форма;Бакалавриат
1778;Обучается;2МНб-1;3;Факультет машиностроительных и химических технологий (ФМХТ);Кафедра «Технология сварочного и металлургического производства имени В.И. Муравьева» (ТСМП имени В.И. Муравьева);15.03.01;Машиностроение;Оборудование и технология сварочного производства;Очная форма;Бакалавриат
1779;Обучается;1МНб-1;4;Факультет машиностроительных и химических технологий (ФМХТ);Кафедра «Технология сварочного и металлургического производства имени В.И. Муравьева» (ТСМП имени В.И. Муравьева);15.03.01;Машиностроение;Оборудование и технология сварочного производства;Очная форма;Бакалавриат
1780;Обучается;1МНб-1;4;Факультет машиностроительных и химических технологий (ФМХТ);Кафедра «Технология сварочного и металлургического производства имени В.И. Муравьева» (ТСМП имени В.И. Муравьева);15.03.01;Машиностроение;Оборудование и технология сварочного производства;Очная форма;Бакалавриат
1781;Академический отпуск;1МНб-1;4;Факультет машиностроительных и химических технологий (ФМХТ);Кафедра «Технология сварочного и металлургического производства имени В.И. Муравьева» (ТСМП имени В.И. Муравьева);15.03.01;Машиностроение;Оборудование и технология сварочного производства;Очная форма;Бакалавриат
1782;Обучается;1МНб-1;4;Факультет машиностроительных и химических технологий (ФМХТ);Кафедра «Технология сварочного и металлургического производства имени В.И. Муравьева» (ТСМП имени В.И. Муравьева);15.03.01;Машиностроение;Оборудование и технология сварочного производства;Очная форма;Бакалавриат
1783;Обучается;1МНб-1;4;Факультет машиностроительных и химических технологий (ФМХТ);Кафедра «Технология сварочного и металлургического производства имени В.И. Муравьева» (ТСМП имени В.И. Муравьева);15.03.01;Машиностроение;Оборудование и технология сварочного производства;Очная форма;Бакалавриат
1784;Обучается;1МНб-1;4;Факультет машиностроительных и химических технологий (ФМХТ);Кафедра «Технология сварочного и металлургического производства имени В.И. Муравьева» (ТСМП имени В.И. Муравьева);15.03.01;Машиностроение;Оборудование и технология сварочного производства;Очная форма;Бакалавриат
1785;Обучается;1МНб-1;4;Факультет машиностроительных и химических технологий (ФМХТ);Кафедра «Технология сварочного и металлургического производства имени В.И. Муравьева» (ТСМП имени В.И. Муравьева);15.03.01;Машиностроение;Оборудование и технология сварочного производства;Очная форма;Бакалавриат
1786;Академический отпуск;1МНб-1;4;Факультет машиностроительных и химических технологий (ФМХТ);Кафедра «Технология сварочного и металлургического производства имени В.И. Муравьева» (ТСМП имени В.И. Муравьева);15.03.01;Машиностроение;Оборудование и технология сварочного производства;Очная форма;Бакалавриат
1787;Обучается;1МНб-1;4;Факультет машиностроительных и химических технологий (ФМХТ);Кафедра «Технология сварочного и металлургического производства имени В.И. Муравьева» (ТСМП имени В.И. Муравьева);15.03.01;Машиностроение;Оборудование и технология сварочного производства;Очная форма;Бакалавриат
1788;Обучается;1МНб-1;4;Факультет машиностроительных и химических технологий (ФМХТ);Кафедра «Технология сварочного и металлургического производства имени В.И. Муравьева» (ТСМП имени В.И. Муравьева);15.03.01;Машиностроение;Оборудование и технология сварочного производства;Очная форма;Бакалавриат
1789;Обучается;1МНб-1;4;Факультет машиностроительных и химических технологий (ФМХТ);Кафедра «Технология сварочного и металлургического производства имени В.И. Муравьева» (ТСМП имени В.И. Муравьева);15.03.01;Машиностроение;Оборудование и технология сварочного производства;Очная форма;Бакалавриат
1790;Обучается;1МНб-1;4;Факультет машиностроительных и химических технологий (ФМХТ);Кафедра «Технология сварочного и металлургического производства имени В.И. Муравьева» (ТСМП имени В.И. Муравьева);15.03.01;Машиностроение;Оборудование и технология сварочного производства;Очная форма;Бакалавриат
1791;Обучается;1МНб-1;4;Факультет машиностроительных и химических технологий (ФМХТ);Кафедра «Технология сварочного и металлургического производства имени В.И. Муравьева» (ТСМП имени В.И. Муравьева);15.03.01;Машиностроение;Оборудование и технология сварочного производства;Очная форма;Бакалавриат
1792;Обучается;1МНб-1;4;Факультет машиностроительных и химических технологий (ФМХТ);Кафедра «Технология сварочного и металлургического производства имени В.И. Муравьева» (ТСМП имени В.И. Муравьева);15.03.01;Машиностроение;Оборудование и технология сварочного производства;Очная форма;Бакалавриат
1793;Обучается;1МНб-1;4;Факультет машиностроительных и химических технологий (ФМХТ);Кафедра «Технология сварочного и металлургического производства имени В.И. Муравьева» (ТСМП имени В.И. Муравьева);15.03.01;Машиностроение;Оборудование и технология сварочного производства;Очная форма;Бакалавриат
1794;Обучается;4МНм-1;1;Факультет машиностроительных и химических технологий (ФМХТ);Кафедра «Технология сварочного и металлургического производства имени В.И. Муравьева» (ТСМП имени В.И. Муравьева);15.04.01;Машиностроение;Оборудование и технология сварочного производства;Очная форма;Магистратура
1795;Обучается;4МНм-1;1;Факультет машиностроительных и химических технологий (ФМХТ);Кафедра «Технология сварочного и металлургического производства имени В.И. Муравьева» (ТСМП имени В.И. Муравьева);15.04.01;Машиностроение;Оборудование и технология сварочного производства;Очная форма;Магистратура
1796;Обучается;4МНм-1;1;Факультет машиностроительных и химических технологий (ФМХТ);Кафедра «Технология сварочного и металлургического производства имени В.И. Муравьева» (ТСМП имени В.И. Муравьева);15.04.01;Машиностроение;Оборудование и технология сварочного производства;Очная форма;Магистратура
1797;Обучается;4МНм-1;1;Факультет машиностроительных и химических технологий (ФМХТ);Кафедра «Технология сварочного и металлургического производства имени В.И. Муравьева» (ТСМП имени В.И. Муравьева);15.04.01;Машиностроение;Оборудование и технология сварочного производства;Очная форма;Магистратура
1798;Обучается;4МНм-1;1;Факультет машиностроительных и химических технологий (ФМХТ);Кафедра «Технология сварочного и металлургического производства имени В.И. Муравьева» (ТСМП имени В.И. Муравьева);15.04.01;Машиностроение;Оборудование и технология сварочного производства;Очная форма;Магистратура
1799;Академический отпуск;3МНм-1;2;Факультет машиностроительных и химических технологий (ФМХТ);Кафедра «Технология сварочного и металлургического производства имени В.И. Муравьева» (ТСМП имени В.И. Муравьева);15.04.01;Машиностроение;Оборудование и технология сварочного производства;Очная форма;Магистратура
1800;Академический отпуск;3МНм-1;2;Факультет машиностроительных и химических технологий (ФМХТ);Кафедра «Технология сварочного и металлургического производства имени В.И. Муравьева» (ТСМП имени В.И. Муравьева);15.04.01;Машиностроение;Оборудование и технология сварочного производства;Очная форма;Магистратура
1801;Обучается;3МНм-1;2;Факультет машиностроительных и химических технологий (ФМХТ);Кафедра «Технология сварочного и металлургического производства имени В.И. Муравьева» (ТСМП имени В.И. Муравьева);15.04.01;Машиностроение;Оборудование и технология сварочного производства;Очная форма;Магистратура
1802;Академический отпуск;3МНм-1;2;Факультет машиностроительных и химических технологий (ФМХТ);Кафедра «Технология сварочного и металлургического производства имени В.И. Муравьева» (ТСМП имени В.И. Муравьева);15.04.01;Машиностроение;Оборудование и технология сварочного производства;Очная форма;Магистратура
1803;Обучается;3МНм-1;2;Факультет машиностроительных и химических технологий (ФМХТ);Кафедра «Технология сварочного и металлургического производства имени В.И. Муравьева» (ТСМП имени В.И. Муравьева);15.04.01;Машиностроение;Оборудование и технология сварочного производства;Очная форма;Магистратура
1804;Академический отпуск;3МНм-1;2;Факультет машиностроительных и химических технологий (ФМХТ);Кафедра «Технология сварочного и металлургического производства имени В.И. Муравьева» (ТСМП имени В.И. Муравьева);15.04.01;Машиностроение;Оборудование и технология сварочного производства;Очная форма;Магистратура
1805;Обучается;4ХТб-1;1;Факультет машиностроительных и химических технологий (ФМХТ);Кафедра «Химия и химические технологии» (ХиХТ);18.03.01;Химическая технология;Переработка полезных ископаемых;Очная форма;Бакалавриат
1806;Обучается;4ХТб-1;1;Факультет машиностроительных и химических технологий (ФМХТ);Кафедра «Химия и химические технологии» (ХиХТ);18.03.01;Химическая технология;Переработка полезных ископаемых;Очная форма;Бакалавриат
1807;Обучается;4ХТб-1;1;Факультет машиностроительных и химических технологий (ФМХТ);Кафедра «Химия и химические технологии» (ХиХТ);18.03.01;Химическая технология;Переработка полезных ископаемых;Очная форма;Бакалавриат
1808;Обучается;4ХТб-1;1;Факультет машиностроительных и химических технологий (ФМХТ);Кафедра «Химия и химические технологии» (ХиХТ);18.03.01;Химическая технология;Переработка полезных ископаемых;Очная форма;Бакалавриат
1809;Обучается;4ХТб-1;1;Факультет машиностроительных и химических технологий (ФМХТ);Кафедра «Химия и химические технологии» (ХиХТ);18.03.01;Химическая технология;Переработка полезных ископаемых;Очная форма;Бакалавриат
1810;Обучается;4ХТб-1;1;Факультет машиностроительных и химических технологий (ФМХТ);Кафедра «Химия и химические технологии» (ХиХТ);18.03.01;Химическая технология;Переработка полезных ископаемых;Очная форма;Бакалавриат
1811;Обучается;4ХТб-2П;1;Факультет машиностроительных и химических технологий (ФМХТ);Кафедра «Химия и химические технологии» (ХиХТ);18.03.01;Химическая технология;Переработка полезных ископаемых;Очная форма;Бакалавриат
1812;Обучается;4ХТб-2П;1;Факультет машиностроительных и химических технологий (ФМХТ);Кафедра «Химия и химические технологии» (ХиХТ);18.03.01;Химическая технология;Переработка полезных ископаемых;Очная форма;Бакалавриат
1813;Обучается;4ХТб-2П;1;Факультет машиностроительных и химических технологий (ФМХТ);Кафедра «Химия и химические технологии» (ХиХТ);18.03.01;Химическая технология;Переработка полезных ископаемых;Очная форма;Бакалавриат
1814;Академический отпуск;4ХТб-2П;1;Факультет машиностроительных и химических технологий (ФМХТ);Кафедра «Химия и химические технологии» (ХиХТ);18.03.01;Химическая технология;Переработка полезных ископаемых;Очная форма;Бакалавриат
1815;Обучается;4ХТб-2П;1;Факультет машиностроительных и химических технологий (ФМХТ);Кафедра «Химия и химические технологии» (ХиХТ);18.03.01;Химическая технология;Переработка полезных ископаемых;Очная форма;Бакалавриат
1816;Обучается;4ХТб-2П;1;Факультет машиностроительных и химических технологий (ФМХТ);Кафедра «Химия и химические технологии» (ХиХТ);18.03.01;Химическая технология;Переработка полезных ископаемых;Очная форма;Бакалавриат
1817;Обучается;4ХТб-2П;1;Факультет машиностроительных и химических технологий (ФМХТ);Кафедра «Химия и химические технологии» (ХиХТ);18.03.01;Химическая технология;Переработка полезных ископаемых;Очная форма;Бакалавриат
1818;Обучается;4ХТб-2П;1;Факультет машиностроительных и химических технологий (ФМХТ);Кафедра «Химия и химические технологии» (ХиХТ);18.03.01;Химическая технология;Переработка полезных ископаемых;Очная форма;Бакалавриат
1819;Обучается;4ХТб-2П;1;Факультет машиностроительных и химических технологий (ФМХТ);Кафедра «Химия и химические технологии» (ХиХТ);18.03.01;Химическая технология;Переработка полезных ископаемых;Очная форма;Бакалавриат
1820;Обучается;3ХТб-1;2;Факультет машиностроительных и химических технологий (ФМХТ);Кафедра «Химия и химические технологии» (ХиХТ);18.03.01;Химическая технология;Технологии переработки полезных ископаемых и извлечения драгоценных металлов;Очная форма;Бакалавриат
1821;Обучается;3ХТб-1;2;Факультет машиностроительных и химических технологий (ФМХТ);Кафедра «Химия и химические технологии» (ХиХТ);18.03.01;Химическая технология;Технологии переработки полезных ископаемых и извлечения драгоценных металлов;Очная форма;Бакалавриат
1822;Обучается;3ХТб-1;2;Факультет машиностроительных и химических технологий (ФМХТ);Кафедра «Химия и химические технологии» (ХиХТ);18.03.01;Химическая технология;Технологии переработки полезных ископаемых и извлечения драгоценных металлов;Очная форма;Бакалавриат
1823;Обучается;3ХТб-1;2;Факультет машиностроительных и химических технологий (ФМХТ);Кафедра «Химия и химические технологии» (ХиХТ);18.03.01;Химическая технология;Технологии переработки полезных ископаемых и извлечения драгоценных металлов;Очная форма;Бакалавриат
1824;Академический отпуск;3ХТб-2П;2;Факультет машиностроительных и химических технологий (ФМХТ);Кафедра «Химия и химические технологии» (ХиХТ);18.03.01;Химическая технология;Химическая технология природных энергоносителей и углеродных материалов;Очная форма;Бакалавриат
1825;Обучается;3ХТб-2П;2;Факультет машиностроительных и химических технологий (ФМХТ);Кафедра «Химия и химические технологии» (ХиХТ);18.03.01;Химическая технология;Химическая технология природных энергоносителей и углеродных материалов;Очная форма;Бакалавриат
1826;Обучается;3ХТб-2П;2;Факультет машиностроительных и химических технологий (ФМХТ);Кафедра «Химия и химические технологии» (ХиХТ);18.03.01;Химическая технология;Химическая технология природных энергоносителей и углеродных материалов;Очная форма;Бакалавриат
1827;Обучается;3ХТб-2П;2;Факультет машиностроительных и химических технологий (ФМХТ);Кафедра «Химия и химические технологии» (ХиХТ);18.03.01;Химическая технология;Химическая технология природных энергоносителей и углеродных материалов;Очная форма;Бакалавриат
1828;Обучается;3ХТб-2П;2;Факультет машиностроительных и химических технологий (ФМХТ);Кафедра «Химия и химические технологии» (ХиХТ);18.03.01;Химическая технология;Химическая технология природных энергоносителей и углеродных материалов;Очная форма;Бакалавриат
1829;Обучается;3ХТб-2П;2;Факультет машиностроительных и химических технологий (ФМХТ);Кафедра «Химия и химические технологии» (ХиХТ);18.03.01;Химическая технология;Химическая технология природных энергоносителей и углеродных материалов;Очная форма;Бакалавриат
1830;Обучается;3ХТб-2П;2;Факультет машиностроительных и химических технологий (ФМХТ);Кафедра «Химия и химические технологии» (ХиХТ);18.03.01;Химическая технология;Химическая технология природных энергоносителей и углеродных материалов;Очная форма;Бакалавриат
1831;Обучается;3ХТб-2П;2;Факультет машиностроительных и химических технологий (ФМХТ);Кафедра «Химия и химические технологии» (ХиХТ);18.03.01;Химическая технология;Химическая технология природных энергоносителей и углеродных материалов;Очная форма;Бакалавриат
1832;Обучается;3ХТб-2П;2;Факультет машиностроительных и химических технологий (ФМХТ);Кафедра «Химия и химические технологии» (ХиХТ);18.03.01;Химическая технология;Химическая технология природных энергоносителей и углеродных материалов;Очная форма;Бакалавриат
1833;Обучается;3ХТб-2П;2;Факультет машиностроительных и химических технологий (ФМХТ);Кафедра «Химия и химические технологии» (ХиХТ);18.03.01;Химическая технология;Химическая технология природных энергоносителей и углеродных материалов;Очная форма;Бакалавриат
1834;Обучается;3ХТб-2П;2;Факультет машиностроительных и химических технологий (ФМХТ);Кафедра «Химия и химические технологии» (ХиХТ);18.03.01;Химическая технология;Химическая технология природных энергоносителей и углеродных материалов;Очная форма;Бакалавриат
1835;Обучается;3ХТб-2П;2;Факультет машиностроительных и химических технологий (ФМХТ);Кафедра «Химия и химические технологии» (ХиХТ);18.03.01;Химическая технология;Химическая технология природных энергоносителей и углеродных материалов;Очная форма;Бакалавриат
1836;Обучается;3ХТб-2П;2;Факультет машиностроительных и химических технологий (ФМХТ);Кафедра «Химия и химические технологии» (ХиХТ);18.03.01;Химическая технология;Химическая технология природных энергоносителей и углеродных материалов;Очная форма;Бакалавриат
1837;Обучается;3ХТб-2П;2;Факультет машиностроительных и химических технологий (ФМХТ);Кафедра «Химия и химические технологии» (ХиХТ);18.03.01;Химическая технология;Химическая технология природных энергоносителей и углеродных материалов;Очная форма;Бакалавриат
1838;Обучается;3ХТб-3;2;Факультет машиностроительных и химических технологий (ФМХТ);Кафедра «Химия и химические технологии» (ХиХТ);18.03.01;Химическая технология;Химическая технология природных энергоносителей и углеродных материалов;Очная форма;Бакалавриат
1839;Обучается;3ХТб-3;2;Факультет машиностроительных и химических технологий (ФМХТ);Кафедра «Химия и химические технологии» (ХиХТ);18.03.01;Химическая технология;Химическая технология природных энергоносителей и углеродных материалов;Очная форма;Бакалавриат
1840;Обучается;3ХТб-3;2;Факультет машиностроительных и химических технологий (ФМХТ);Кафедра «Химия и химические технологии» (ХиХТ);18.03.01;Химическая технология;Химическая технология природных энергоносителей и углеродных материалов;Очная форма;Бакалавриат
1841;Обучается;3ХТб-3;2;Факультет машиностроительных и химических технологий (ФМХТ);Кафедра «Химия и химические технологии» (ХиХТ);18.03.01;Химическая технология;Химическая технология природных энергоносителей и углеродных материалов;Очная форма;Бакалавриат
1842;Обучается;3ХТб-3;2;Факультет машиностроительных и химических технологий (ФМХТ);Кафедра «Химия и химические технологии» (ХиХТ);18.03.01;Химическая технология;Химическая технология природных энергоносителей и углеродных материалов;Очная форма;Бакалавриат
1843;Обучается;3ХТб-3;2;Факультет машиностроительных и химических технологий (ФМХТ);Кафедра «Химия и химические технологии» (ХиХТ);18.03.01;Химическая технология;Химическая технология природных энергоносителей и углеродных материалов;Очная форма;Бакалавриат
1844;Обучается;3ХТб-3;2;Факультет машиностроительных и химических технологий (ФМХТ);Кафедра «Химия и химические технологии» (ХиХТ);18.03.01;Химическая технология;Химическая технология природных энергоносителей и углеродных материалов;Очная форма;Бакалавриат
1845;Обучается;3ХТб-3;2;Факультет машиностроительных и химических технологий (ФМХТ);Кафедра «Химия и химические технологии» (ХиХТ);18.03.01;Химическая технология;Химическая технология природных энергоносителей и углеродных материалов;Очная форма;Бакалавриат
1846;Обучается;2ХТб-1;3;Факультет машиностроительных и химических технологий (ФМХТ);Кафедра «Химия и химические технологии» (ХиХТ);18.03.01;Химическая технология;Технологии переработки полезных ископаемых и извлечения драгоценных металлов;Очная форма;Бакалавриат
1847;Обучается;2ХТб-1;3;Факультет машиностроительных и химических технологий (ФМХТ);Кафедра «Химия и химические технологии» (ХиХТ);18.03.01;Химическая технология;Технологии переработки полезных ископаемых и извлечения драгоценных металлов;Очная форма;Бакалавриат
1848;Обучается;2ХТб-1;3;Факультет машиностроительных и химических технологий (ФМХТ);Кафедра «Химия и химические технологии» (ХиХТ);18.03.01;Химическая технология;Технологии переработки полезных ископаемых и извлечения драгоценных металлов;Очная форма;Бакалавриат
1849;Обучается;2ХТб-1;3;Факультет машиностроительных и химических технологий (ФМХТ);Кафедра «Химия и химические технологии» (ХиХТ);18.03.01;Химическая технология;Технологии переработки полезных ископаемых и извлечения драгоценных металлов;Очная форма;Бакалавриат
1850;Обучается;2ХТб-1;3;Факультет машиностроительных и химических технологий (ФМХТ);Кафедра «Химия и химические технологии» (ХиХТ);18.03.01;Химическая технология;Технологии переработки полезных ископаемых и извлечения драгоценных металлов;Очная форма;Бакалавриат
1851;Обучается;2ХТб-1;3;Факультет машиностроительных и химических технологий (ФМХТ);Кафедра «Химия и химические технологии» (ХиХТ);18.03.01;Химическая технология;Технологии переработки полезных ископаемых и извлечения драгоценных металлов;Очная форма;Бакалавриат
1852;Обучается;2ХТб-2;3;Факультет машиностроительных и химических технологий (ФМХТ);Кафедра «Химия и химические технологии» (ХиХТ);18.03.01;Химическая технология;Химическая технология природных энергоносителей и углеродных материалов;Очная форма;Бакалавриат
1853;Обучается;2ХТб-2;3;Факультет машиностроительных и химических технологий (ФМХТ);Кафедра «Химия и химические технологии» (ХиХТ);18.03.01;Химическая технология;Химическая технология природных энергоносителей и углеродных материалов;Очная форма;Бакалавриат
1854;Обучается;2ХТб-2;3;Факультет машиностроительных и химических технологий (ФМХТ);Кафедра «Химия и химические технологии» (ХиХТ);18.03.01;Химическая технология;Химическая технология природных энергоносителей и углеродных материалов;Очная форма;Бакалавриат
1855;Обучается;2ХТб-2;3;Факультет машиностроительных и химических технологий (ФМХТ);Кафедра «Химия и химические технологии» (ХиХТ);18.03.01;Химическая технология;Химическая технология природных энергоносителей и углеродных материалов;Очная форма;Бакалавриат
1856;Академический отпуск;2ХТб-2;3;Факультет машиностроительных и химических технологий (ФМХТ);Кафедра «Химия и химические технологии» (ХиХТ);18.03.01;Химическая технология;Химическая технология природных энергоносителей и углеродных материалов;Очная форма;Бакалавриат
1857;Обучается;2ХТб-2;3;Факультет машиностроительных и химических технологий (ФМХТ);Кафедра «Химия и химические технологии» (ХиХТ);18.03.01;Химическая технология;Химическая технология природных энергоносителей и углеродных материалов;Очная форма;Бакалавриат
1858;Обучается;2ХТб-2;3;Факультет машиностроительных и химических технологий (ФМХТ);Кафедра «Химия и химические технологии» (ХиХТ);18.03.01;Химическая технология;Химическая технология природных энергоносителей и углеродных материалов;Очная форма;Бакалавриат
1859;Обучается;2ХТб-2;3;Факультет машиностроительных и химических технологий (ФМХТ);Кафедра «Химия и химические технологии» (ХиХТ);18.03.01;Химическая технология;Химическая технология природных энергоносителей и углеродных материалов;Очная форма;Бакалавриат
1860;Обучается;2ХТб-2;3;Факультет машиностроительных и химических технологий (ФМХТ);Кафедра «Химия и химические технологии» (ХиХТ);18.03.01;Химическая технология;Химическая технология природных энергоносителей и углеродных материалов;Очная форма;Бакалавриат
1861;Обучается;2ХТб-3П;3;Факультет машиностроительных и химических технологий (ФМХТ);Кафедра «Химия и химические технологии» (ХиХТ);18.03.01;Химическая технология;Технологии переработки полезных ископаемых и извлечения драгоценных металлов;Очная форма;Бакалавриат
1862;Обучается;2ХТб-3П;3;Факультет машиностроительных и химических технологий (ФМХТ);Кафедра «Химия и химические технологии» (ХиХТ);18.03.01;Химическая технология;Технологии переработки полезных ископаемых и извлечения драгоценных металлов;Очная форма;Бакалавриат
1863;Обучается;2ХТб-3П;3;Факультет машиностроительных и химических технологий (ФМХТ);Кафедра «Химия и химические технологии» (ХиХТ);18.03.01;Химическая технология;Технологии переработки полезных ископаемых и извлечения драгоценных металлов;Очная форма;Бакалавриат
1864;Обучается;2ХТб-3П;3;Факультет машиностроительных и химических технологий (ФМХТ);Кафедра «Химия и химические технологии» (ХиХТ);18.03.01;Химическая технология;Технологии переработки полезных ископаемых и извлечения драгоценных металлов;Очная форма;Бакалавриат
1865;Обучается;2ХТб-3П;3;Факультет машиностроительных и химических технологий (ФМХТ);Кафедра «Химия и химические технологии» (ХиХТ);18.03.01;Химическая технология;Технологии переработки полезных ископаемых и извлечения драгоценных металлов;Очная форма;Бакалавриат
1866;Обучается;2ХТб-3П;3;Факультет машиностроительных и химических технологий (ФМХТ);Кафедра «Химия и химические технологии» (ХиХТ);18.03.01;Химическая технология;Технологии переработки полезных ископаемых и извлечения драгоценных металлов;Очная форма;Бакалавриат
1867;Академический отпуск;2ХТб-3П;3;Факультет машиностроительных и химических технологий (ФМХТ);Кафедра «Химия и химические технологии» (ХиХТ);18.03.01;Химическая технология;Технологии переработки полезных ископаемых и извлечения драгоценных металлов;Очная форма;Бакалавриат
1868;Обучается;2ХТб-3П;3;Факультет машиностроительных и химических технологий (ФМХТ);Кафедра «Химия и химические технологии» (ХиХТ);18.03.01;Химическая технология;Технологии переработки полезных ископаемых и извлечения драгоценных металлов;Очная форма;Бакалавриат
1869;Обучается;2ХТб-4П;3;Факультет машиностроительных и химических технологий (ФМХТ);Кафедра «Химия и химические технологии» (ХиХТ);18.03.01;Химическая технология;Химическая технология природных энергоносителей и углеродных материалов;Очная форма;Бакалавриат
1870;Обучается;2ХТб-4П;3;Факультет машиностроительных и химических технологий (ФМХТ);Кафедра «Химия и химические технологии» (ХиХТ);18.03.01;Химическая технология;Химическая технология природных энергоносителей и углеродных материалов;Очная форма;Бакалавриат
1871;Обучается;2ХТб-4П;3;Факультет машиностроительных и химических технологий (ФМХТ);Кафедра «Химия и химические технологии» (ХиХТ);18.03.01;Химическая технология;Химическая технология природных энергоносителей и углеродных материалов;Очная форма;Бакалавриат
1872;Обучается;2ХТб-4П;3;Факультет машиностроительных и химических технологий (ФМХТ);Кафедра «Химия и химические технологии» (ХиХТ);18.03.01;Химическая технология;Химическая технология природных энергоносителей и углеродных материалов;Очная форма;Бакалавриат
1873;Обучается;2ХТб-4П;3;Факультет машиностроительных и химических технологий (ФМХТ);Кафедра «Химия и химические технологии» (ХиХТ);18.03.01;Химическая технология;Химическая технология природных энергоносителей и углеродных материалов;Очная форма;Бакалавриат
1874;Обучается;2ХТб-4П;3;Факультет машиностроительных и химических технологий (ФМХТ);Кафедра «Химия и химические технологии» (ХиХТ);18.03.01;Химическая технология;Химическая технология природных энергоносителей и углеродных материалов;Очная форма;Бакалавриат
1875;Обучается;2ХТб-4П;3;Факультет машиностроительных и химических технологий (ФМХТ);Кафедра «Химия и химические технологии» (ХиХТ);18.03.01;Химическая технология;Химическая технология природных энергоносителей и углеродных материалов;Очная форма;Бакалавриат
1876;Обучается;2ХТб-4П;3;Факультет машиностроительных и химических технологий (ФМХТ);Кафедра «Химия и химические технологии» (ХиХТ);18.03.01;Химическая технология;Химическая технология природных энергоносителей и углеродных материалов;Очная форма;Бакалавриат
1877;Обучается;2ХТб-4П;3;Факультет машиностроительных и химических технологий (ФМХТ);Кафедра «Химия и химические технологии» (ХиХТ);18.03.01;Химическая технология;Химическая технология природных энергоносителей и углеродных материалов;Очная форма;Бакалавриат
1878;Обучается;2ХТб-4П;3;Факультет машиностроительных и химических технологий (ФМХТ);Кафедра «Химия и химические технологии» (ХиХТ);18.03.01;Химическая технология;Химическая технология природных энергоносителей и углеродных материалов;Очная форма;Бакалавриат
1879;Обучается;2ХТб-4П;3;Факультет машиностроительных и химических технологий (ФМХТ);Кафедра «Химия и химические технологии» (ХиХТ);18.03.01;Химическая технология;Химическая технология природных энергоносителей и углеродных материалов;Очная форма;Бакалавриат
1880;Обучается;2ХТб-4П;3;Факультет машиностроительных и химических технологий (ФМХТ);Кафедра «Химия и химические технологии» (ХиХТ);18.03.01;Химическая технология;Химическая технология природных энергоносителей и углеродных материалов;Очная форма;Бакалавриат
1881;Обучается;2ХТб-4П;3;Факультет машиностроительных и химических технологий (ФМХТ);Кафедра «Химия и химические технологии» (ХиХТ);18.03.01;Химическая технология;Химическая технология природных энергоносителей и углеродных материалов;Очная форма;Бакалавриат
1882;Обучается;1ХТб-1П;4;Факультет машиностроительных и химических технологий (ФМХТ);Кафедра «Химия и химические технологии» (ХиХТ);18.03.01;Химическая технология;Технологии переработки полезных ископаемых и извлечения драгоценных металлов;Очная форма;Бакалавриат
1883;Академический отпуск;1ХТб-1П;4;Факультет машиностроительных и химических технологий (ФМХТ);Кафедра «Химия и химические технологии» (ХиХТ);18.03.01;Химическая технология;Технологии переработки полезных ископаемых и извлечения драгоценных металлов;Очная форма;Бакалавриат
1884;Обучается;1ХТб-1П;4;Факультет машиностроительных и химических технологий (ФМХТ);Кафедра «Химия и химические технологии» (ХиХТ);18.03.01;Химическая технология;Технологии переработки полезных ископаемых и извлечения драгоценных металлов;Очная форма;Бакалавриат
1885;Обучается;1ХТб-1П;4;Факультет машиностроительных и химических технологий (ФМХТ);Кафедра «Химия и химические технологии» (ХиХТ);18.03.01;Химическая технология;Технологии переработки полезных ископаемых и извлечения драгоценных металлов;Очная форма;Бакалавриат
1886;Академический отпуск;1ХТб-1П;4;Факультет машиностроительных и химических технологий (ФМХТ);Кафедра «Химия и химические технологии» (ХиХТ);18.03.01;Химическая технология;Технологии переработки полезных ископаемых и извлечения драгоценных металлов;Очная форма;Бакалавриат
1887;Обучается;1ХТб-1П;4;Факультет машиностроительных и химических технологий (ФМХТ);Кафедра «Химия и химические технологии» (ХиХТ);18.03.01;Химическая технология;Технологии переработки полезных ископаемых и извлечения драгоценных металлов;Очная форма;Бакалавриат
1888;Академический отпуск;1ХТб-1П;4;Факультет машиностроительных и химических технологий (ФМХТ);Кафедра «Химия и химические технологии» (ХиХТ);18.03.01;Химическая технология;Технологии переработки полезных ископаемых и извлечения драгоценных металлов;Очная форма;Бакалавриат
1889;Обучается;1ХТб-1П;4;Факультет машиностроительных и химических технологий (ФМХТ);Кафедра «Химия и химические технологии» (ХиХТ);18.03.01;Химическая технология;Технологии переработки полезных ископаемых и извлечения драгоценных металлов;Очная форма;Бакалавриат
1890;Обучается;1ХТб-1П;4;Факультет машиностроительных и химических технологий (ФМХТ);Кафедра «Химия и химические технологии» (ХиХТ);18.03.01;Химическая технология;Технологии переработки полезных ископаемых и извлечения драгоценных металлов;Очная форма;Бакалавриат
1891;Обучается;1ХТб-1П;4;Факультет машиностроительных и химических технологий (ФМХТ);Кафедра «Химия и химические технологии» (ХиХТ);18.03.01;Химическая технология;Технологии переработки полезных ископаемых и извлечения драгоценных металлов;Очная форма;Бакалавриат
1892;Обучается;1ХТб-2;4;Факультет машиностроительных и химических технологий (ФМХТ);Кафедра «Химия и химические технологии» (ХиХТ);18.03.01;Химическая технология;Химическая технология природных энергоносителей и углеродных материалов;Очная форма;Бакалавриат
1893;Обучается;1ХТб-2;4;Факультет машиностроительных и химических технологий (ФМХТ);Кафедра «Химия и химические технологии» (ХиХТ);18.03.01;Химическая технология;Химическая технология природных энергоносителей и углеродных материалов;Очная форма;Бакалавриат
1894;Обучается;1ХТб-2;4;Факультет машиностроительных и химических технологий (ФМХТ);Кафедра «Химия и химические технологии» (ХиХТ);18.03.01;Химическая технология;Химическая технология природных энергоносителей и углеродных материалов;Очная форма;Бакалавриат
1895;Академический отпуск;1ХТб-2;4;Факультет машиностроительных и химических технологий (ФМХТ);Кафедра «Химия и химические технологии» (ХиХТ);18.03.01;Химическая технология;Химическая технология природных энергоносителей и углеродных материалов;Очная форма;Бакалавриат
1896;Обучается;1ХТб-2;4;Факультет машиностроительных и химических технологий (ФМХТ);Кафедра «Химия и химические технологии» (ХиХТ);18.03.01;Химическая технология;Химическая технология природных энергоносителей и углеродных материалов;Очная форма;Бакалавриат
1897;Обучается;1ХТб-3;4;Факультет машиностроительных и химических технологий (ФМХТ);Кафедра «Химия и химические технологии» (ХиХТ);18.03.01;Химическая технология;Технологии переработки полезных ископаемых и извлечения драгоценных металлов;Очная форма;Бакалавриат
1898;Обучается;1ХТб-3;4;Факультет машиностроительных и химических технологий (ФМХТ);Кафедра «Химия и химические технологии» (ХиХТ);18.03.01;Химическая технология;Технологии переработки полезных ископаемых и извлечения драгоценных металлов;Очная форма;Бакалавриат
1899;Обучается;1ХТб-3;4;Факультет машиностроительных и химических технологий (ФМХТ);Кафедра «Химия и химические технологии» (ХиХТ);18.03.01;Химическая технология;Технологии переработки полезных ископаемых и извлечения драгоценных металлов;Очная форма;Бакалавриат
1900;Обучается;1ХТб-3;4;Факультет машиностроительных и химических технологий (ФМХТ);Кафедра «Химия и химические технологии» (ХиХТ);18.03.01;Химическая технология;Технологии переработки полезных ископаемых и извлечения драгоценных металлов;Очная форма;Бакалавриат
1901;Обучается;1ХТб-3;4;Факультет машиностроительных и химических технологий (ФМХТ);Кафедра «Химия и химические технологии» (ХиХТ);18.03.01;Химическая технология;Технологии переработки полезных ископаемых и извлечения драгоценных металлов;Очная форма;Бакалавриат
1902;Обучается;1ХТб-3;4;Факультет машиностроительных и химических технологий (ФМХТ);Кафедра «Химия и химические технологии» (ХиХТ);18.03.01;Химическая технология;Технологии переработки полезных ископаемых и извлечения драгоценных металлов;Очная форма;Бакалавриат
1903;Обучается;4ЭРб-1;1;Факультет энергетики и управления (ФЭУ);Кафедра «Промышленная электроника и инновационные технологии» (ПЭИТ);11.03.04;Электроника и наноэлектроника;Промышленная электроника;Очная форма;Бакалавриат
1904;Обучается;4ЭРб-1;1;Факультет энергетики и управления (ФЭУ);Кафедра «Промышленная электроника и инновационные технологии» (ПЭИТ);11.03.04;Электроника и наноэлектроника;Промышленная электроника;Очная форма;Бакалавриат
1905;Обучается;4ЭРб-1;1;Факультет энергетики и управления (ФЭУ);Кафедра «Промышленная электроника и инновационные технологии» (ПЭИТ);11.03.04;Электроника и наноэлектроника;Промышленная электроника;Очная форма;Бакалавриат
1906;Обучается;4ЭРб-1;1;Факультет энергетики и управления (ФЭУ);Кафедра «Промышленная электроника и инновационные технологии» (ПЭИТ);11.03.04;Электроника и наноэлектроника;Промышленная электроника;Очная форма;Бакалавриат
1907;Обучается;4ЭРб-1;1;Факультет энергетики и управления (ФЭУ);Кафедра «Промышленная электроника и инновационные технологии» (ПЭИТ);11.03.04;Электроника и наноэлектроника;Промышленная электроника;Очная форма;Бакалавриат
1908;Обучается;4ЭРб-1;1;Факультет энергетики и управления (ФЭУ);Кафедра «Промышленная электроника и инновационные технологии» (ПЭИТ);11.03.04;Электроника и наноэлектроника;Промышленная электроника;Очная форма;Бакалавриат
1909;Обучается;4ЭРб-1;1;Факультет энергетики и управления (ФЭУ);Кафедра «Промышленная электроника и инновационные технологии» (ПЭИТ);11.03.04;Электроника и наноэлектроника;Промышленная электроника;Очная форма;Бакалавриат
1910;Обучается;4ЭРб-1;1;Факультет энергетики и управления (ФЭУ);Кафедра «Промышленная электроника и инновационные технологии» (ПЭИТ);11.03.04;Электроника и наноэлектроника;Промышленная электроника;Очная форма;Бакалавриат
1911;Обучается;4ЭРб-1;1;Факультет энергетики и управления (ФЭУ);Кафедра «Промышленная электроника и инновационные технологии» (ПЭИТ);11.03.04;Электроника и наноэлектроника;Промышленная электроника;Очная форма;Бакалавриат
1912;Академический отпуск;4ЭРб-1;1;Факультет энергетики и управления (ФЭУ);Кафедра «Промышленная электроника и инновационные технологии» (ПЭИТ);11.03.04;Электроника и наноэлектроника;Промышленная электроника;Очная форма;Бакалавриат
1913;Обучается;4ЭРб-1;1;Факультет энергетики и управления (ФЭУ);Кафедра «Промышленная электроника и инновационные технологии» (ПЭИТ);11.03.04;Электроника и наноэлектроника;Промышленная электроника;Очная форма;Бакалавриат
1914;Обучается;4ЭРб-1;1;Факультет энергетики и управления (ФЭУ);Кафедра «Промышленная электроника и инновационные технологии» (ПЭИТ);11.03.04;Электроника и наноэлектроника;Промышленная электроника;Очная форма;Бакалавриат
1915;Обучается;4ЭРб-1;1;Факультет энергетики и управления (ФЭУ);Кафедра «Промышленная электроника и инновационные технологии» (ПЭИТ);11.03.04;Электроника и наноэлектроника;Промышленная электроника;Очная форма;Бакалавриат
1916;Обучается;4ЭРб-1;1;Факультет энергетики и управления (ФЭУ);Кафедра «Промышленная электроника и инновационные технологии» (ПЭИТ);11.03.04;Электроника и наноэлектроника;Промышленная электроника;Очная форма;Бакалавриат
1917;Обучается;4ЭРб-1;1;Факультет энергетики и управления (ФЭУ);Кафедра «Промышленная электроника и инновационные технологии» (ПЭИТ);11.03.04;Электроника и наноэлектроника;Промышленная электроника;Очная форма;Бакалавриат
1918;Академический отпуск;4ЭРб-2П;1;Факультет энергетики и управления (ФЭУ);Кафедра «Промышленная электроника и инновационные технологии» (ПЭИТ);11.03.04;Электроника и наноэлектроника;Разработка и эксплуатация радиоэлектронных систем;Очная форма;Бакалавриат
1919;Обучается;4ЭРб-2П;1;Факультет энергетики и управления (ФЭУ);Кафедра «Промышленная электроника и инновационные технологии» (ПЭИТ);11.03.04;Электроника и наноэлектроника;Разработка и эксплуатация радиоэлектронных систем;Очная форма;Бакалавриат
1920;Академический отпуск;4ЭРб-2П;1;Факультет энергетики и управления (ФЭУ);Кафедра «Промышленная электроника и инновационные технологии» (ПЭИТ);11.03.04;Электроника и наноэлектроника;Разработка и эксплуатация радиоэлектронных систем;Очная форма;Бакалавриат
1921;Обучается;4ЭРб-2П;1;Факультет энергетики и управления (ФЭУ);Кафедра «Промышленная электроника и инновационные технологии» (ПЭИТ);11.03.04;Электроника и наноэлектроника;Разработка и эксплуатация радиоэлектронных систем;Очная форма;Бакалавриат
1922;Академический отпуск;4ЭРб-2П;1;Факультет энергетики и управления (ФЭУ);Кафедра «Промышленная электроника и инновационные технологии» (ПЭИТ);11.03.04;Электроника и наноэлектроника;Разработка и эксплуатация радиоэлектронных систем;Очная форма;Бакалавриат
1923;Обучается;4ЭРб-2П;1;Факультет энергетики и управления (ФЭУ);Кафедра «Промышленная электроника и инновационные технологии» (ПЭИТ);11.03.04;Электроника и наноэлектроника;Разработка и эксплуатация радиоэлектронных систем;Очная форма;Бакалавриат
1924;Обучается;4ЭРб-2П;1;Факультет энергетики и управления (ФЭУ);Кафедра «Промышленная электроника и инновационные технологии» (ПЭИТ);11.03.04;Электроника и наноэлектроника;Разработка и эксплуатация радиоэлектронных систем;Очная форма;Бакалавриат
1925;Обучается;4ЭРб-2П;1;Факультет энергетики и управления (ФЭУ);Кафедра «Промышленная электроника и инновационные технологии» (ПЭИТ);11.03.04;Электроника и наноэлектроника;Разработка и эксплуатация радиоэлектронных систем;Очная форма;Бакалавриат
1926;Академический отпуск;4ЭРб-2П;1;Факультет энергетики и управления (ФЭУ);Кафедра «Промышленная электроника и инновационные технологии» (ПЭИТ);11.03.04;Электроника и наноэлектроника;Разработка и эксплуатация радиоэлектронных систем;Очная форма;Бакалавриат
1927;Обучается;4ЭРб-2П;1;Факультет энергетики и управления (ФЭУ);Кафедра «Промышленная электроника и инновационные технологии» (ПЭИТ);11.03.04;Электроника и наноэлектроника;Разработка и эксплуатация радиоэлектронных систем;Очная форма;Бакалавриат
1928;Обучается;4ЭРб-2П;1;Факультет энергетики и управления (ФЭУ);Кафедра «Промышленная электроника и инновационные технологии» (ПЭИТ);11.03.04;Электроника и наноэлектроника;Разработка и эксплуатация радиоэлектронных систем;Очная форма;Бакалавриат
1929;Обучается;4ЭРб-2П;1;Факультет энергетики и управления (ФЭУ);Кафедра «Промышленная электроника и инновационные технологии» (ПЭИТ);11.03.04;Электроника и наноэлектроника;Разработка и эксплуатация радиоэлектронных систем;Очная форма;Бакалавриат
1930;Обучается;4ЭРб-2П;1;Факультет энергетики и управления (ФЭУ);Кафедра «Промышленная электроника и инновационные технологии» (ПЭИТ);11.03.04;Электроника и наноэлектроника;Разработка и эксплуатация радиоэлектронных систем;Очная форма;Бакалавриат
1931;Обучается;4ЭРб-2П;1;Факультет энергетики и управления (ФЭУ);Кафедра «Промышленная электроника и инновационные технологии» (ПЭИТ);11.03.04;Электроника и наноэлектроника;Разработка и эксплуатация радиоэлектронных систем;Очная форма;Бакалавриат
1932;Обучается;4ЭРб-2П;1;Факультет энергетики и управления (ФЭУ);Кафедра «Промышленная электроника и инновационные технологии» (ПЭИТ);11.03.04;Электроника и наноэлектроника;Разработка и эксплуатация радиоэлектронных систем;Очная форма;Бакалавриат
1933;Обучается;4ЭРб-2П;1;Факультет энергетики и управления (ФЭУ);Кафедра «Промышленная электроника и инновационные технологии» (ПЭИТ);11.03.04;Электроника и наноэлектроника;Разработка и эксплуатация радиоэлектронных систем;Очная форма;Бакалавриат
1934;Обучается;4ЭРб-2П;1;Факультет энергетики и управления (ФЭУ);Кафедра «Промышленная электроника и инновационные технологии» (ПЭИТ);11.03.04;Электроника и наноэлектроника;Разработка и эксплуатация радиоэлектронных систем;Очная форма;Бакалавриат
1935;Обучается;4ЭРб-2П;1;Факультет энергетики и управления (ФЭУ);Кафедра «Промышленная электроника и инновационные технологии» (ПЭИТ);11.03.04;Электроника и наноэлектроника;Разработка и эксплуатация радиоэлектронных систем;Очная форма;Бакалавриат
1936;Обучается;4ЭРб-2П;1;Факультет энергетики и управления (ФЭУ);Кафедра «Промышленная электроника и инновационные технологии» (ПЭИТ);11.03.04;Электроника и наноэлектроника;Разработка и эксплуатация радиоэлектронных систем;Очная форма;Бакалавриат
1937;Обучается;4ЭРб-2П;1;Факультет энергетики и управления (ФЭУ);Кафедра «Промышленная электроника и инновационные технологии» (ПЭИТ);11.03.04;Электроника и наноэлектроника;Разработка и эксплуатация радиоэлектронных систем;Очная форма;Бакалавриат
1938;Обучается;4ЭРб-2П;1;Факультет энергетики и управления (ФЭУ);Кафедра «Промышленная электроника и инновационные технологии» (ПЭИТ);11.03.04;Электроника и наноэлектроника;Разработка и эксплуатация радиоэлектронных систем;Очная форма;Бакалавриат
1939;Обучается;4ЭРб-2П;1;Факультет энергетики и управления (ФЭУ);Кафедра «Промышленная электроника и инновационные технологии» (ПЭИТ);11.03.04;Электроника и наноэлектроника;Разработка и эксплуатация радиоэлектронных систем;Очная форма;Бакалавриат
1940;Обучается;4ЭРб-2П;1;Факультет энергетики и управления (ФЭУ);Кафедра «Промышленная электроника и инновационные технологии» (ПЭИТ);11.03.04;Электроника и наноэлектроника;Разработка и эксплуатация радиоэлектронных систем;Очная форма;Бакалавриат
1941;Обучается;4ЭРб-3П;1;Факультет энергетики и управления (ФЭУ);Кафедра «Промышленная электроника и инновационные технологии» (ПЭИТ);11.03.04;Электроника и наноэлектроника;Промышленная электроника;Очная форма;Бакалавриат
1942;Обучается;4ЭРб-3П;1;Факультет энергетики и управления (ФЭУ);Кафедра «Промышленная электроника и инновационные технологии» (ПЭИТ);11.03.04;Электроника и наноэлектроника;Промышленная электроника;Очная форма;Бакалавриат
1943;Обучается;4ЭРб-3П;1;Факультет энергетики и управления (ФЭУ);Кафедра «Промышленная электроника и инновационные технологии» (ПЭИТ);11.03.04;Электроника и наноэлектроника;Промышленная электроника;Очная форма;Бакалавриат
1944;Обучается;4ЭРб-3П;1;Факультет энергетики и управления (ФЭУ);Кафедра «Промышленная электроника и инновационные технологии» (ПЭИТ);11.03.04;Электроника и наноэлектроника;Промышленная электроника;Очная форма;Бакалавриат
1945;Обучается;4ЭРб-3П;1;Факультет энергетики и управления (ФЭУ);Кафедра «Промышленная электроника и инновационные технологии» (ПЭИТ);11.03.04;Электроника и наноэлектроника;Промышленная электроника;Очная форма;Бакалавриат
1946;Обучается;3ПЭб-1;2;Факультет энергетики и управления (ФЭУ);Кафедра «Промышленная электроника и инновационные технологии» (ПЭИТ);11.03.04;Электроника и наноэлектроника;Промышленная электроника;Очная форма;Бакалавриат
1947;Обучается;3ПЭб-1;2;Факультет энергетики и управления (ФЭУ);Кафедра «Промышленная электроника и инновационные технологии» (ПЭИТ);11.03.04;Электроника и наноэлектроника;Промышленная электроника;Очная форма;Бакалавриат
1948;Академический отпуск;3ПЭб-1;2;Факультет энергетики и управления (ФЭУ);Кафедра «Промышленная электроника и инновационные технологии» (ПЭИТ);11.03.04;Электроника и наноэлектроника;Промышленная электроника;Очная форма;Бакалавриат
1949;Обучается;3ПЭб-1;2;Факультет энергетики и управления (ФЭУ);Кафедра «Промышленная электроника и инновационные технологии» (ПЭИТ);11.03.04;Электроника и наноэлектроника;Промышленная электроника;Очная форма;Бакалавриат
1950;Обучается;3ПЭб-1;2;Факультет энергетики и управления (ФЭУ);Кафедра «Промышленная электроника и инновационные технологии» (ПЭИТ);11.03.04;Электроника и наноэлектроника;Промышленная электроника;Очная форма;Бакалавриат
1951;Обучается;3ПЭб-1;2;Факультет энергетики и управления (ФЭУ);Кафедра «Промышленная электроника и инновационные технологии» (ПЭИТ);11.03.04;Электроника и наноэлектроника;Промышленная электроника;Очная форма;Бакалавриат
1952;Обучается;3ПЭб-1;2;Факультет энергетики и управления (ФЭУ);Кафедра «Промышленная электроника и инновационные технологии» (ПЭИТ);11.03.04;Электроника и наноэлектроника;Промышленная электроника;Очная форма;Бакалавриат
1953;Обучается;3ПЭб-1;2;Факультет энергетики и управления (ФЭУ);Кафедра «Промышленная электроника и инновационные технологии» (ПЭИТ);11.03.04;Электроника и наноэлектроника;Промышленная электроника;Очная форма;Бакалавриат
1954;Обучается;3ПЭб-1;2;Факультет энергетики и управления (ФЭУ);Кафедра «Промышленная электроника и инновационные технологии» (ПЭИТ);11.03.04;Электроника и наноэлектроника;Промышленная электроника;Очная форма;Бакалавриат
1955;Обучается;3ПЭб-1;2;Факультет энергетики и управления (ФЭУ);Кафедра «Промышленная электроника и инновационные технологии» (ПЭИТ);11.03.04;Электроника и наноэлектроника;Промышленная электроника;Очная форма;Бакалавриат
1956;Обучается;3ПЭб-1;2;Факультет энергетики и управления (ФЭУ);Кафедра «Промышленная электроника и инновационные технологии» (ПЭИТ);11.03.04;Электроника и наноэлектроника;Промышленная электроника;Очная форма;Бакалавриат
1957;Обучается;3ПЭб-1;2;Факультет энергетики и управления (ФЭУ);Кафедра «Промышленная электроника и инновационные технологии» (ПЭИТ);11.03.04;Электроника и наноэлектроника;Промышленная электроника;Очная форма;Бакалавриат
1958;Академический отпуск;3ПЭб-1;2;Факультет энергетики и управления (ФЭУ);Кафедра «Промышленная электроника и инновационные технологии» (ПЭИТ);11.03.04;Электроника и наноэлектроника;Промышленная электроника;Очная форма;Бакалавриат
1959;Обучается;3ПЭб-1;2;Факультет энергетики и управления (ФЭУ);Кафедра «Промышленная электроника и инновационные технологии» (ПЭИТ);11.03.04;Электроника и наноэлектроника;Промышленная электроника;Очная форма;Бакалавриат
1960;Обучается;4ПЭб-2К;2;Факультет энергетики и управления (ФЭУ);Кафедра «Промышленная электроника и инновационные технологии» (ПЭИТ);11.03.04;Электроника и наноэлектроника;Проектирование электронных устройств;Очная форма;Бакалавриат
1961;Обучается;4ПЭб-2К;2;Факультет энергетики и управления (ФЭУ);Кафедра «Промышленная электроника и инновационные технологии» (ПЭИТ);11.03.04;Электроника и наноэлектроника;Проектирование электронных устройств;Очная форма;Бакалавриат
1962;Обучается;4ПЭб-2К;2;Факультет энергетики и управления (ФЭУ);Кафедра «Промышленная электроника и инновационные технологии» (ПЭИТ);11.03.04;Электроника и наноэлектроника;Проектирование электронных устройств;Очная форма;Бакалавриат
1963;Обучается;4ПЭб-2К;2;Факультет энергетики и управления (ФЭУ);Кафедра «Промышленная электроника и инновационные технологии» (ПЭИТ);11.03.04;Электроника и наноэлектроника;Проектирование электронных устройств;Очная форма;Бакалавриат
1964;Обучается;4ПЭб-2К;2;Факультет энергетики и управления (ФЭУ);Кафедра «Промышленная электроника и инновационные технологии» (ПЭИТ);11.03.04;Электроника и наноэлектроника;Проектирование электронных устройств;Очная форма;Бакалавриат
1965;Обучается;4ПЭб-2К;2;Факультет энергетики и управления (ФЭУ);Кафедра «Промышленная электроника и инновационные технологии» (ПЭИТ);11.03.04;Электроника и наноэлектроника;Проектирование электронных устройств;Очная форма;Бакалавриат
1966;Обучается;4ПЭб-2К;2;Факультет энергетики и управления (ФЭУ);Кафедра «Промышленная электроника и инновационные технологии» (ПЭИТ);11.03.04;Электроника и наноэлектроника;Проектирование электронных устройств;Очная форма;Бакалавриат
1967;Обучается;4ПЭб-2К;2;Факультет энергетики и управления (ФЭУ);Кафедра «Промышленная электроника и инновационные технологии» (ПЭИТ);11.03.04;Электроника и наноэлектроника;Проектирование электронных устройств;Очная форма;Бакалавриат
1968;Обучается;4ПЭб-2К;2;Факультет энергетики и управления (ФЭУ);Кафедра «Промышленная электроника и инновационные технологии» (ПЭИТ);11.03.04;Электроника и наноэлектроника;Проектирование электронных устройств;Очная форма;Бакалавриат
1969;Обучается;4ПЭб-2К;2;Факультет энергетики и управления (ФЭУ);Кафедра «Промышленная электроника и инновационные технологии» (ПЭИТ);11.03.04;Электроника и наноэлектроника;Проектирование электронных устройств;Очная форма;Бакалавриат
1970;Обучается;4ПЭб-2К;2;Факультет энергетики и управления (ФЭУ);Кафедра «Промышленная электроника и инновационные технологии» (ПЭИТ);11.03.04;Электроника и наноэлектроника;Проектирование электронных устройств;Очная форма;Бакалавриат
1971;Обучается;4ПЭб-2К;2;Факультет энергетики и управления (ФЭУ);Кафедра «Промышленная электроника и инновационные технологии» (ПЭИТ);11.03.04;Электроника и наноэлектроника;Проектирование электронных устройств;Очная форма;Бакалавриат
1972;Обучается;4ПЭб-2К;2;Факультет энергетики и управления (ФЭУ);Кафедра «Промышленная электроника и инновационные технологии» (ПЭИТ);11.03.04;Электроника и наноэлектроника;Проектирование электронных устройств;Очная форма;Бакалавриат
1973;Обучается;4ПЭб-2К;2;Факультет энергетики и управления (ФЭУ);Кафедра «Промышленная электроника и инновационные технологии» (ПЭИТ);11.03.04;Электроника и наноэлектроника;Проектирование электронных устройств;Очная форма;Бакалавриат
1974;Обучается;4ПЭб-2К;2;Факультет энергетики и управления (ФЭУ);Кафедра «Промышленная электроника и инновационные технологии» (ПЭИТ);11.03.04;Электроника и наноэлектроника;Проектирование электронных устройств;Очная форма;Бакалавриат
1975;Обучается;4ПЭб-2К;2;Факультет энергетики и управления (ФЭУ);Кафедра «Промышленная электроника и инновационные технологии» (ПЭИТ);11.03.04;Электроника и наноэлектроника;Проектирование электронных устройств;Очная форма;Бакалавриат
1976;Обучается;4ПЭб-2К;2;Факультет энергетики и управления (ФЭУ);Кафедра «Промышленная электроника и инновационные технологии» (ПЭИТ);11.03.04;Электроника и наноэлектроника;Проектирование электронных устройств;Очная форма;Бакалавриат
1977;Обучается;4ПЭб-2К;2;Факультет энергетики и управления (ФЭУ);Кафедра «Промышленная электроника и инновационные технологии» (ПЭИТ);11.03.04;Электроника и наноэлектроника;Проектирование электронных устройств;Очная форма;Бакалавриат
1978;Обучается;4ПЭб-2К;2;Факультет энергетики и управления (ФЭУ);Кафедра «Промышленная электроника и инновационные технологии» (ПЭИТ);11.03.04;Электроника и наноэлектроника;Проектирование электронных устройств;Очная форма;Бакалавриат
1979;Обучается;4ПЭб-2К;2;Факультет энергетики и управления (ФЭУ);Кафедра «Промышленная электроника и инновационные технологии» (ПЭИТ);11.03.04;Электроника и наноэлектроника;Проектирование электронных устройств;Очная форма;Бакалавриат
1980;Обучается;4ПЭб-2К;2;Факультет энергетики и управления (ФЭУ);Кафедра «Промышленная электроника и инновационные технологии» (ПЭИТ);11.03.04;Электроника и наноэлектроника;Проектирование электронных устройств;Очная форма;Бакалавриат
1981;Обучается;4ПЭб-2К;2;Факультет энергетики и управления (ФЭУ);Кафедра «Промышленная электроника и инновационные технологии» (ПЭИТ);11.03.04;Электроника и наноэлектроника;Проектирование электронных устройств;Очная форма;Бакалавриат
1982;Обучается;4ПЭб-2К;2;Факультет энергетики и управления (ФЭУ);Кафедра «Промышленная электроника и инновационные технологии» (ПЭИТ);11.03.04;Электроника и наноэлектроника;Проектирование электронных устройств;Очная форма;Бакалавриат
1983;Обучается;4ПЭб-2К;2;Факультет энергетики и управления (ФЭУ);Кафедра «Промышленная электроника и инновационные технологии» (ПЭИТ);11.03.04;Электроника и наноэлектроника;Проектирование электронных устройств;Очная форма;Бакалавриат
1984;Обучается;4ПЭб-2К;2;Факультет энергетики и управления (ФЭУ);Кафедра «Промышленная электроника и инновационные технологии» (ПЭИТ);11.03.04;Электроника и наноэлектроника;Проектирование электронных устройств;Очная форма;Бакалавриат
1985;Обучается;4ПЭб-2К;2;Факультет энергетики и управления (ФЭУ);Кафедра «Промышленная электроника и инновационные технологии» (ПЭИТ);11.03.04;Электроника и наноэлектроника;Проектирование электронных устройств;Очная форма;Бакалавриат
1986;Обучается;4ПЭб-2К;2;Факультет энергетики и управления (ФЭУ);Кафедра «Промышленная электроника и инновационные технологии» (ПЭИТ);11.03.04;Электроника и наноэлектроника;Проектирование электронных устройств;Очная форма;Бакалавриат
1987;Обучается;4ПЭб-2К;2;Факультет энергетики и управления (ФЭУ);Кафедра «Промышленная электроника и инновационные технологии» (ПЭИТ);11.03.04;Электроника и наноэлектроника;Проектирование электронных устройств;Очная форма;Бакалавриат
1988;Обучается;4ПЭб-2К;2;Факультет энергетики и управления (ФЭУ);Кафедра «Промышленная электроника и инновационные технологии» (ПЭИТ);11.03.04;Электроника и наноэлектроника;Проектирование электронных устройств;Очная форма;Бакалавриат
1989;Обучается;4ПЭб-2К;2;Факультет энергетики и управления (ФЭУ);Кафедра «Промышленная электроника и инновационные технологии» (ПЭИТ);11.03.04;Электроника и наноэлектроника;Проектирование электронных устройств;Очная форма;Бакалавриат
1990;Обучается;4ПЭб-2К;2;Факультет энергетики и управления (ФЭУ);Кафедра «Промышленная электроника и инновационные технологии» (ПЭИТ);11.03.04;Электроника и наноэлектроника;Проектирование электронных устройств;Очная форма;Бакалавриат
1991;Обучается;4ПЭб-2К;2;Факультет энергетики и управления (ФЭУ);Кафедра «Промышленная электроника и инновационные технологии» (ПЭИТ);11.03.04;Электроника и наноэлектроника;Проектирование электронных устройств;Очная форма;Бакалавриат
1992;Обучается;4ПЭб-2К;2;Факультет энергетики и управления (ФЭУ);Кафедра «Промышленная электроника и инновационные технологии» (ПЭИТ);11.03.04;Электроника и наноэлектроника;Проектирование электронных устройств;Очная форма;Бакалавриат
1993;Академический отпуск;2ЭРб-2П;3;Факультет энергетики и управления (ФЭУ);Кафедра «Промышленная электроника и инновационные технологии» (ПЭИТ);11.03.04;Электроника и наноэлектроника;Промышленная электроника;Очная форма;Бакалавриат
1994;Обучается;2ЭРб-2П;3;Факультет энергетики и управления (ФЭУ);Кафедра «Промышленная электроника и инновационные технологии» (ПЭИТ);11.03.04;Электроника и наноэлектроника;Промышленная электроника;Очная форма;Бакалавриат
1995;Обучается;2ЭРб-2П;3;Факультет энергетики и управления (ФЭУ);Кафедра «Промышленная электроника и инновационные технологии» (ПЭИТ);11.03.04;Электроника и наноэлектроника;Промышленная электроника;Очная форма;Бакалавриат
1996;Обучается;2ЭРб-2П;3;Факультет энергетики и управления (ФЭУ);Кафедра «Промышленная электроника и инновационные технологии» (ПЭИТ);11.03.04;Электроника и наноэлектроника;Промышленная электроника;Очная форма;Бакалавриат
1997;Обучается;2ЭРб-2П;3;Факультет энергетики и управления (ФЭУ);Кафедра «Промышленная электроника и инновационные технологии» (ПЭИТ);11.03.04;Электроника и наноэлектроника;Промышленная электроника;Очная форма;Бакалавриат
1998;Обучается;2ЭРб-2П;3;Факультет энергетики и управления (ФЭУ);Кафедра «Промышленная электроника и инновационные технологии» (ПЭИТ);11.03.04;Электроника и наноэлектроника;Промышленная электроника;Очная форма;Бакалавриат
1999;Обучается;2ЭРб-2П;3;Факультет энергетики и управления (ФЭУ);Кафедра «Промышленная электроника и инновационные технологии» (ПЭИТ);11.03.04;Электроника и наноэлектроника;Промышленная электроника;Очная форма;Бакалавриат
2000;Обучается;2ЭРб-2П;3;Факультет энергетики и управления (ФЭУ);Кафедра «Промышленная электроника и инновационные технологии» (ПЭИТ);11.03.04;Электроника и наноэлектроника;Промышленная электроника;Очная форма;Бакалавриат
2001;Обучается;2ЭРб-2П;3;Факультет энергетики и управления (ФЭУ);Кафедра «Промышленная электроника и инновационные технологии» (ПЭИТ);11.03.04;Электроника и наноэлектроника;Промышленная электроника;Очная форма;Бакалавриат
2002;Обучается;2ЭРб-2П;3;Факультет энергетики и управления (ФЭУ);Кафедра «Промышленная электроника и инновационные технологии» (ПЭИТ);11.03.04;Электроника и наноэлектроника;Промышленная электроника;Очная форма;Бакалавриат
2003;Обучается;2ЭРб-2П;3;Факультет энергетики и управления (ФЭУ);Кафедра «Промышленная электроника и инновационные технологии» (ПЭИТ);11.03.04;Электроника и наноэлектроника;Промышленная электроника;Очная форма;Бакалавриат
2004;Академический отпуск;2ЭРб-2П;3;Факультет энергетики и управления (ФЭУ);Кафедра «Промышленная электроника и инновационные технологии» (ПЭИТ);11.03.04;Электроника и наноэлектроника;Промышленная электроника;Очная форма;Бакалавриат
2005;Обучается;3ПЭб-2К;3;Факультет энергетики и управления (ФЭУ);Кафедра «Промышленная электроника и инновационные технологии» (ПЭИТ);11.03.04;Электроника и наноэлектроника;Проектирование электронных устройств;Очная форма;Бакалавриат
2006;Обучается;3ПЭб-2К;3;Факультет энергетики и управления (ФЭУ);Кафедра «Промышленная электроника и инновационные технологии» (ПЭИТ);11.03.04;Электроника и наноэлектроника;Проектирование электронных устройств;Очная форма;Бакалавриат
2007;Обучается;3ПЭб-2К;3;Факультет энергетики и управления (ФЭУ);Кафедра «Промышленная электроника и инновационные технологии» (ПЭИТ);11.03.04;Электроника и наноэлектроника;Проектирование электронных устройств;Очная форма;Бакалавриат
2008;Обучается;3ПЭб-2К;3;Факультет энергетики и управления (ФЭУ);Кафедра «Промышленная электроника и инновационные технологии» (ПЭИТ);11.03.04;Электроника и наноэлектроника;Проектирование электронных устройств;Очная форма;Бакалавриат
2009;Обучается;3ПЭб-2К;3;Факультет энергетики и управления (ФЭУ);Кафедра «Промышленная электроника и инновационные технологии» (ПЭИТ);11.03.04;Электроника и наноэлектроника;Проектирование электронных устройств;Очная форма;Бакалавриат
2010;Обучается;3ПЭб-2К;3;Факультет энергетики и управления (ФЭУ);Кафедра «Промышленная электроника и инновационные технологии» (ПЭИТ);11.03.04;Электроника и наноэлектроника;Проектирование электронных устройств;Очная форма;Бакалавриат
2011;Обучается;3ПЭб-2К;3;Факультет энергетики и управления (ФЭУ);Кафедра «Промышленная электроника и инновационные технологии» (ПЭИТ);11.03.04;Электроника и наноэлектроника;Проектирование электронных устройств;Очная форма;Бакалавриат
2012;Обучается;3ПЭб-2К;3;Факультет энергетики и управления (ФЭУ);Кафедра «Промышленная электроника и инновационные технологии» (ПЭИТ);11.03.04;Электроника и наноэлектроника;Проектирование электронных устройств;Очная форма;Бакалавриат
2013;Обучается;3ПЭб-2К;3;Факультет энергетики и управления (ФЭУ);Кафедра «Промышленная электроника и инновационные технологии» (ПЭИТ);11.03.04;Электроника и наноэлектроника;Проектирование электронных устройств;Очная форма;Бакалавриат
2014;Обучается;3ПЭб-2К;3;Факультет энергетики и управления (ФЭУ);Кафедра «Промышленная электроника и инновационные технологии» (ПЭИТ);11.03.04;Электроника и наноэлектроника;Проектирование электронных устройств;Очная форма;Бакалавриат
2015;Обучается;3ПЭб-2К;3;Факультет энергетики и управления (ФЭУ);Кафедра «Промышленная электроника и инновационные технологии» (ПЭИТ);11.03.04;Электроника и наноэлектроника;Проектирование электронных устройств;Очная форма;Бакалавриат
2016;Обучается;3ПЭб-2К;3;Факультет энергетики и управления (ФЭУ);Кафедра «Промышленная электроника и инновационные технологии» (ПЭИТ);11.03.04;Электроника и наноэлектроника;Проектирование электронных устройств;Очная форма;Бакалавриат
2017;Обучается;3ПЭб-2К;3;Факультет энергетики и управления (ФЭУ);Кафедра «Промышленная электроника и инновационные технологии» (ПЭИТ);11.03.04;Электроника и наноэлектроника;Проектирование электронных устройств;Очная форма;Бакалавриат
2018;Обучается;3ПЭб-2К;3;Факультет энергетики и управления (ФЭУ);Кафедра «Промышленная электроника и инновационные технологии» (ПЭИТ);11.03.04;Электроника и наноэлектроника;Проектирование электронных устройств;Очная форма;Бакалавриат
2019;Обучается;3ПЭб-2К;3;Факультет энергетики и управления (ФЭУ);Кафедра «Промышленная электроника и инновационные технологии» (ПЭИТ);11.03.04;Электроника и наноэлектроника;Проектирование электронных устройств;Очная форма;Бакалавриат
2020;Обучается;3ПЭб-2К;3;Факультет энергетики и управления (ФЭУ);Кафедра «Промышленная электроника и инновационные технологии» (ПЭИТ);11.03.04;Электроника и наноэлектроника;Проектирование электронных устройств;Очная форма;Бакалавриат
2021;Обучается;3ПЭб-2К;3;Факультет энергетики и управления (ФЭУ);Кафедра «Промышленная электроника и инновационные технологии» (ПЭИТ);11.03.04;Электроника и наноэлектроника;Проектирование электронных устройств;Очная форма;Бакалавриат
2022;Обучается;3ПЭб-2К;3;Факультет энергетики и управления (ФЭУ);Кафедра «Промышленная электроника и инновационные технологии» (ПЭИТ);11.03.04;Электроника и наноэлектроника;Проектирование электронных устройств;Очная форма;Бакалавриат
2023;Обучается;3ПЭб-2К;3;Факультет энергетики и управления (ФЭУ);Кафедра «Промышленная электроника и инновационные технологии» (ПЭИТ);11.03.04;Электроника и наноэлектроника;Проектирование электронных устройств;Очная форма;Бакалавриат
2024;Обучается;3ПЭб-2К;3;Факультет энергетики и управления (ФЭУ);Кафедра «Промышленная электроника и инновационные технологии» (ПЭИТ);11.03.04;Электроника и наноэлектроника;Проектирование электронных устройств;Очная форма;Бакалавриат
2025;Обучается;3ПЭб-2К;3;Факультет энергетики и управления (ФЭУ);Кафедра «Промышленная электроника и инновационные технологии» (ПЭИТ);11.03.04;Электроника и наноэлектроника;Проектирование электронных устройств;Очная форма;Бакалавриат
2026;Обучается;3ПЭб-2К;3;Факультет энергетики и управления (ФЭУ);Кафедра «Промышленная электроника и инновационные технологии» (ПЭИТ);11.03.04;Электроника и наноэлектроника;Проектирование электронных устройств;Очная форма;Бакалавриат
2027;Обучается;3ПЭб-2К;3;Факультет энергетики и управления (ФЭУ);Кафедра «Промышленная электроника и инновационные технологии» (ПЭИТ);11.03.04;Электроника и наноэлектроника;Проектирование электронных устройств;Очная форма;Бакалавриат
2028;Обучается;3ПЭб-2К;3;Факультет энергетики и управления (ФЭУ);Кафедра «Промышленная электроника и инновационные технологии» (ПЭИТ);11.03.04;Электроника и наноэлектроника;Проектирование электронных устройств;Очная форма;Бакалавриат
2029;Обучается;3ПЭб-2К;3;Факультет энергетики и управления (ФЭУ);Кафедра «Промышленная электроника и инновационные технологии» (ПЭИТ);11.03.04;Электроника и наноэлектроника;Проектирование электронных устройств;Очная форма;Бакалавриат
2030;Обучается;3ПЭб-2К;3;Факультет энергетики и управления (ФЭУ);Кафедра «Промышленная электроника и инновационные технологии» (ПЭИТ);11.03.04;Электроника и наноэлектроника;Проектирование электронных устройств;Очная форма;Бакалавриат
2031;Обучается;3ПЭб-2К;3;Факультет энергетики и управления (ФЭУ);Кафедра «Промышленная электроника и инновационные технологии» (ПЭИТ);11.03.04;Электроника и наноэлектроника;Проектирование электронных устройств;Очная форма;Бакалавриат
2032;Обучается;3ПЭб-3К;3;Факультет энергетики и управления (ФЭУ);Кафедра «Промышленная электроника и инновационные технологии» (ПЭИТ);11.03.04;Электроника и наноэлектроника;Проектирование электронных устройств;Очная форма;Бакалавриат
2033;Обучается;3ПЭб-3К;3;Факультет энергетики и управления (ФЭУ);Кафедра «Промышленная электроника и инновационные технологии» (ПЭИТ);11.03.04;Электроника и наноэлектроника;Проектирование электронных устройств;Очная форма;Бакалавриат
2034;Обучается;3ПЭб-3К;3;Факультет энергетики и управления (ФЭУ);Кафедра «Промышленная электроника и инновационные технологии» (ПЭИТ);11.03.04;Электроника и наноэлектроника;Проектирование электронных устройств;Очная форма;Бакалавриат
2035;Обучается;3ПЭб-3К;3;Факультет энергетики и управления (ФЭУ);Кафедра «Промышленная электроника и инновационные технологии» (ПЭИТ);11.03.04;Электроника и наноэлектроника;Проектирование электронных устройств;Очная форма;Бакалавриат
2036;Обучается;3ПЭб-3К;3;Факультет энергетики и управления (ФЭУ);Кафедра «Промышленная электроника и инновационные технологии» (ПЭИТ);11.03.04;Электроника и наноэлектроника;Проектирование электронных устройств;Очная форма;Бакалавриат
2037;Обучается;3ПЭб-3К;3;Факультет энергетики и управления (ФЭУ);Кафедра «Промышленная электроника и инновационные технологии» (ПЭИТ);11.03.04;Электроника и наноэлектроника;Проектирование электронных устройств;Очная форма;Бакалавриат
2038;Обучается;3ПЭб-3К;3;Факультет энергетики и управления (ФЭУ);Кафедра «Промышленная электроника и инновационные технологии» (ПЭИТ);11.03.04;Электроника и наноэлектроника;Проектирование электронных устройств;Очная форма;Бакалавриат
2039;Обучается;3ПЭб-3К;3;Факультет энергетики и управления (ФЭУ);Кафедра «Промышленная электроника и инновационные технологии» (ПЭИТ);11.03.04;Электроника и наноэлектроника;Проектирование электронных устройств;Очная форма;Бакалавриат
2040;Обучается;3ПЭб-3К;3;Факультет энергетики и управления (ФЭУ);Кафедра «Промышленная электроника и инновационные технологии» (ПЭИТ);11.03.04;Электроника и наноэлектроника;Проектирование электронных устройств;Очная форма;Бакалавриат
2041;Обучается;3ПЭб-3К;3;Факультет энергетики и управления (ФЭУ);Кафедра «Промышленная электроника и инновационные технологии» (ПЭИТ);11.03.04;Электроника и наноэлектроника;Проектирование электронных устройств;Очная форма;Бакалавриат
2042;Обучается;3ПЭб-3К;3;Факультет энергетики и управления (ФЭУ);Кафедра «Промышленная электроника и инновационные технологии» (ПЭИТ);11.03.04;Электроника и наноэлектроника;Проектирование электронных устройств;Очная форма;Бакалавриат
2043;Обучается;3ПЭб-3К;3;Факультет энергетики и управления (ФЭУ);Кафедра «Промышленная электроника и инновационные технологии» (ПЭИТ);11.03.04;Электроника и наноэлектроника;Проектирование электронных устройств;Очная форма;Бакалавриат
2044;Обучается;3ПЭб-3К;3;Факультет энергетики и управления (ФЭУ);Кафедра «Промышленная электроника и инновационные технологии» (ПЭИТ);11.03.04;Электроника и наноэлектроника;Проектирование электронных устройств;Очная форма;Бакалавриат
2045;Обучается;3ПЭб-3К;3;Факультет энергетики и управления (ФЭУ);Кафедра «Промышленная электроника и инновационные технологии» (ПЭИТ);11.03.04;Электроника и наноэлектроника;Проектирование электронных устройств;Очная форма;Бакалавриат
2046;Обучается;3ПЭб-3К;3;Факультет энергетики и управления (ФЭУ);Кафедра «Промышленная электроника и инновационные технологии» (ПЭИТ);11.03.04;Электроника и наноэлектроника;Проектирование электронных устройств;Очная форма;Бакалавриат
2047;Обучается;3ПЭб-3К;3;Факультет энергетики и управления (ФЭУ);Кафедра «Промышленная электроника и инновационные технологии» (ПЭИТ);11.03.04;Электроника и наноэлектроника;Проектирование электронных устройств;Очная форма;Бакалавриат
2048;Обучается;3ПЭб-3К;3;Факультет энергетики и управления (ФЭУ);Кафедра «Промышленная электроника и инновационные технологии» (ПЭИТ);11.03.04;Электроника и наноэлектроника;Проектирование электронных устройств;Очная форма;Бакалавриат
2049;Обучается;3ПЭб-3К;3;Факультет энергетики и управления (ФЭУ);Кафедра «Промышленная электроника и инновационные технологии» (ПЭИТ);11.03.04;Электроника и наноэлектроника;Проектирование электронных устройств;Очная форма;Бакалавриат
2050;Обучается;3ПЭб-3К;3;Факультет энергетики и управления (ФЭУ);Кафедра «Промышленная электроника и инновационные технологии» (ПЭИТ);11.03.04;Электроника и наноэлектроника;Проектирование электронных устройств;Очная форма;Бакалавриат
2051;Обучается;3ПЭб-3К;3;Факультет энергетики и управления (ФЭУ);Кафедра «Промышленная электроника и инновационные технологии» (ПЭИТ);11.03.04;Электроника и наноэлектроника;Проектирование электронных устройств;Очная форма;Бакалавриат
2052;Обучается;3ПЭб-3К;3;Факультет энергетики и управления (ФЭУ);Кафедра «Промышленная электроника и инновационные технологии» (ПЭИТ);11.03.04;Электроника и наноэлектроника;Проектирование электронных устройств;Очная форма;Бакалавриат
2053;Обучается;3ПЭб-3К;3;Факультет энергетики и управления (ФЭУ);Кафедра «Промышленная электроника и инновационные технологии» (ПЭИТ);11.03.04;Электроника и наноэлектроника;Проектирование электронных устройств;Очная форма;Бакалавриат
2054;Обучается;3ПЭб-3К;3;Факультет энергетики и управления (ФЭУ);Кафедра «Промышленная электроника и инновационные технологии» (ПЭИТ);11.03.04;Электроника и наноэлектроника;Проектирование электронных устройств;Очная форма;Бакалавриат
2055;Обучается;3ПЭб-3К;3;Факультет энергетики и управления (ФЭУ);Кафедра «Промышленная электроника и инновационные технологии» (ПЭИТ);11.03.04;Электроника и наноэлектроника;Проектирование электронных устройств;Очная форма;Бакалавриат
2056;Обучается;3ПЭб-3К;3;Факультет энергетики и управления (ФЭУ);Кафедра «Промышленная электроника и инновационные технологии» (ПЭИТ);11.03.04;Электроника и наноэлектроника;Проектирование электронных устройств;Очная форма;Бакалавриат
2057;Обучается;3ПЭб-3К;3;Факультет энергетики и управления (ФЭУ);Кафедра «Промышленная электроника и инновационные технологии» (ПЭИТ);11.03.04;Электроника и наноэлектроника;Проектирование электронных устройств;Очная форма;Бакалавриат
2058;Обучается;1ПЭб-1;4;Факультет энергетики и управления (ФЭУ);Кафедра «Промышленная электроника и инновационные технологии» (ПЭИТ);11.03.04;Электроника и наноэлектроника;Промышленная электроника;Очная форма;Бакалавриат
2059;Обучается;1ПЭб-1;4;Факультет энергетики и управления (ФЭУ);Кафедра «Промышленная электроника и инновационные технологии» (ПЭИТ);11.03.04;Электроника и наноэлектроника;Промышленная электроника;Очная форма;Бакалавриат
2060;Обучается;1ПЭб-1;4;Факультет энергетики и управления (ФЭУ);Кафедра «Промышленная электроника и инновационные технологии» (ПЭИТ);11.03.04;Электроника и наноэлектроника;Промышленная электроника;Очная форма;Бакалавриат
2061;Обучается;1ПЭб-1;4;Факультет энергетики и управления (ФЭУ);Кафедра «Промышленная электроника и инновационные технологии» (ПЭИТ);11.03.04;Электроника и наноэлектроника;Промышленная электроника;Очная форма;Бакалавриат
2062;Академический отпуск;1ПЭб-1;4;Факультет энергетики и управления (ФЭУ);Кафедра «Промышленная электроника и инновационные технологии» (ПЭИТ);11.03.04;Электроника и наноэлектроника;Промышленная электроника;Очная форма;Бакалавриат
2063;Академический отпуск;1ПЭб-1;4;Факультет энергетики и управления (ФЭУ);Кафедра «Промышленная электроника и инновационные технологии» (ПЭИТ);11.03.04;Электроника и наноэлектроника;Промышленная электроника;Очная форма;Бакалавриат
2064;Обучается;1ПЭб-1;4;Факультет энергетики и управления (ФЭУ);Кафедра «Промышленная электроника и инновационные технологии» (ПЭИТ);11.03.04;Электроника и наноэлектроника;Промышленная электроника;Очная форма;Бакалавриат
2065;Обучается;2ПЭб-3К;4;Факультет энергетики и управления (ФЭУ);Кафедра «Промышленная электроника и инновационные технологии» (ПЭИТ);11.03.04;Электроника и наноэлектроника;Проектирование электронных устройств;Очная форма;Бакалавриат
2066;Обучается;2ПЭб-3К;4;Факультет энергетики и управления (ФЭУ);Кафедра «Промышленная электроника и инновационные технологии» (ПЭИТ);11.03.04;Электроника и наноэлектроника;Проектирование электронных устройств;Очная форма;Бакалавриат
2067;Обучается;2ПЭб-3К;4;Факультет энергетики и управления (ФЭУ);Кафедра «Промышленная электроника и инновационные технологии» (ПЭИТ);11.03.04;Электроника и наноэлектроника;Проектирование электронных устройств;Очная форма;Бакалавриат
2068;Обучается;3БМб-1;2;Факультет энергетики и управления (ФЭУ);Кафедра «Промышленная электроника и инновационные технологии» (ПЭИТ);12.03.04;Биотехнические системы и технологии;Инженерное дело в медико-биологической практике;Очная форма;Бакалавриат
2069;Академический отпуск;3БМб-1;2;Факультет энергетики и управления (ФЭУ);Кафедра «Промышленная электроника и инновационные технологии» (ПЭИТ);12.03.04;Биотехнические системы и технологии;Инженерное дело в медико-биологической практике;Очная форма;Бакалавриат
2070;Обучается;3БМб-1;2;Факультет энергетики и управления (ФЭУ);Кафедра «Промышленная электроника и инновационные технологии» (ПЭИТ);12.03.04;Биотехнические системы и технологии;Инженерное дело в медико-биологической практике;Очная форма;Бакалавриат
2071;Академический отпуск;3БМб-1;2;Факультет энергетики и управления (ФЭУ);Кафедра «Промышленная электроника и инновационные технологии» (ПЭИТ);12.03.04;Биотехнические системы и технологии;Инженерное дело в медико-биологической практике;Очная форма;Бакалавриат
2072;Академический отпуск;3БМб-1;2;Факультет энергетики и управления (ФЭУ);Кафедра «Промышленная электроника и инновационные технологии» (ПЭИТ);12.03.04;Биотехнические системы и технологии;Инженерное дело в медико-биологической практике;Очная форма;Бакалавриат
2073;Обучается;3БМб-1;2;Факультет энергетики и управления (ФЭУ);Кафедра «Промышленная электроника и инновационные технологии» (ПЭИТ);12.03.04;Биотехнические системы и технологии;Инженерное дело в медико-биологической практике;Очная форма;Бакалавриат
2074;Обучается;3БМб-1;2;Факультет энергетики и управления (ФЭУ);Кафедра «Промышленная электроника и инновационные технологии» (ПЭИТ);12.03.04;Биотехнические системы и технологии;Инженерное дело в медико-биологической практике;Очная форма;Бакалавриат
2075;Академический отпуск;3БМб-1;2;Факультет энергетики и управления (ФЭУ);Кафедра «Промышленная электроника и инновационные технологии» (ПЭИТ);12.03.04;Биотехнические системы и технологии;Инженерное дело в медико-биологической практике;Очная форма;Бакалавриат
2076;Обучается;3БМб-1;2;Факультет энергетики и управления (ФЭУ);Кафедра «Промышленная электроника и инновационные технологии» (ПЭИТ);12.03.04;Биотехнические системы и технологии;Инженерное дело в медико-биологической практике;Очная форма;Бакалавриат
2077;Академический отпуск;3БМб-1;2;Факультет энергетики и управления (ФЭУ);Кафедра «Промышленная электроника и инновационные технологии» (ПЭИТ);12.03.04;Биотехнические системы и технологии;Инженерное дело в медико-биологической практике;Очная форма;Бакалавриат
2078;Обучается;3БМб-1;2;Факультет энергетики и управления (ФЭУ);Кафедра «Промышленная электроника и инновационные технологии» (ПЭИТ);12.03.04;Биотехнические системы и технологии;Инженерное дело в медико-биологической практике;Очная форма;Бакалавриат
2079;Обучается;3БМб-1;2;Факультет энергетики и управления (ФЭУ);Кафедра «Промышленная электроника и инновационные технологии» (ПЭИТ);12.03.04;Биотехнические системы и технологии;Инженерное дело в медико-биологической практике;Очная форма;Бакалавриат
2080;Академический отпуск;3БМб-1;2;Факультет энергетики и управления (ФЭУ);Кафедра «Промышленная электроника и инновационные технологии» (ПЭИТ);12.03.04;Биотехнические системы и технологии;Инженерное дело в медико-биологической практике;Очная форма;Бакалавриат
2081;Академический отпуск;3БМб-1;2;Факультет энергетики и управления (ФЭУ);Кафедра «Промышленная электроника и инновационные технологии» (ПЭИТ);12.03.04;Биотехнические системы и технологии;Инженерное дело в медико-биологической практике;Очная форма;Бакалавриат
2082;Обучается;3БМб-1;2;Факультет энергетики и управления (ФЭУ);Кафедра «Промышленная электроника и инновационные технологии» (ПЭИТ);12.03.04;Биотехнические системы и технологии;Инженерное дело в медико-биологической практике;Очная форма;Бакалавриат
2083;Обучается;3БМб-1;2;Факультет энергетики и управления (ФЭУ);Кафедра «Промышленная электроника и инновационные технологии» (ПЭИТ);12.03.04;Биотехнические системы и технологии;Инженерное дело в медико-биологической практике;Очная форма;Бакалавриат
2084;Обучается;2БМб-1;3;Факультет энергетики и управления (ФЭУ);Кафедра «Промышленная электроника и инновационные технологии» (ПЭИТ);12.03.04;Биотехнические системы и технологии;Инженерное дело в медико-биологической практике;Очная форма;Бакалавриат
2085;Обучается;2БМб-1;3;Факультет энергетики и управления (ФЭУ);Кафедра «Промышленная электроника и инновационные технологии» (ПЭИТ);12.03.04;Биотехнические системы и технологии;Инженерное дело в медико-биологической практике;Очная форма;Бакалавриат
2086;Обучается;2БМб-1;3;Факультет энергетики и управления (ФЭУ);Кафедра «Промышленная электроника и инновационные технологии» (ПЭИТ);12.03.04;Биотехнические системы и технологии;Инженерное дело в медико-биологической практике;Очная форма;Бакалавриат
2087;Обучается;2БМб-1;3;Факультет энергетики и управления (ФЭУ);Кафедра «Промышленная электроника и инновационные технологии» (ПЭИТ);12.03.04;Биотехнические системы и технологии;Инженерное дело в медико-биологической практике;Очная форма;Бакалавриат
2088;Обучается;2БМб-1;3;Факультет энергетики и управления (ФЭУ);Кафедра «Промышленная электроника и инновационные технологии» (ПЭИТ);12.03.04;Биотехнические системы и технологии;Инженерное дело в медико-биологической практике;Очная форма;Бакалавриат
2089;Обучается;2БМб-1;3;Факультет энергетики и управления (ФЭУ);Кафедра «Промышленная электроника и инновационные технологии» (ПЭИТ);12.03.04;Биотехнические системы и технологии;Инженерное дело в медико-биологической практике;Очная форма;Бакалавриат
2090;Обучается;2БМб-1;3;Факультет энергетики и управления (ФЭУ);Кафедра «Промышленная электроника и инновационные технологии» (ПЭИТ);12.03.04;Биотехнические системы и технологии;Инженерное дело в медико-биологической практике;Очная форма;Бакалавриат
2091;Обучается;2БМб-1;3;Факультет энергетики и управления (ФЭУ);Кафедра «Промышленная электроника и инновационные технологии» (ПЭИТ);12.03.04;Биотехнические системы и технологии;Инженерное дело в медико-биологической практике;Очная форма;Бакалавриат
2092;Обучается;2БМб-1;3;Факультет энергетики и управления (ФЭУ);Кафедра «Промышленная электроника и инновационные технологии» (ПЭИТ);12.03.04;Биотехнические системы и технологии;Инженерное дело в медико-биологической практике;Очная форма;Бакалавриат
2093;Обучается;2БМб-1;3;Факультет энергетики и управления (ФЭУ);Кафедра «Промышленная электроника и инновационные технологии» (ПЭИТ);12.03.04;Биотехнические системы и технологии;Инженерное дело в медико-биологической практике;Очная форма;Бакалавриат
2094;Обучается;1БМб-1;4;Факультет энергетики и управления (ФЭУ);Кафедра «Промышленная электроника и инновационные технологии» (ПЭИТ);12.03.04;Биотехнические системы и технологии;Инженерное дело в медико-биологической практике;Очная форма;Бакалавриат
2095;Обучается;1БМб-1;4;Факультет энергетики и управления (ФЭУ);Кафедра «Промышленная электроника и инновационные технологии» (ПЭИТ);12.03.04;Биотехнические системы и технологии;Инженерное дело в медико-биологической практике;Очная форма;Бакалавриат
2096;Обучается;1БМб-1;4;Факультет энергетики и управления (ФЭУ);Кафедра «Промышленная электроника и инновационные технологии» (ПЭИТ);12.03.04;Биотехнические системы и технологии;Инженерное дело в медико-биологической практике;Очная форма;Бакалавриат
2097;Академический отпуск;1БМб-1;4;Факультет энергетики и управления (ФЭУ);Кафедра «Промышленная электроника и инновационные технологии» (ПЭИТ);12.03.04;Биотехнические системы и технологии;Инженерное дело в медико-биологической практике;Очная форма;Бакалавриат
2098;Обучается;1БМб-1;4;Факультет энергетики и управления (ФЭУ);Кафедра «Промышленная электроника и инновационные технологии» (ПЭИТ);12.03.04;Биотехнические системы и технологии;Инженерное дело в медико-биологической практике;Очная форма;Бакалавриат
2099;Обучается;1БМб-1;4;Факультет энергетики и управления (ФЭУ);Кафедра «Промышленная электроника и инновационные технологии» (ПЭИТ);12.03.04;Биотехнические системы и технологии;Инженерное дело в медико-биологической практике;Очная форма;Бакалавриат
2100;Обучается;2УТб-2П;3;Факультет энергетики и управления (ФЭУ);Кафедра «Промышленная электроника и инновационные технологии» (ПЭИТ);27.03.05;Инноватика;Управление инновационными проектами;Очная форма;Бакалавриат
2101;Обучается;2УТб-2П;3;Факультет энергетики и управления (ФЭУ);Кафедра «Промышленная электроника и инновационные технологии» (ПЭИТ);27.03.05;Инноватика;Управление инновационными проектами;Очная форма;Бакалавриат
2102;Обучается;2УТб-2П;3;Факультет энергетики и управления (ФЭУ);Кафедра «Промышленная электроника и инновационные технологии» (ПЭИТ);27.03.05;Инноватика;Управление инновационными проектами;Очная форма;Бакалавриат
2103;Академический отпуск;2УТб-2П;3;Факультет энергетики и управления (ФЭУ);Кафедра «Промышленная электроника и инновационные технологии» (ПЭИТ);27.03.05;Инноватика;Управление инновационными проектами;Очная форма;Бакалавриат
2104;Обучается;2УТб-2П;3;Факультет энергетики и управления (ФЭУ);Кафедра «Промышленная электроника и инновационные технологии» (ПЭИТ);27.03.05;Инноватика;Управление инновационными проектами;Очная форма;Бакалавриат
2105;Обучается;2УТб-2П;3;Факультет энергетики и управления (ФЭУ);Кафедра «Промышленная электроника и инновационные технологии» (ПЭИТ);27.03.05;Инноватика;Управление инновационными проектами;Очная форма;Бакалавриат
2106;Обучается;2УТб-2П;3;Факультет энергетики и управления (ФЭУ);Кафедра «Промышленная электроника и инновационные технологии» (ПЭИТ);27.03.05;Инноватика;Управление инновационными проектами;Очная форма;Бакалавриат
2107;Обучается;1ИНб-1;4;Факультет энергетики и управления (ФЭУ);Кафедра «Промышленная электроника и инновационные технологии» (ПЭИТ);27.03.05;Инноватика;Управление инновационными проектами;Очная форма;Бакалавриат
2108;Обучается;1ИНб-1;4;Факультет энергетики и управления (ФЭУ);Кафедра «Промышленная электроника и инновационные технологии» (ПЭИТ);27.03.05;Инноватика;Управление инновационными проектами;Очная форма;Бакалавриат
2109;Обучается;1ИНб-1;4;Факультет энергетики и управления (ФЭУ);Кафедра «Промышленная электроника и инновационные технологии» (ПЭИТ);27.03.05;Инноватика;Управление инновационными проектами;Очная форма;Бакалавриат
2110;Обучается;1ИНб-1;4;Факультет энергетики и управления (ФЭУ);Кафедра «Промышленная электроника и инновационные технологии» (ПЭИТ);27.03.05;Инноватика;Управление инновационными проектами;Очная форма;Бакалавриат
2111;Академический отпуск;1ИНб-1;4;Факультет энергетики и управления (ФЭУ);Кафедра «Промышленная электроника и инновационные технологии» (ПЭИТ);27.03.05;Инноватика;Управление инновационными проектами;Очная форма;Бакалавриат
2112;Обучается;1ИНб-1;4;Факультет энергетики и управления (ФЭУ);Кафедра «Промышленная электроника и инновационные технологии» (ПЭИТ);27.03.05;Инноватика;Управление инновационными проектами;Очная форма;Бакалавриат
2113;Обучается;1ИНб-1;4;Факультет энергетики и управления (ФЭУ);Кафедра «Промышленная электроника и инновационные технологии» (ПЭИТ);27.03.05;Инноватика;Управление инновационными проектами;Очная форма;Бакалавриат
2114;Обучается;4ПЭм-1;1;Факультет энергетики и управления (ФЭУ);Кафедра «Промышленная электроника и инновационные технологии» (ПЭИТ);11.04.04;Электроника и наноэлектроника;Промышленная электроника;Очная форма;Магистратура
2115;Академический отпуск;4ПЭм-1;1;Факультет энергетики и управления (ФЭУ);Кафедра «Промышленная электроника и инновационные технологии» (ПЭИТ);11.04.04;Электроника и наноэлектроника;Промышленная электроника;Очная форма;Магистратура
2116;Обучается;4ПЭм-1;1;Факультет энергетики и управления (ФЭУ);Кафедра «Промышленная электроника и инновационные технологии» (ПЭИТ);11.04.04;Электроника и наноэлектроника;Промышленная электроника;Очная форма;Магистратура
2117;Обучается;4ПЭм-1;1;Факультет энергетики и управления (ФЭУ);Кафедра «Промышленная электроника и инновационные технологии» (ПЭИТ);11.04.04;Электроника и наноэлектроника;Промышленная электроника;Очная форма;Магистратура
2118;Обучается;4ПЭм-1;1;Факультет энергетики и управления (ФЭУ);Кафедра «Промышленная электроника и инновационные технологии» (ПЭИТ);11.04.04;Электроника и наноэлектроника;Промышленная электроника;Очная форма;Магистратура
2119;Обучается;4ПЭм-1;1;Факультет энергетики и управления (ФЭУ);Кафедра «Промышленная электроника и инновационные технологии» (ПЭИТ);11.04.04;Электроника и наноэлектроника;Промышленная электроника;Очная форма;Магистратура
2120;Обучается;4ПЭм-1;1;Факультет энергетики и управления (ФЭУ);Кафедра «Промышленная электроника и инновационные технологии» (ПЭИТ);11.04.04;Электроника и наноэлектроника;Промышленная электроника;Очная форма;Магистратура
2121;Академический отпуск;3ПЭм-1;2;Факультет энергетики и управления (ФЭУ);Кафедра «Промышленная электроника и инновационные технологии» (ПЭИТ);11.04.04;Электроника и наноэлектроника;Промышленная электроника;Очная форма;Магистратура
2122;Обучается;3ПЭм-1;2;Факультет энергетики и управления (ФЭУ);Кафедра «Промышленная электроника и инновационные технологии» (ПЭИТ);11.04.04;Электроника и наноэлектроника;Промышленная электроника;Очная форма;Магистратура
2123;Обучается;3ПЭм-1;2;Факультет энергетики и управления (ФЭУ);Кафедра «Промышленная электроника и инновационные технологии» (ПЭИТ);11.04.04;Электроника и наноэлектроника;Промышленная электроника;Очная форма;Магистратура
2124;Академический отпуск;3ПЭм-1;2;Факультет энергетики и управления (ФЭУ);Кафедра «Промышленная электроника и инновационные технологии» (ПЭИТ);11.04.04;Электроника и наноэлектроника;Промышленная электроника;Очная форма;Магистратура
2125;Обучается;3ПЭм-1;2;Факультет энергетики и управления (ФЭУ);Кафедра «Промышленная электроника и инновационные технологии» (ПЭИТ);11.04.04;Электроника и наноэлектроника;Промышленная электроника;Очная форма;Магистратура
2126;Обучается;4ЭКб-1;1;Факультет энергетики и управления (ФЭУ);Кафедра «Экономика и менеджмент» (ЭкМ);38.03.01;Экономика;Финансово-экономическая аналитика;Очная форма;Бакалавриат
2127;Обучается;4ЭКб-1;1;Факультет энергетики и управления (ФЭУ);Кафедра «Экономика и менеджмент» (ЭкМ);38.03.01;Экономика;Финансово-экономическая аналитика;Очная форма;Бакалавриат
2128;Обучается;4ЭКб-1;1;Факультет энергетики и управления (ФЭУ);Кафедра «Экономика и менеджмент» (ЭкМ);38.03.01;Экономика;Финансово-экономическая аналитика;Очная форма;Бакалавриат
2129;Обучается;4ЭКб-1;1;Факультет энергетики и управления (ФЭУ);Кафедра «Экономика и менеджмент» (ЭкМ);38.03.01;Экономика;Финансово-экономическая аналитика;Очная форма;Бакалавриат
2130;Обучается;4ЭКб-1;1;Факультет энергетики и управления (ФЭУ);Кафедра «Экономика и менеджмент» (ЭкМ);38.03.01;Экономика;Финансово-экономическая аналитика;Очная форма;Бакалавриат
2131;Обучается;4ЭКб-1;1;Факультет энергетики и управления (ФЭУ);Кафедра «Экономика и менеджмент» (ЭкМ);38.03.01;Экономика;Финансово-экономическая аналитика;Очная форма;Бакалавриат
2132;Обучается;4ЭКб-1;1;Факультет энергетики и управления (ФЭУ);Кафедра «Экономика и менеджмент» (ЭкМ);38.03.01;Экономика;Финансово-экономическая аналитика;Очная форма;Бакалавриат
2133;Обучается;4ЭКб-1;1;Факультет энергетики и управления (ФЭУ);Кафедра «Экономика и менеджмент» (ЭкМ);38.03.01;Экономика;Финансово-экономическая аналитика;Очная форма;Бакалавриат
2134;Обучается;4ЭКб-1;1;Факультет энергетики и управления (ФЭУ);Кафедра «Экономика и менеджмент» (ЭкМ);38.03.01;Экономика;Финансово-экономическая аналитика;Очная форма;Бакалавриат
2135;Обучается;4ЭКб-1;1;Факультет энергетики и управления (ФЭУ);Кафедра «Экономика и менеджмент» (ЭкМ);38.03.01;Экономика;Финансово-экономическая аналитика;Очная форма;Бакалавриат
2136;Обучается;4ЭКб-1;1;Факультет энергетики и управления (ФЭУ);Кафедра «Экономика и менеджмент» (ЭкМ);38.03.01;Экономика;Финансово-экономическая аналитика;Очная форма;Бакалавриат
2137;Обучается;4ЭКб-1;1;Факультет энергетики и управления (ФЭУ);Кафедра «Экономика и менеджмент» (ЭкМ);38.03.01;Экономика;Финансово-экономическая аналитика;Очная форма;Бакалавриат
2138;Обучается;4ЭКб-1;1;Факультет энергетики и управления (ФЭУ);Кафедра «Экономика и менеджмент» (ЭкМ);38.03.01;Экономика;Финансово-экономическая аналитика;Очная форма;Бакалавриат
2139;Академический отпуск;4ЭКб-1;1;Факультет энергетики и управления (ФЭУ);Кафедра «Экономика и менеджмент» (ЭкМ);38.03.01;Экономика;Финансово-экономическая аналитика;Очная форма;Бакалавриат
2140;Обучается;4ЭКб-1;1;Факультет энергетики и управления (ФЭУ);Кафедра «Экономика и менеджмент» (ЭкМ);38.03.01;Экономика;Финансово-экономическая аналитика;Очная форма;Бакалавриат
2141;Обучается;4ЭКб-1;1;Факультет энергетики и управления (ФЭУ);Кафедра «Экономика и менеджмент» (ЭкМ);38.03.01;Экономика;Финансово-экономическая аналитика;Очная форма;Бакалавриат
2142;Обучается;4ЭКб-1;1;Факультет энергетики и управления (ФЭУ);Кафедра «Экономика и менеджмент» (ЭкМ);38.03.01;Экономика;Финансово-экономическая аналитика;Очная форма;Бакалавриат
2143;Обучается;3ЭУб-1;2;Факультет энергетики и управления (ФЭУ);Кафедра «Экономика и менеджмент» (ЭкМ);38.03.01;Экономика;Финансово-экономическая аналитика;Очная форма;Бакалавриат
2144;Обучается;3ЭУб-1;2;Факультет энергетики и управления (ФЭУ);Кафедра «Экономика и менеджмент» (ЭкМ);38.03.01;Экономика;Финансово-экономическая аналитика;Очная форма;Бакалавриат
2145;Обучается;3ЭУб-1;2;Факультет энергетики и управления (ФЭУ);Кафедра «Экономика и менеджмент» (ЭкМ);38.03.01;Экономика;Финансово-экономическая аналитика;Очная форма;Бакалавриат
2146;Обучается;3ЭУб-1;2;Факультет энергетики и управления (ФЭУ);Кафедра «Экономика и менеджмент» (ЭкМ);38.03.01;Экономика;Финансово-экономическая аналитика;Очная форма;Бакалавриат
2147;Обучается;3ЭУб-1;2;Факультет энергетики и управления (ФЭУ);Кафедра «Экономика и менеджмент» (ЭкМ);38.03.01;Экономика;Финансово-экономическая аналитика;Очная форма;Бакалавриат
2148;Обучается;3ЭУб-1;2;Факультет энергетики и управления (ФЭУ);Кафедра «Экономика и менеджмент» (ЭкМ);38.03.01;Экономика;Финансово-экономическая аналитика;Очная форма;Бакалавриат
2149;Обучается;3ЭУб-1;2;Факультет энергетики и управления (ФЭУ);Кафедра «Экономика и менеджмент» (ЭкМ);38.03.01;Экономика;Финансово-экономическая аналитика;Очная форма;Бакалавриат
2150;Обучается;3ЭУб-1;2;Факультет энергетики и управления (ФЭУ);Кафедра «Экономика и менеджмент» (ЭкМ);38.03.01;Экономика;Финансово-экономическая аналитика;Очная форма;Бакалавриат
2151;Обучается;3ЭУб-1;2;Факультет энергетики и управления (ФЭУ);Кафедра «Экономика и менеджмент» (ЭкМ);38.03.01;Экономика;Финансово-экономическая аналитика;Очная форма;Бакалавриат
2152;Обучается;3ЭУб-1;2;Факультет энергетики и управления (ФЭУ);Кафедра «Экономика и менеджмент» (ЭкМ);38.03.01;Экономика;Финансово-экономическая аналитика;Очная форма;Бакалавриат
2153;Обучается;3ЭУб-1;2;Факультет энергетики и управления (ФЭУ);Кафедра «Экономика и менеджмент» (ЭкМ);38.03.01;Экономика;Финансово-экономическая аналитика;Очная форма;Бакалавриат
2154;Академический отпуск;3ЭУб-1;2;Факультет энергетики и управления (ФЭУ);Кафедра «Экономика и менеджмент» (ЭкМ);38.03.01;Экономика;Финансово-экономическая аналитика;Очная форма;Бакалавриат
2155;Обучается;3ЭУб-1;2;Факультет энергетики и управления (ФЭУ);Кафедра «Экономика и менеджмент» (ЭкМ);38.03.01;Экономика;Финансово-экономическая аналитика;Очная форма;Бакалавриат
2156;Обучается;3ЭУб-1;2;Факультет энергетики и управления (ФЭУ);Кафедра «Экономика и менеджмент» (ЭкМ);38.03.01;Экономика;Финансово-экономическая аналитика;Очная форма;Бакалавриат
2157;Обучается;3ЭУб-1;2;Факультет энергетики и управления (ФЭУ);Кафедра «Экономика и менеджмент» (ЭкМ);38.03.01;Экономика;Финансово-экономическая аналитика;Очная форма;Бакалавриат
2158;Обучается;3ЭУб-1;2;Факультет энергетики и управления (ФЭУ);Кафедра «Экономика и менеджмент» (ЭкМ);38.03.01;Экономика;Финансово-экономическая аналитика;Очная форма;Бакалавриат
2159;Обучается;2ЭУб-1;3;Факультет энергетики и управления (ФЭУ);Кафедра «Экономика и менеджмент» (ЭкМ);38.03.01;Экономика;Финансово-экономическая аналитика;Очная форма;Бакалавриат
2160;Обучается;2ЭУб-1;3;Факультет энергетики и управления (ФЭУ);Кафедра «Экономика и менеджмент» (ЭкМ);38.03.01;Экономика;Финансово-экономическая аналитика;Очная форма;Бакалавриат
2161;Обучается;2ЭУб-1;3;Факультет энергетики и управления (ФЭУ);Кафедра «Экономика и менеджмент» (ЭкМ);38.03.01;Экономика;Финансово-экономическая аналитика;Очная форма;Бакалавриат
2162;Обучается;2ЭУб-1;3;Факультет энергетики и управления (ФЭУ);Кафедра «Экономика и менеджмент» (ЭкМ);38.03.01;Экономика;Финансово-экономическая аналитика;Очная форма;Бакалавриат
2163;Обучается;2ЭУб-1;3;Факультет энергетики и управления (ФЭУ);Кафедра «Экономика и менеджмент» (ЭкМ);38.03.01;Экономика;Финансово-экономическая аналитика;Очная форма;Бакалавриат
2164;Обучается;2ЭУб-1;3;Факультет энергетики и управления (ФЭУ);Кафедра «Экономика и менеджмент» (ЭкМ);38.03.01;Экономика;Финансово-экономическая аналитика;Очная форма;Бакалавриат
2165;Обучается;2ЭУб-1;3;Факультет энергетики и управления (ФЭУ);Кафедра «Экономика и менеджмент» (ЭкМ);38.03.01;Экономика;Финансово-экономическая аналитика;Очная форма;Бакалавриат
2166;Академический отпуск;2ЭУб-1;3;Факультет энергетики и управления (ФЭУ);Кафедра «Экономика и менеджмент» (ЭкМ);38.03.01;Экономика;Финансово-экономическая аналитика;Очная форма;Бакалавриат
2167;Обучается;2ЭУб-1;3;Факультет энергетики и управления (ФЭУ);Кафедра «Экономика и менеджмент» (ЭкМ);38.03.01;Экономика;Финансово-экономическая аналитика;Очная форма;Бакалавриат
2168;Обучается;2ЭУб-1;3;Факультет энергетики и управления (ФЭУ);Кафедра «Экономика и менеджмент» (ЭкМ);38.03.01;Экономика;Финансово-экономическая аналитика;Очная форма;Бакалавриат
2169;Обучается;2ЭУб-1;3;Факультет энергетики и управления (ФЭУ);Кафедра «Экономика и менеджмент» (ЭкМ);38.03.01;Экономика;Финансово-экономическая аналитика;Очная форма;Бакалавриат
2170;Обучается;2ЭУб-1;3;Факультет энергетики и управления (ФЭУ);Кафедра «Экономика и менеджмент» (ЭкМ);38.03.01;Экономика;Финансово-экономическая аналитика;Очная форма;Бакалавриат
2171;Обучается;2ЭУб-1;3;Факультет энергетики и управления (ФЭУ);Кафедра «Экономика и менеджмент» (ЭкМ);38.03.01;Экономика;Финансово-экономическая аналитика;Очная форма;Бакалавриат
2172;Обучается;2ЭУб-1;3;Факультет энергетики и управления (ФЭУ);Кафедра «Экономика и менеджмент» (ЭкМ);38.03.01;Экономика;Финансово-экономическая аналитика;Очная форма;Бакалавриат
2173;Обучается;2ЭУб-1;3;Факультет энергетики и управления (ФЭУ);Кафедра «Экономика и менеджмент» (ЭкМ);38.03.01;Экономика;Финансово-экономическая аналитика;Очная форма;Бакалавриат
2174;Обучается;2ЭУб-1;3;Факультет энергетики и управления (ФЭУ);Кафедра «Экономика и менеджмент» (ЭкМ);38.03.01;Экономика;Финансово-экономическая аналитика;Очная форма;Бакалавриат
2175;Обучается;2ЭУб-1;3;Факультет энергетики и управления (ФЭУ);Кафедра «Экономика и менеджмент» (ЭкМ);38.03.01;Экономика;Финансово-экономическая аналитика;Очная форма;Бакалавриат
2176;Обучается;1ЭКб-1;4;Факультет энергетики и управления (ФЭУ);Кафедра «Экономика и менеджмент» (ЭкМ);38.03.01;Экономика;Финансово-экономическая аналитика;Очная форма;Бакалавриат
2177;Обучается;1ЭКб-1;4;Факультет энергетики и управления (ФЭУ);Кафедра «Экономика и менеджмент» (ЭкМ);38.03.01;Экономика;Финансово-экономическая аналитика;Очная форма;Бакалавриат
2178;Обучается;1ЭКб-1;4;Факультет энергетики и управления (ФЭУ);Кафедра «Экономика и менеджмент» (ЭкМ);38.03.01;Экономика;Финансово-экономическая аналитика;Очная форма;Бакалавриат
2179;Обучается;1ЭКб-1;4;Факультет энергетики и управления (ФЭУ);Кафедра «Экономика и менеджмент» (ЭкМ);38.03.01;Экономика;Финансово-экономическая аналитика;Очная форма;Бакалавриат
2180;Обучается;1ЭКб-1;4;Факультет энергетики и управления (ФЭУ);Кафедра «Экономика и менеджмент» (ЭкМ);38.03.01;Экономика;Финансово-экономическая аналитика;Очная форма;Бакалавриат
2181;Обучается;1ЭКб-1;4;Факультет энергетики и управления (ФЭУ);Кафедра «Экономика и менеджмент» (ЭкМ);38.03.01;Экономика;Финансово-экономическая аналитика;Очная форма;Бакалавриат
2182;Обучается;1ЭКб-1;4;Факультет энергетики и управления (ФЭУ);Кафедра «Экономика и менеджмент» (ЭкМ);38.03.01;Экономика;Финансово-экономическая аналитика;Очная форма;Бакалавриат
2183;Обучается;1ЭКб-1;4;Факультет энергетики и управления (ФЭУ);Кафедра «Экономика и менеджмент» (ЭкМ);38.03.01;Экономика;Финансово-экономическая аналитика;Очная форма;Бакалавриат
2184;Обучается;1ЭКб-1;4;Факультет энергетики и управления (ФЭУ);Кафедра «Экономика и менеджмент» (ЭкМ);38.03.01;Экономика;Финансово-экономическая аналитика;Очная форма;Бакалавриат
2185;Обучается;1ЭКб-1;4;Факультет энергетики и управления (ФЭУ);Кафедра «Экономика и менеджмент» (ЭкМ);38.03.01;Экономика;Финансово-экономическая аналитика;Очная форма;Бакалавриат
2186;Обучается;1ЭКб-1;4;Факультет энергетики и управления (ФЭУ);Кафедра «Экономика и менеджмент» (ЭкМ);38.03.01;Экономика;Финансово-экономическая аналитика;Очная форма;Бакалавриат
2187;Обучается;1ЭКб-1;4;Факультет энергетики и управления (ФЭУ);Кафедра «Экономика и менеджмент» (ЭкМ);38.03.01;Экономика;Финансово-экономическая аналитика;Очная форма;Бакалавриат
2188;Обучается;1ЭКб-1;4;Факультет энергетики и управления (ФЭУ);Кафедра «Экономика и менеджмент» (ЭкМ);38.03.01;Экономика;Финансово-экономическая аналитика;Очная форма;Бакалавриат
2189;Обучается;1ЭКб-1;4;Факультет энергетики и управления (ФЭУ);Кафедра «Экономика и менеджмент» (ЭкМ);38.03.01;Экономика;Финансово-экономическая аналитика;Очная форма;Бакалавриат
2190;Обучается;3ЭУб-2;2;Факультет энергетики и управления (ФЭУ);Кафедра «Экономика и менеджмент» (ЭкМ);38.03.02;Менеджмент;Проектирование, организация и администрирование бизнеса;Очная форма;Бакалавриат
2191;Обучается;3ЭУб-2;2;Факультет энергетики и управления (ФЭУ);Кафедра «Экономика и менеджмент» (ЭкМ);38.03.02;Менеджмент;Проектирование, организация и администрирование бизнеса;Очная форма;Бакалавриат
2192;Обучается;3ЭУб-2;2;Факультет энергетики и управления (ФЭУ);Кафедра «Экономика и менеджмент» (ЭкМ);38.03.02;Менеджмент;Проектирование, организация и администрирование бизнеса;Очная форма;Бакалавриат
2193;Академический отпуск;3ЭУб-2;2;Факультет энергетики и управления (ФЭУ);Кафедра «Экономика и менеджмент» (ЭкМ);38.03.02;Менеджмент;Проектирование, организация и администрирование бизнеса;Очная форма;Бакалавриат
2194;Обучается;3ЭУб-2;2;Факультет энергетики и управления (ФЭУ);Кафедра «Экономика и менеджмент» (ЭкМ);38.03.02;Менеджмент;Проектирование, организация и администрирование бизнеса;Очная форма;Бакалавриат
2195;Обучается;3ЭУб-2;2;Факультет энергетики и управления (ФЭУ);Кафедра «Экономика и менеджмент» (ЭкМ);38.03.02;Менеджмент;Проектирование, организация и администрирование бизнеса;Очная форма;Бакалавриат
2196;Академический отпуск;3ЭУб-2;2;Факультет энергетики и управления (ФЭУ);Кафедра «Экономика и менеджмент» (ЭкМ);38.03.02;Менеджмент;Проектирование, организация и администрирование бизнеса;Очная форма;Бакалавриат
2197;Обучается;3ЭУб-2;2;Факультет энергетики и управления (ФЭУ);Кафедра «Экономика и менеджмент» (ЭкМ);38.03.02;Менеджмент;Проектирование, организация и администрирование бизнеса;Очная форма;Бакалавриат
2198;Обучается;3ЭУб-2;2;Факультет энергетики и управления (ФЭУ);Кафедра «Экономика и менеджмент» (ЭкМ);38.03.02;Менеджмент;Проектирование, организация и администрирование бизнеса;Очная форма;Бакалавриат
2199;Обучается;3ЭУб-2;2;Факультет энергетики и управления (ФЭУ);Кафедра «Экономика и менеджмент» (ЭкМ);38.03.02;Менеджмент;Проектирование, организация и администрирование бизнеса;Очная форма;Бакалавриат
2200;Обучается;3ЭУб-2;2;Факультет энергетики и управления (ФЭУ);Кафедра «Экономика и менеджмент» (ЭкМ);38.03.02;Менеджмент;Проектирование, организация и администрирование бизнеса;Очная форма;Бакалавриат
2201;Обучается;3ЭУб-2;2;Факультет энергетики и управления (ФЭУ);Кафедра «Экономика и менеджмент» (ЭкМ);38.03.02;Менеджмент;Проектирование, организация и администрирование бизнеса;Очная форма;Бакалавриат
2202;Обучается;3ЭУб-2;2;Факультет энергетики и управления (ФЭУ);Кафедра «Экономика и менеджмент» (ЭкМ);38.03.02;Менеджмент;Проектирование, организация и администрирование бизнеса;Очная форма;Бакалавриат
2203;Обучается;3ЭУб-2;2;Факультет энергетики и управления (ФЭУ);Кафедра «Экономика и менеджмент» (ЭкМ);38.03.02;Менеджмент;Проектирование, организация и администрирование бизнеса;Очная форма;Бакалавриат
2204;Академический отпуск;3ЭУб-2;2;Факультет энергетики и управления (ФЭУ);Кафедра «Экономика и менеджмент» (ЭкМ);38.03.02;Менеджмент;Проектирование, организация и администрирование бизнеса;Очная форма;Бакалавриат
2205;Обучается;3ЭУб-2;2;Факультет энергетики и управления (ФЭУ);Кафедра «Экономика и менеджмент» (ЭкМ);38.03.02;Менеджмент;Проектирование, организация и администрирование бизнеса;Очная форма;Бакалавриат
2206;Обучается;3ЭУб-2;2;Факультет энергетики и управления (ФЭУ);Кафедра «Экономика и менеджмент» (ЭкМ);38.03.02;Менеджмент;Проектирование, организация и администрирование бизнеса;Очная форма;Бакалавриат
2207;Обучается;2ЭУб-2;3;Факультет энергетики и управления (ФЭУ);Кафедра «Экономика и менеджмент» (ЭкМ);38.03.02;Менеджмент;Проектирование, организация и администрирование бизнеса;Очная форма;Бакалавриат
2208;Обучается;2ЭУб-2;3;Факультет энергетики и управления (ФЭУ);Кафедра «Экономика и менеджмент» (ЭкМ);38.03.02;Менеджмент;Проектирование, организация и администрирование бизнеса;Очная форма;Бакалавриат
2209;Обучается;2ЭУб-2;3;Факультет энергетики и управления (ФЭУ);Кафедра «Экономика и менеджмент» (ЭкМ);38.03.02;Менеджмент;Проектирование, организация и администрирование бизнеса;Очная форма;Бакалавриат
2210;Обучается;2ЭУб-2;3;Факультет энергетики и управления (ФЭУ);Кафедра «Экономика и менеджмент» (ЭкМ);38.03.02;Менеджмент;Проектирование, организация и администрирование бизнеса;Очная форма;Бакалавриат
2211;Обучается;2ЭУб-2;3;Факультет энергетики и управления (ФЭУ);Кафедра «Экономика и менеджмент» (ЭкМ);38.03.02;Менеджмент;Проектирование, организация и администрирование бизнеса;Очная форма;Бакалавриат
2212;Обучается;2ЭУб-2;3;Факультет энергетики и управления (ФЭУ);Кафедра «Экономика и менеджмент» (ЭкМ);38.03.02;Менеджмент;Проектирование, организация и администрирование бизнеса;Очная форма;Бакалавриат
2213;Обучается;2ЭУб-2;3;Факультет энергетики и управления (ФЭУ);Кафедра «Экономика и менеджмент» (ЭкМ);38.03.02;Менеджмент;Проектирование, организация и администрирование бизнеса;Очная форма;Бакалавриат
2214;Обучается;2ЭУб-2;3;Факультет энергетики и управления (ФЭУ);Кафедра «Экономика и менеджмент» (ЭкМ);38.03.02;Менеджмент;Проектирование, организация и администрирование бизнеса;Очная форма;Бакалавриат
2215;Обучается;2ЭУб-2;3;Факультет энергетики и управления (ФЭУ);Кафедра «Экономика и менеджмент» (ЭкМ);38.03.02;Менеджмент;Проектирование, организация и администрирование бизнеса;Очная форма;Бакалавриат
2216;Обучается;2ЭУб-2;3;Факультет энергетики и управления (ФЭУ);Кафедра «Экономика и менеджмент» (ЭкМ);38.03.02;Менеджмент;Проектирование, организация и администрирование бизнеса;Очная форма;Бакалавриат
2217;Обучается;2ЭУб-2;3;Факультет энергетики и управления (ФЭУ);Кафедра «Экономика и менеджмент» (ЭкМ);38.03.02;Менеджмент;Проектирование, организация и администрирование бизнеса;Очная форма;Бакалавриат
2218;Обучается;2ЭУб-2;3;Факультет энергетики и управления (ФЭУ);Кафедра «Экономика и менеджмент» (ЭкМ);38.03.02;Менеджмент;Проектирование, организация и администрирование бизнеса;Очная форма;Бакалавриат
2219;Академический отпуск;2ЭУб-2;3;Факультет энергетики и управления (ФЭУ);Кафедра «Экономика и менеджмент» (ЭкМ);38.03.02;Менеджмент;Проектирование, организация и администрирование бизнеса;Очная форма;Бакалавриат
2220;Обучается;2ЭУб-2;3;Факультет энергетики и управления (ФЭУ);Кафедра «Экономика и менеджмент» (ЭкМ);38.03.02;Менеджмент;Проектирование, организация и администрирование бизнеса;Очная форма;Бакалавриат
2221;Обучается;2ЭУб-2;3;Факультет энергетики и управления (ФЭУ);Кафедра «Экономика и менеджмент» (ЭкМ);38.03.02;Менеджмент;Проектирование, организация и администрирование бизнеса;Очная форма;Бакалавриат
2222;Обучается;2ЭУб-2;3;Факультет энергетики и управления (ФЭУ);Кафедра «Экономика и менеджмент» (ЭкМ);38.03.02;Менеджмент;Проектирование, организация и администрирование бизнеса;Очная форма;Бакалавриат
2223;Обучается;2ЭУб-2;3;Факультет энергетики и управления (ФЭУ);Кафедра «Экономика и менеджмент» (ЭкМ);38.03.02;Менеджмент;Проектирование, организация и администрирование бизнеса;Очная форма;Бакалавриат
2224;Обучается;1МДб-1;4;Факультет энергетики и управления (ФЭУ);Кафедра «Экономика и менеджмент» (ЭкМ);38.03.02;Менеджмент;Проектирование, организация и администрирование бизнеса;Очная форма;Бакалавриат
2225;Обучается;1МДб-1;4;Факультет энергетики и управления (ФЭУ);Кафедра «Экономика и менеджмент» (ЭкМ);38.03.02;Менеджмент;Проектирование, организация и администрирование бизнеса;Очная форма;Бакалавриат
2226;Обучается;1МДб-1;4;Факультет энергетики и управления (ФЭУ);Кафедра «Экономика и менеджмент» (ЭкМ);38.03.02;Менеджмент;Проектирование, организация и администрирование бизнеса;Очная форма;Бакалавриат
2227;Обучается;1МДб-1;4;Факультет энергетики и управления (ФЭУ);Кафедра «Экономика и менеджмент» (ЭкМ);38.03.02;Менеджмент;Проектирование, организация и администрирование бизнеса;Очная форма;Бакалавриат
2228;Обучается;1МДб-1;4;Факультет энергетики и управления (ФЭУ);Кафедра «Экономика и менеджмент» (ЭкМ);38.03.02;Менеджмент;Проектирование, организация и администрирование бизнеса;Очная форма;Бакалавриат
2229;Обучается;1МДб-1;4;Факультет энергетики и управления (ФЭУ);Кафедра «Экономика и менеджмент» (ЭкМ);38.03.02;Менеджмент;Проектирование, организация и администрирование бизнеса;Очная форма;Бакалавриат
2230;Обучается;1МДб-1;4;Факультет энергетики и управления (ФЭУ);Кафедра «Экономика и менеджмент» (ЭкМ);38.03.02;Менеджмент;Проектирование, организация и администрирование бизнеса;Очная форма;Бакалавриат
2231;Обучается;1МДб-1;4;Факультет энергетики и управления (ФЭУ);Кафедра «Экономика и менеджмент» (ЭкМ);38.03.02;Менеджмент;Проектирование, организация и администрирование бизнеса;Очная форма;Бакалавриат
2232;Обучается;1МДб-1;4;Факультет энергетики и управления (ФЭУ);Кафедра «Экономика и менеджмент» (ЭкМ);38.03.02;Менеджмент;Проектирование, организация и администрирование бизнеса;Очная форма;Бакалавриат
2233;Академический отпуск;1МДб-1;4;Факультет энергетики и управления (ФЭУ);Кафедра «Экономика и менеджмент» (ЭкМ);38.03.02;Менеджмент;Проектирование, организация и администрирование бизнеса;Очная форма;Бакалавриат
2234;Обучается;1МДб-1;4;Факультет энергетики и управления (ФЭУ);Кафедра «Экономика и менеджмент» (ЭкМ);38.03.02;Менеджмент;Проектирование, организация и администрирование бизнеса;Очная форма;Бакалавриат
2235;Обучается;1МДб-1;4;Факультет энергетики и управления (ФЭУ);Кафедра «Экономика и менеджмент» (ЭкМ);38.03.02;Менеджмент;Проектирование, организация и администрирование бизнеса;Очная форма;Бакалавриат
2236;Обучается;1МДб-1;4;Факультет энергетики и управления (ФЭУ);Кафедра «Экономика и менеджмент» (ЭкМ);38.03.02;Менеджмент;Проектирование, организация и администрирование бизнеса;Очная форма;Бакалавриат
2237;Обучается;1МДб-1;4;Факультет энергетики и управления (ФЭУ);Кафедра «Экономика и менеджмент» (ЭкМ);38.03.02;Менеджмент;Проектирование, организация и администрирование бизнеса;Очная форма;Бакалавриат
2238;Обучается;4ЭКм-1;1;Факультет энергетики и управления (ФЭУ);Кафедра «Экономика и менеджмент» (ЭкМ);38.04.01;Экономика;Корпоративная экономика;Очная форма;Магистратура
2239;Обучается;4ЭКм-1;1;Факультет энергетики и управления (ФЭУ);Кафедра «Экономика и менеджмент» (ЭкМ);38.04.01;Экономика;Корпоративная экономика;Очная форма;Магистратура
2240;Обучается;4ЭКм-1;1;Факультет энергетики и управления (ФЭУ);Кафедра «Экономика и менеджмент» (ЭкМ);38.04.01;Экономика;Корпоративная экономика;Очная форма;Магистратура
2241;Академический отпуск;4ЭКм-1;1;Факультет энергетики и управления (ФЭУ);Кафедра «Экономика и менеджмент» (ЭкМ);38.04.01;Экономика;Корпоративная экономика;Очная форма;Магистратура
2242;Обучается;4ЭКм-1;1;Факультет энергетики и управления (ФЭУ);Кафедра «Экономика и менеджмент» (ЭкМ);38.04.01;Экономика;Корпоративная экономика;Очная форма;Магистратура
2243;Обучается;4ЭКм-1;1;Факультет энергетики и управления (ФЭУ);Кафедра «Экономика и менеджмент» (ЭкМ);38.04.01;Экономика;Корпоративная экономика;Очная форма;Магистратура
2244;Академический отпуск;4ЭКм-1;1;Факультет энергетики и управления (ФЭУ);Кафедра «Экономика и менеджмент» (ЭкМ);38.04.01;Экономика;Корпоративная экономика;Очная форма;Магистратура
2245;Обучается;4ЭКм-1;1;Факультет энергетики и управления (ФЭУ);Кафедра «Экономика и менеджмент» (ЭкМ);38.04.01;Экономика;Корпоративная экономика;Очная форма;Магистратура
2246;Обучается;4ЭКм-1;1;Факультет энергетики и управления (ФЭУ);Кафедра «Экономика и менеджмент» (ЭкМ);38.04.01;Экономика;Корпоративная экономика;Очная форма;Магистратура
2247;Обучается;4ЭТб-2П;1;Факультет энергетики и управления (ФЭУ);Кафедра «Электромеханика» (ЭМ);13.03.02;Электроэнергетика и электротехника;Электрооборудование и электроснабжение предприятий;Очная форма;Бакалавриат
2248;Обучается;4ЭТб-2П;1;Факультет энергетики и управления (ФЭУ);Кафедра «Электромеханика» (ЭМ);13.03.02;Электроэнергетика и электротехника;Электрооборудование и электроснабжение предприятий;Очная форма;Бакалавриат
2249;Обучается;4ЭТб-2П;1;Факультет энергетики и управления (ФЭУ);Кафедра «Электромеханика» (ЭМ);13.03.02;Электроэнергетика и электротехника;Электрооборудование и электроснабжение предприятий;Очная форма;Бакалавриат
2250;Академический отпуск;4ЭТб-2П;1;Факультет энергетики и управления (ФЭУ);Кафедра «Электромеханика» (ЭМ);13.03.02;Электроэнергетика и электротехника;Электрооборудование и электроснабжение предприятий;Очная форма;Бакалавриат
2251;Обучается;4ЭТб-2П;1;Факультет энергетики и управления (ФЭУ);Кафедра «Электромеханика» (ЭМ);13.03.02;Электроэнергетика и электротехника;Электрооборудование и электроснабжение предприятий;Очная форма;Бакалавриат
2252;Академический отпуск;4ЭТб-2П;1;Факультет энергетики и управления (ФЭУ);Кафедра «Электромеханика» (ЭМ);13.03.02;Электроэнергетика и электротехника;Электрооборудование и электроснабжение предприятий;Очная форма;Бакалавриат
2253;Академический отпуск;4ЭТб-2П;1;Факультет энергетики и управления (ФЭУ);Кафедра «Электромеханика» (ЭМ);13.03.02;Электроэнергетика и электротехника;Электрооборудование и электроснабжение предприятий;Очная форма;Бакалавриат
2254;Обучается;4ЭТб-2П;1;Факультет энергетики и управления (ФЭУ);Кафедра «Электромеханика» (ЭМ);13.03.02;Электроэнергетика и электротехника;Электрооборудование и электроснабжение предприятий;Очная форма;Бакалавриат
2255;Академический отпуск;4ЭТб-2П;1;Факультет энергетики и управления (ФЭУ);Кафедра «Электромеханика» (ЭМ);13.03.02;Электроэнергетика и электротехника;Электрооборудование и электроснабжение предприятий;Очная форма;Бакалавриат
2256;Обучается;4ЭТб-2П;1;Факультет энергетики и управления (ФЭУ);Кафедра «Электромеханика» (ЭМ);13.03.02;Электроэнергетика и электротехника;Электрооборудование и электроснабжение предприятий;Очная форма;Бакалавриат
2257;Академический отпуск;4ЭТб-2П;1;Факультет энергетики и управления (ФЭУ);Кафедра «Электромеханика» (ЭМ);13.03.02;Электроэнергетика и электротехника;Электрооборудование и электроснабжение предприятий;Очная форма;Бакалавриат
2258;Обучается;4ЭТб-2П;1;Факультет энергетики и управления (ФЭУ);Кафедра «Электромеханика» (ЭМ);13.03.02;Электроэнергетика и электротехника;Электрооборудование и электроснабжение предприятий;Очная форма;Бакалавриат
2259;Академический отпуск;4ЭТб-2П;1;Факультет энергетики и управления (ФЭУ);Кафедра «Электромеханика» (ЭМ);13.03.02;Электроэнергетика и электротехника;Электрооборудование и электроснабжение предприятий;Очная форма;Бакалавриат
2260;Обучается;4ЭТб-2П;1;Факультет энергетики и управления (ФЭУ);Кафедра «Электромеханика» (ЭМ);13.03.02;Электроэнергетика и электротехника;Электрооборудование и электроснабжение предприятий;Очная форма;Бакалавриат
2261;Обучается;4ЭТб-2П;1;Факультет энергетики и управления (ФЭУ);Кафедра «Электромеханика» (ЭМ);13.03.02;Электроэнергетика и электротехника;Электрооборудование и электроснабжение предприятий;Очная форма;Бакалавриат
2262;Академический отпуск;2ЭСб-1П;3;Факультет энергетики и управления (ФЭУ);Кафедра «Электромеханика» (ЭМ);13.03.02;Электроэнергетика и электротехника;Электроснабжение;Очная форма;Бакалавриат
2263;Академический отпуск;2ЭСб-1П;3;Факультет энергетики и управления (ФЭУ);Кафедра «Электромеханика» (ЭМ);13.03.02;Электроэнергетика и электротехника;Электроснабжение;Очная форма;Бакалавриат
2264;Обучается;2ЭСб-1П;3;Факультет энергетики и управления (ФЭУ);Кафедра «Электромеханика» (ЭМ);13.03.02;Электроэнергетика и электротехника;Электроснабжение;Очная форма;Бакалавриат
2265;Обучается;2ЭСб-1П;3;Факультет энергетики и управления (ФЭУ);Кафедра «Электромеханика» (ЭМ);13.03.02;Электроэнергетика и электротехника;Электроснабжение;Очная форма;Бакалавриат
2266;Академический отпуск;2ЭСб-1П;3;Факультет энергетики и управления (ФЭУ);Кафедра «Электромеханика» (ЭМ);13.03.02;Электроэнергетика и электротехника;Электроснабжение;Очная форма;Бакалавриат
2267;Академический отпуск;2ЭСб-1П;3;Факультет энергетики и управления (ФЭУ);Кафедра «Электромеханика» (ЭМ);13.03.02;Электроэнергетика и электротехника;Электроснабжение;Очная форма;Бакалавриат
2268;Обучается;2ЭСб-1П;3;Факультет энергетики и управления (ФЭУ);Кафедра «Электромеханика» (ЭМ);13.03.02;Электроэнергетика и электротехника;Электроснабжение;Очная форма;Бакалавриат
2269;Академический отпуск;2ЭСб-1П;3;Факультет энергетики и управления (ФЭУ);Кафедра «Электромеханика» (ЭМ);13.03.02;Электроэнергетика и электротехника;Электроснабжение;Очная форма;Бакалавриат
2270;Обучается;2ЭСб-1П;3;Факультет энергетики и управления (ФЭУ);Кафедра «Электромеханика» (ЭМ);13.03.02;Электроэнергетика и электротехника;Электроснабжение;Очная форма;Бакалавриат
2271;Обучается;2ЭСб-1П;3;Факультет энергетики и управления (ФЭУ);Кафедра «Электромеханика» (ЭМ);13.03.02;Электроэнергетика и электротехника;Электроснабжение;Очная форма;Бакалавриат
2272;Обучается;1ЭСб-1;4;Факультет энергетики и управления (ФЭУ);Кафедра «Электромеханика» (ЭМ);13.03.02;Электроэнергетика и электротехника;Электроснабжение;Очная форма;Бакалавриат
2273;Обучается;1ЭСб-1;4;Факультет энергетики и управления (ФЭУ);Кафедра «Электромеханика» (ЭМ);13.03.02;Электроэнергетика и электротехника;Электроснабжение;Очная форма;Бакалавриат
2274;Обучается;1ЭСб-1;4;Факультет энергетики и управления (ФЭУ);Кафедра «Электромеханика» (ЭМ);13.03.02;Электроэнергетика и электротехника;Электроснабжение;Очная форма;Бакалавриат
2275;Обучается;1ЭСб-1;4;Факультет энергетики и управления (ФЭУ);Кафедра «Электромеханика» (ЭМ);13.03.02;Электроэнергетика и электротехника;Электроснабжение;Очная форма;Бакалавриат
2276;Обучается;1ЭСб-1;4;Факультет энергетики и управления (ФЭУ);Кафедра «Электромеханика» (ЭМ);13.03.02;Электроэнергетика и электротехника;Электроснабжение;Очная форма;Бакалавриат
2277;Обучается;1ЭСб-1;4;Факультет энергетики и управления (ФЭУ);Кафедра «Электромеханика» (ЭМ);13.03.02;Электроэнергетика и электротехника;Электроснабжение;Очная форма;Бакалавриат
2278;Обучается;1ЭСб-1;4;Факультет энергетики и управления (ФЭУ);Кафедра «Электромеханика» (ЭМ);13.03.02;Электроэнергетика и электротехника;Электроснабжение;Очная форма;Бакалавриат
2279;Обучается;1ЭСб-1;4;Факультет энергетики и управления (ФЭУ);Кафедра «Электромеханика» (ЭМ);13.03.02;Электроэнергетика и электротехника;Электроснабжение;Очная форма;Бакалавриат
2280;Обучается;1ЭСб-1;4;Факультет энергетики и управления (ФЭУ);Кафедра «Электромеханика» (ЭМ);13.03.02;Электроэнергетика и электротехника;Электроснабжение;Очная форма;Бакалавриат
2281;Обучается;1ЭСб-1;4;Факультет энергетики и управления (ФЭУ);Кафедра «Электромеханика» (ЭМ);13.03.02;Электроэнергетика и электротехника;Электроснабжение;Очная форма;Бакалавриат
2282;Обучается;1ЭСб-1;4;Факультет энергетики и управления (ФЭУ);Кафедра «Электромеханика» (ЭМ);13.03.02;Электроэнергетика и электротехника;Электроснабжение;Очная форма;Бакалавриат
2283;Академический отпуск;3СЭ-1П;2;Факультет энергетики и управления (ФЭУ);Кафедра «Электромеханика» (ЭМ);13.05.02;Специальные электромеханические системы;Электромеханические системы специальных устройств и изделий;Очная форма;Специалитет
2284;Обучается;3СЭ-1П;2;Факультет энергетики и управления (ФЭУ);Кафедра «Электромеханика» (ЭМ);13.05.02;Специальные электромеханические системы;Электромеханические системы специальных устройств и изделий;Очная форма;Специалитет
2285;Академический отпуск;3СЭ-1П;2;Факультет энергетики и управления (ФЭУ);Кафедра «Электромеханика» (ЭМ);13.05.02;Специальные электромеханические системы;Электромеханические системы специальных устройств и изделий;Очная форма;Специалитет
2286;Обучается;3СЭ-1П;2;Факультет энергетики и управления (ФЭУ);Кафедра «Электромеханика» (ЭМ);13.05.02;Специальные электромеханические системы;Электромеханические системы специальных устройств и изделий;Очная форма;Специалитет
2287;Академический отпуск;3СЭ-1П;2;Факультет энергетики и управления (ФЭУ);Кафедра «Электромеханика» (ЭМ);13.05.02;Специальные электромеханические системы;Электромеханические системы специальных устройств и изделий;Очная форма;Специалитет
2288;Обучается;3СЭ-1П;2;Факультет энергетики и управления (ФЭУ);Кафедра «Электромеханика» (ЭМ);13.05.02;Специальные электромеханические системы;Электромеханические системы специальных устройств и изделий;Очная форма;Специалитет
2289;Академический отпуск;3СЭ-1П;2;Факультет энергетики и управления (ФЭУ);Кафедра «Электромеханика» (ЭМ);13.05.02;Специальные электромеханические системы;Электромеханические системы специальных устройств и изделий;Очная форма;Специалитет
2290;Обучается;3СЭ-1П;2;Факультет энергетики и управления (ФЭУ);Кафедра «Электромеханика» (ЭМ);13.05.02;Специальные электромеханические системы;Электромеханические системы специальных устройств и изделий;Очная форма;Специалитет
2291;Обучается;3СЭ-1П;2;Факультет энергетики и управления (ФЭУ);Кафедра «Электромеханика» (ЭМ);13.05.02;Специальные электромеханические системы;Электромеханические системы специальных устройств и изделий;Очная форма;Специалитет
2292;Обучается;3СЭ-1П;2;Факультет энергетики и управления (ФЭУ);Кафедра «Электромеханика» (ЭМ);13.05.02;Специальные электромеханические системы;Электромеханические системы специальных устройств и изделий;Очная форма;Специалитет
2293;Обучается;3СЭ-1П;2;Факультет энергетики и управления (ФЭУ);Кафедра «Электромеханика» (ЭМ);13.05.02;Специальные электромеханические системы;Электромеханические системы специальных устройств и изделий;Очная форма;Специалитет
2294;Обучается;3СЭ-1П;2;Факультет энергетики и управления (ФЭУ);Кафедра «Электромеханика» (ЭМ);13.05.02;Специальные электромеханические системы;Электромеханические системы специальных устройств и изделий;Очная форма;Специалитет
2295;Обучается;3СЭ-1П;2;Факультет энергетики и управления (ФЭУ);Кафедра «Электромеханика» (ЭМ);13.05.02;Специальные электромеханические системы;Электромеханические системы специальных устройств и изделий;Очная форма;Специалитет
2296;Обучается;3СЭ-1П;2;Факультет энергетики и управления (ФЭУ);Кафедра «Электромеханика» (ЭМ);13.05.02;Специальные электромеханические системы;Электромеханические системы специальных устройств и изделий;Очная форма;Специалитет
2297;Академический отпуск;3СЭ-1П;2;Факультет энергетики и управления (ФЭУ);Кафедра «Электромеханика» (ЭМ);13.05.02;Специальные электромеханические системы;Электромеханические системы специальных устройств и изделий;Очная форма;Специалитет
2298;Академический отпуск;3СЭ-1П;2;Факультет энергетики и управления (ФЭУ);Кафедра «Электромеханика» (ЭМ);13.05.02;Специальные электромеханические системы;Электромеханические системы специальных устройств и изделий;Очная форма;Специалитет
2299;Академический отпуск;2СЭ-1П;3;Факультет энергетики и управления (ФЭУ);Кафедра «Электромеханика» (ЭМ);13.05.02;Специальные электромеханические системы;Электромеханические системы специальных устройств и изделий;Очная форма;Специалитет
2300;Академический отпуск;2СЭ-1П;3;Факультет энергетики и управления (ФЭУ);Кафедра «Электромеханика» (ЭМ);13.05.02;Специальные электромеханические системы;Электромеханические системы специальных устройств и изделий;Очная форма;Специалитет
2301;Обучается;2СЭ-1П;3;Факультет энергетики и управления (ФЭУ);Кафедра «Электромеханика» (ЭМ);13.05.02;Специальные электромеханические системы;Электромеханические системы специальных устройств и изделий;Очная форма;Специалитет
2302;Обучается;2СЭ-1П;3;Факультет энергетики и управления (ФЭУ);Кафедра «Электромеханика» (ЭМ);13.05.02;Специальные электромеханические системы;Электромеханические системы специальных устройств и изделий;Очная форма;Специалитет
2303;Обучается;2СЭ-1П;3;Факультет энергетики и управления (ФЭУ);Кафедра «Электромеханика» (ЭМ);13.05.02;Специальные электромеханические системы;Электромеханические системы специальных устройств и изделий;Очная форма;Специалитет
2304;Обучается;2СЭ-1П;3;Факультет энергетики и управления (ФЭУ);Кафедра «Электромеханика» (ЭМ);13.05.02;Специальные электромеханические системы;Электромеханические системы специальных устройств и изделий;Очная форма;Специалитет
2305;Обучается;2СЭ-1П;3;Факультет энергетики и управления (ФЭУ);Кафедра «Электромеханика» (ЭМ);13.05.02;Специальные электромеханические системы;Электромеханические системы специальных устройств и изделий;Очная форма;Специалитет
2306;Обучается;2СЭ-1П;3;Факультет энергетики и управления (ФЭУ);Кафедра «Электромеханика» (ЭМ);13.05.02;Специальные электромеханические системы;Электромеханические системы специальных устройств и изделий;Очная форма;Специалитет
2307;Обучается;2СЭ-1П;3;Факультет энергетики и управления (ФЭУ);Кафедра «Электромеханика» (ЭМ);13.05.02;Специальные электромеханические системы;Электромеханические системы специальных устройств и изделий;Очная форма;Специалитет
2308;Академический отпуск;2СЭ-1П;3;Факультет энергетики и управления (ФЭУ);Кафедра «Электромеханика» (ЭМ);13.05.02;Специальные электромеханические системы;Электромеханические системы специальных устройств и изделий;Очная форма;Специалитет
2309;Обучается;2СЭ-1П;3;Факультет энергетики и управления (ФЭУ);Кафедра «Электромеханика» (ЭМ);13.05.02;Специальные электромеханические системы;Электромеханические системы специальных устройств и изделий;Очная форма;Специалитет
2310;Обучается;1СЭ-1П;4;Факультет энергетики и управления (ФЭУ);Кафедра «Электромеханика» (ЭМ);13.05.02;Специальные электромеханические системы;Электромеханические системы специальных устройств и изделий;Очная форма;Специалитет
2311;Обучается;1СЭ-1П;4;Факультет энергетики и управления (ФЭУ);Кафедра «Электромеханика» (ЭМ);13.05.02;Специальные электромеханические системы;Электромеханические системы специальных устройств и изделий;Очная форма;Специалитет
2312;Обучается;1СЭ-1П;4;Факультет энергетики и управления (ФЭУ);Кафедра «Электромеханика» (ЭМ);13.05.02;Специальные электромеханические системы;Электромеханические системы специальных устройств и изделий;Очная форма;Специалитет
2313;Обучается;1СЭ-1П;4;Факультет энергетики и управления (ФЭУ);Кафедра «Электромеханика» (ЭМ);13.05.02;Специальные электромеханические системы;Электромеханические системы специальных устройств и изделий;Очная форма;Специалитет
2314;Обучается;1СЭ-1П;4;Факультет энергетики и управления (ФЭУ);Кафедра «Электромеханика» (ЭМ);13.05.02;Специальные электромеханические системы;Электромеханические системы специальных устройств и изделий;Очная форма;Специалитет
2315;Обучается;1СЭ-1П;4;Факультет энергетики и управления (ФЭУ);Кафедра «Электромеханика» (ЭМ);13.05.02;Специальные электромеханические системы;Электромеханические системы специальных устройств и изделий;Очная форма;Специалитет
2316;Обучается;1СЭ-1П;4;Факультет энергетики и управления (ФЭУ);Кафедра «Электромеханика» (ЭМ);13.05.02;Специальные электромеханические системы;Электромеханические системы специальных устройств и изделий;Очная форма;Специалитет
2317;Академический отпуск;4ЭТб-1П;1;Факультет энергетики и управления (ФЭУ);Кафедра «Электропривод и автоматизация промышленных установок» (ЭПАПУ);13.03.02;Электроэнергетика и электротехника;Электропривод и автоматика;Очная форма;Бакалавриат
2318;Обучается;4ЭТб-1П;1;Факультет энергетики и управления (ФЭУ);Кафедра «Электропривод и автоматизация промышленных установок» (ЭПАПУ);13.03.02;Электроэнергетика и электротехника;Электропривод и автоматика;Очная форма;Бакалавриат
2319;Обучается;4ЭТб-1П;1;Факультет энергетики и управления (ФЭУ);Кафедра «Электропривод и автоматизация промышленных установок» (ЭПАПУ);13.03.02;Электроэнергетика и электротехника;Электропривод и автоматика;Очная форма;Бакалавриат
2320;Академический отпуск;4ЭТб-1П;1;Факультет энергетики и управления (ФЭУ);Кафедра «Электропривод и автоматизация промышленных установок» (ЭПАПУ);13.03.02;Электроэнергетика и электротехника;Электропривод и автоматика;Очная форма;Бакалавриат
2321;Обучается;4ЭТб-1П;1;Факультет энергетики и управления (ФЭУ);Кафедра «Электропривод и автоматизация промышленных установок» (ЭПАПУ);13.03.02;Электроэнергетика и электротехника;Электропривод и автоматика;Очная форма;Бакалавриат
2322;Академический отпуск;4ЭТб-1П;1;Факультет энергетики и управления (ФЭУ);Кафедра «Электропривод и автоматизация промышленных установок» (ЭПАПУ);13.03.02;Электроэнергетика и электротехника;Электропривод и автоматика;Очная форма;Бакалавриат
2323;Обучается;4ЭТб-1П;1;Факультет энергетики и управления (ФЭУ);Кафедра «Электропривод и автоматизация промышленных установок» (ЭПАПУ);13.03.02;Электроэнергетика и электротехника;Электропривод и автоматика;Очная форма;Бакалавриат
2324;Академический отпуск;4ЭТб-1П;1;Факультет энергетики и управления (ФЭУ);Кафедра «Электропривод и автоматизация промышленных установок» (ЭПАПУ);13.03.02;Электроэнергетика и электротехника;Электропривод и автоматика;Очная форма;Бакалавриат
2325;Обучается;4ЭТб-1П;1;Факультет энергетики и управления (ФЭУ);Кафедра «Электропривод и автоматизация промышленных установок» (ЭПАПУ);13.03.02;Электроэнергетика и электротехника;Электропривод и автоматика;Очная форма;Бакалавриат
2326;Академический отпуск;4ЭТб-1П;1;Факультет энергетики и управления (ФЭУ);Кафедра «Электропривод и автоматизация промышленных установок» (ЭПАПУ);13.03.02;Электроэнергетика и электротехника;Электропривод и автоматика;Очная форма;Бакалавриат
2327;Обучается;4ЭТб-1П;1;Факультет энергетики и управления (ФЭУ);Кафедра «Электропривод и автоматизация промышленных установок» (ЭПАПУ);13.03.02;Электроэнергетика и электротехника;Электропривод и автоматика;Очная форма;Бакалавриат
2328;Обучается;4ЭТб-1П;1;Факультет энергетики и управления (ФЭУ);Кафедра «Электропривод и автоматизация промышленных установок» (ЭПАПУ);13.03.02;Электроэнергетика и электротехника;Электропривод и автоматика;Очная форма;Бакалавриат
2329;Обучается;4ЭТб-1П;1;Факультет энергетики и управления (ФЭУ);Кафедра «Электропривод и автоматизация промышленных установок» (ЭПАПУ);13.03.02;Электроэнергетика и электротехника;Электропривод и автоматика;Очная форма;Бакалавриат
2330;Обучается;3ЭЛб-1;2;Факультет энергетики и управления (ФЭУ);Кафедра «Электропривод и автоматизация промышленных установок» (ЭПАПУ);13.03.02;Электроэнергетика и электротехника;Электропривод и автоматика;Очная форма;Бакалавриат
2331;Академический отпуск;3ЭЛб-1;2;Факультет энергетики и управления (ФЭУ);Кафедра «Электропривод и автоматизация промышленных установок» (ЭПАПУ);13.03.02;Электроэнергетика и электротехника;Электропривод и автоматика;Очная форма;Бакалавриат
2332;Обучается;3ЭЛб-1;2;Факультет энергетики и управления (ФЭУ);Кафедра «Электропривод и автоматизация промышленных установок» (ЭПАПУ);13.03.02;Электроэнергетика и электротехника;Электропривод и автоматика;Очная форма;Бакалавриат
2333;Обучается;3ЭЛб-1;2;Факультет энергетики и управления (ФЭУ);Кафедра «Электропривод и автоматизация промышленных установок» (ЭПАПУ);13.03.02;Электроэнергетика и электротехника;Электропривод и автоматика;Очная форма;Бакалавриат
2334;Обучается;3ЭЛб-1;2;Факультет энергетики и управления (ФЭУ);Кафедра «Электропривод и автоматизация промышленных установок» (ЭПАПУ);13.03.02;Электроэнергетика и электротехника;Электропривод и автоматика;Очная форма;Бакалавриат
2335;Обучается;3ЭЛб-1;2;Факультет энергетики и управления (ФЭУ);Кафедра «Электропривод и автоматизация промышленных установок» (ЭПАПУ);13.03.02;Электроэнергетика и электротехника;Электропривод и автоматика;Очная форма;Бакалавриат
2336;Обучается;3ЭЛб-1;2;Факультет энергетики и управления (ФЭУ);Кафедра «Электропривод и автоматизация промышленных установок» (ЭПАПУ);13.03.02;Электроэнергетика и электротехника;Электропривод и автоматика;Очная форма;Бакалавриат
2337;Академический отпуск;3ЭЛб-1;2;Факультет энергетики и управления (ФЭУ);Кафедра «Электропривод и автоматизация промышленных установок» (ЭПАПУ);13.03.02;Электроэнергетика и электротехника;Электропривод и автоматика;Очная форма;Бакалавриат
2338;Обучается;3ЭЛб-1;2;Факультет энергетики и управления (ФЭУ);Кафедра «Электропривод и автоматизация промышленных установок» (ЭПАПУ);13.03.02;Электроэнергетика и электротехника;Электропривод и автоматика;Очная форма;Бакалавриат
2339;Обучается;3ЭЛб-1;2;Факультет энергетики и управления (ФЭУ);Кафедра «Электропривод и автоматизация промышленных установок» (ЭПАПУ);13.03.02;Электроэнергетика и электротехника;Электропривод и автоматика;Очная форма;Бакалавриат
2340;Обучается;3ЭЛб-1;2;Факультет энергетики и управления (ФЭУ);Кафедра «Электропривод и автоматизация промышленных установок» (ЭПАПУ);13.03.02;Электроэнергетика и электротехника;Электропривод и автоматика;Очная форма;Бакалавриат
2341;Обучается;3ЭЛб-1;2;Факультет энергетики и управления (ФЭУ);Кафедра «Электропривод и автоматизация промышленных установок» (ЭПАПУ);13.03.02;Электроэнергетика и электротехника;Электропривод и автоматика;Очная форма;Бакалавриат
2342;Обучается;3ЭЛб-1;2;Факультет энергетики и управления (ФЭУ);Кафедра «Электропривод и автоматизация промышленных установок» (ЭПАПУ);13.03.02;Электроэнергетика и электротехника;Электропривод и автоматика;Очная форма;Бакалавриат
2343;Обучается;3ЭЛб-1;2;Факультет энергетики и управления (ФЭУ);Кафедра «Электропривод и автоматизация промышленных установок» (ЭПАПУ);13.03.02;Электроэнергетика и электротехника;Электропривод и автоматика;Очная форма;Бакалавриат
2344;Обучается;3ЭЛб-1;2;Факультет энергетики и управления (ФЭУ);Кафедра «Электропривод и автоматизация промышленных установок» (ЭПАПУ);13.03.02;Электроэнергетика и электротехника;Электропривод и автоматика;Очная форма;Бакалавриат
2345;Обучается;3ЭЛб-1;2;Факультет энергетики и управления (ФЭУ);Кафедра «Электропривод и автоматизация промышленных установок» (ЭПАПУ);13.03.02;Электроэнергетика и электротехника;Электропривод и автоматика;Очная форма;Бакалавриат
2346;Обучается;3ЭЛб-1;2;Факультет энергетики и управления (ФЭУ);Кафедра «Электропривод и автоматизация промышленных установок» (ЭПАПУ);13.03.02;Электроэнергетика и электротехника;Электропривод и автоматика;Очная форма;Бакалавриат
2347;Обучается;3ЭЛб-1;2;Факультет энергетики и управления (ФЭУ);Кафедра «Электропривод и автоматизация промышленных установок» (ЭПАПУ);13.03.02;Электроэнергетика и электротехника;Электропривод и автоматика;Очная форма;Бакалавриат
2348;Обучается;4ЭЛб-2К;2;Факультет энергетики и управления (ФЭУ);Кафедра «Электропривод и автоматизация промышленных установок» (ЭПАПУ);13.03.02;Электроэнергетика и электротехника;Электропривод и автоматизация;Очная форма;Бакалавриат
2349;Обучается;4ЭЛб-2К;2;Факультет энергетики и управления (ФЭУ);Кафедра «Электропривод и автоматизация промышленных установок» (ЭПАПУ);13.03.02;Электроэнергетика и электротехника;Электропривод и автоматизация;Очная форма;Бакалавриат
2350;Обучается;4ЭЛб-2К;2;Факультет энергетики и управления (ФЭУ);Кафедра «Электропривод и автоматизация промышленных установок» (ЭПАПУ);13.03.02;Электроэнергетика и электротехника;Электропривод и автоматизация;Очная форма;Бакалавриат
2351;Обучается;4ЭЛб-2К;2;Факультет энергетики и управления (ФЭУ);Кафедра «Электропривод и автоматизация промышленных установок» (ЭПАПУ);13.03.02;Электроэнергетика и электротехника;Электропривод и автоматизация;Очная форма;Бакалавриат
2352;Обучается;4ЭЛб-2К;2;Факультет энергетики и управления (ФЭУ);Кафедра «Электропривод и автоматизация промышленных установок» (ЭПАПУ);13.03.02;Электроэнергетика и электротехника;Электропривод и автоматизация;Очная форма;Бакалавриат
2353;Обучается;4ЭЛб-2К;2;Факультет энергетики и управления (ФЭУ);Кафедра «Электропривод и автоматизация промышленных установок» (ЭПАПУ);13.03.02;Электроэнергетика и электротехника;Электропривод и автоматизация;Очная форма;Бакалавриат
2354;Обучается;4ЭЛб-2К;2;Факультет энергетики и управления (ФЭУ);Кафедра «Электропривод и автоматизация промышленных установок» (ЭПАПУ);13.03.02;Электроэнергетика и электротехника;Электропривод и автоматизация;Очная форма;Бакалавриат
2355;Обучается;4ЭЛб-2К;2;Факультет энергетики и управления (ФЭУ);Кафедра «Электропривод и автоматизация промышленных установок» (ЭПАПУ);13.03.02;Электроэнергетика и электротехника;Электропривод и автоматизация;Очная форма;Бакалавриат
2356;Обучается;4ЭЛб-2К;2;Факультет энергетики и управления (ФЭУ);Кафедра «Электропривод и автоматизация промышленных установок» (ЭПАПУ);13.03.02;Электроэнергетика и электротехника;Электропривод и автоматизация;Очная форма;Бакалавриат
2357;Обучается;4ЭЛб-2К;2;Факультет энергетики и управления (ФЭУ);Кафедра «Электропривод и автоматизация промышленных установок» (ЭПАПУ);13.03.02;Электроэнергетика и электротехника;Электропривод и автоматизация;Очная форма;Бакалавриат
2358;Обучается;4ЭЛб-2К;2;Факультет энергетики и управления (ФЭУ);Кафедра «Электропривод и автоматизация промышленных установок» (ЭПАПУ);13.03.02;Электроэнергетика и электротехника;Электропривод и автоматизация;Очная форма;Бакалавриат
2359;Обучается;4ЭЛб-2К;2;Факультет энергетики и управления (ФЭУ);Кафедра «Электропривод и автоматизация промышленных установок» (ЭПАПУ);13.03.02;Электроэнергетика и электротехника;Электропривод и автоматизация;Очная форма;Бакалавриат
2360;Обучается;4ЭЛб-2К;2;Факультет энергетики и управления (ФЭУ);Кафедра «Электропривод и автоматизация промышленных установок» (ЭПАПУ);13.03.02;Электроэнергетика и электротехника;Электропривод и автоматизация;Очная форма;Бакалавриат
2361;Обучается;4ЭЛб-2К;2;Факультет энергетики и управления (ФЭУ);Кафедра «Электропривод и автоматизация промышленных установок» (ЭПАПУ);13.03.02;Электроэнергетика и электротехника;Электропривод и автоматизация;Очная форма;Бакалавриат
2362;Обучается;4ЭЛб-2К;2;Факультет энергетики и управления (ФЭУ);Кафедра «Электропривод и автоматизация промышленных установок» (ЭПАПУ);13.03.02;Электроэнергетика и электротехника;Электропривод и автоматизация;Очная форма;Бакалавриат
2363;Обучается;4ЭЛб-2К;2;Факультет энергетики и управления (ФЭУ);Кафедра «Электропривод и автоматизация промышленных установок» (ЭПАПУ);13.03.02;Электроэнергетика и электротехника;Электропривод и автоматизация;Очная форма;Бакалавриат
2364;Обучается;4ЭЛб-2К;2;Факультет энергетики и управления (ФЭУ);Кафедра «Электропривод и автоматизация промышленных установок» (ЭПАПУ);13.03.02;Электроэнергетика и электротехника;Электропривод и автоматизация;Очная форма;Бакалавриат
2365;Обучается;4ЭЛб-2К;2;Факультет энергетики и управления (ФЭУ);Кафедра «Электропривод и автоматизация промышленных установок» (ЭПАПУ);13.03.02;Электроэнергетика и электротехника;Электропривод и автоматизация;Очная форма;Бакалавриат
2366;Обучается;4ЭЛб-2К;2;Факультет энергетики и управления (ФЭУ);Кафедра «Электропривод и автоматизация промышленных установок» (ЭПАПУ);13.03.02;Электроэнергетика и электротехника;Электропривод и автоматизация;Очная форма;Бакалавриат
2367;Обучается;4ЭЛб-2К;2;Факультет энергетики и управления (ФЭУ);Кафедра «Электропривод и автоматизация промышленных установок» (ЭПАПУ);13.03.02;Электроэнергетика и электротехника;Электропривод и автоматизация;Очная форма;Бакалавриат
2368;Обучается;4ЭЛб-2К;2;Факультет энергетики и управления (ФЭУ);Кафедра «Электропривод и автоматизация промышленных установок» (ЭПАПУ);13.03.02;Электроэнергетика и электротехника;Электропривод и автоматизация;Очная форма;Бакалавриат
2369;Обучается;4ЭЛб-2К;2;Факультет энергетики и управления (ФЭУ);Кафедра «Электропривод и автоматизация промышленных установок» (ЭПАПУ);13.03.02;Электроэнергетика и электротехника;Электропривод и автоматизация;Очная форма;Бакалавриат
2370;Обучается;4ЭЛб-2К;2;Факультет энергетики и управления (ФЭУ);Кафедра «Электропривод и автоматизация промышленных установок» (ЭПАПУ);13.03.02;Электроэнергетика и электротехника;Электропривод и автоматизация;Очная форма;Бакалавриат
2371;Обучается;4ЭЛб-2К;2;Факультет энергетики и управления (ФЭУ);Кафедра «Электропривод и автоматизация промышленных установок» (ЭПАПУ);13.03.02;Электроэнергетика и электротехника;Электропривод и автоматизация;Очная форма;Бакалавриат
2372;Обучается;4ЭЛб-2К;2;Факультет энергетики и управления (ФЭУ);Кафедра «Электропривод и автоматизация промышленных установок» (ЭПАПУ);13.03.02;Электроэнергетика и электротехника;Электропривод и автоматизация;Очная форма;Бакалавриат
2373;Обучается;4ЭЛб-2К;2;Факультет энергетики и управления (ФЭУ);Кафедра «Электропривод и автоматизация промышленных установок» (ЭПАПУ);13.03.02;Электроэнергетика и электротехника;Электропривод и автоматизация;Очная форма;Бакалавриат
2374;Обучается;4ЭЛб-2К;2;Факультет энергетики и управления (ФЭУ);Кафедра «Электропривод и автоматизация промышленных установок» (ЭПАПУ);13.03.02;Электроэнергетика и электротехника;Электропривод и автоматизация;Очная форма;Бакалавриат
2375;Обучается;4ЭЛб-2К;2;Факультет энергетики и управления (ФЭУ);Кафедра «Электропривод и автоматизация промышленных установок» (ЭПАПУ);13.03.02;Электроэнергетика и электротехника;Электропривод и автоматизация;Очная форма;Бакалавриат
2376;Обучается;4ЭЛб-2К;2;Факультет энергетики и управления (ФЭУ);Кафедра «Электропривод и автоматизация промышленных установок» (ЭПАПУ);13.03.02;Электроэнергетика и электротехника;Электропривод и автоматизация;Очная форма;Бакалавриат
2377;Обучается;4ЭЛб-2К;2;Факультет энергетики и управления (ФЭУ);Кафедра «Электропривод и автоматизация промышленных установок» (ЭПАПУ);13.03.02;Электроэнергетика и электротехника;Электропривод и автоматизация;Очная форма;Бакалавриат
2378;Обучается;4ЭЛб-2К;2;Факультет энергетики и управления (ФЭУ);Кафедра «Электропривод и автоматизация промышленных установок» (ЭПАПУ);13.03.02;Электроэнергетика и электротехника;Электропривод и автоматизация;Очная форма;Бакалавриат
2379;Обучается;4ЭЛб-2К;2;Факультет энергетики и управления (ФЭУ);Кафедра «Электропривод и автоматизация промышленных установок» (ЭПАПУ);13.03.02;Электроэнергетика и электротехника;Электропривод и автоматизация;Очная форма;Бакалавриат
2380;Обучается;4ЭЛб-3К;2;Факультет энергетики и управления (ФЭУ);Кафедра «Электропривод и автоматизация промышленных установок» (ЭПАПУ);13.03.02;Электроэнергетика и электротехника;Электропривод и автоматизация;Очная форма;Бакалавриат
2381;Обучается;4ЭЛб-3К;2;Факультет энергетики и управления (ФЭУ);Кафедра «Электропривод и автоматизация промышленных установок» (ЭПАПУ);13.03.02;Электроэнергетика и электротехника;Электропривод и автоматизация;Очная форма;Бакалавриат
2382;Обучается;4ЭЛб-3К;2;Факультет энергетики и управления (ФЭУ);Кафедра «Электропривод и автоматизация промышленных установок» (ЭПАПУ);13.03.02;Электроэнергетика и электротехника;Электропривод и автоматизация;Очная форма;Бакалавриат
2383;Обучается;4ЭЛб-3К;2;Факультет энергетики и управления (ФЭУ);Кафедра «Электропривод и автоматизация промышленных установок» (ЭПАПУ);13.03.02;Электроэнергетика и электротехника;Электропривод и автоматизация;Очная форма;Бакалавриат
2384;Обучается;4ЭЛб-3К;2;Факультет энергетики и управления (ФЭУ);Кафедра «Электропривод и автоматизация промышленных установок» (ЭПАПУ);13.03.02;Электроэнергетика и электротехника;Электропривод и автоматизация;Очная форма;Бакалавриат
2385;Обучается;4ЭЛб-3К;2;Факультет энергетики и управления (ФЭУ);Кафедра «Электропривод и автоматизация промышленных установок» (ЭПАПУ);13.03.02;Электроэнергетика и электротехника;Электропривод и автоматизация;Очная форма;Бакалавриат
2386;Обучается;4ЭЛб-3К;2;Факультет энергетики и управления (ФЭУ);Кафедра «Электропривод и автоматизация промышленных установок» (ЭПАПУ);13.03.02;Электроэнергетика и электротехника;Электропривод и автоматизация;Очная форма;Бакалавриат
2387;Обучается;4ЭЛб-3К;2;Факультет энергетики и управления (ФЭУ);Кафедра «Электропривод и автоматизация промышленных установок» (ЭПАПУ);13.03.02;Электроэнергетика и электротехника;Электропривод и автоматизация;Очная форма;Бакалавриат
2388;Обучается;4ЭЛб-3К;2;Факультет энергетики и управления (ФЭУ);Кафедра «Электропривод и автоматизация промышленных установок» (ЭПАПУ);13.03.02;Электроэнергетика и электротехника;Электропривод и автоматизация;Очная форма;Бакалавриат
2389;Обучается;4ЭЛб-3К;2;Факультет энергетики и управления (ФЭУ);Кафедра «Электропривод и автоматизация промышленных установок» (ЭПАПУ);13.03.02;Электроэнергетика и электротехника;Электропривод и автоматизация;Очная форма;Бакалавриат
2390;Обучается;4ЭЛб-3К;2;Факультет энергетики и управления (ФЭУ);Кафедра «Электропривод и автоматизация промышленных установок» (ЭПАПУ);13.03.02;Электроэнергетика и электротехника;Электропривод и автоматизация;Очная форма;Бакалавриат
2391;Обучается;4ЭЛб-3К;2;Факультет энергетики и управления (ФЭУ);Кафедра «Электропривод и автоматизация промышленных установок» (ЭПАПУ);13.03.02;Электроэнергетика и электротехника;Электропривод и автоматизация;Очная форма;Бакалавриат
2392;Обучается;4ЭЛб-3К;2;Факультет энергетики и управления (ФЭУ);Кафедра «Электропривод и автоматизация промышленных установок» (ЭПАПУ);13.03.02;Электроэнергетика и электротехника;Электропривод и автоматизация;Очная форма;Бакалавриат
2393;Обучается;4ЭЛб-3К;2;Факультет энергетики и управления (ФЭУ);Кафедра «Электропривод и автоматизация промышленных установок» (ЭПАПУ);13.03.02;Электроэнергетика и электротехника;Электропривод и автоматизация;Очная форма;Бакалавриат
2394;Обучается;4ЭЛб-3К;2;Факультет энергетики и управления (ФЭУ);Кафедра «Электропривод и автоматизация промышленных установок» (ЭПАПУ);13.03.02;Электроэнергетика и электротехника;Электропривод и автоматизация;Очная форма;Бакалавриат
2395;Обучается;4ЭЛб-3К;2;Факультет энергетики и управления (ФЭУ);Кафедра «Электропривод и автоматизация промышленных установок» (ЭПАПУ);13.03.02;Электроэнергетика и электротехника;Электропривод и автоматизация;Очная форма;Бакалавриат
2396;Обучается;4ЭЛб-3К;2;Факультет энергетики и управления (ФЭУ);Кафедра «Электропривод и автоматизация промышленных установок» (ЭПАПУ);13.03.02;Электроэнергетика и электротехника;Электропривод и автоматизация;Очная форма;Бакалавриат
2397;Обучается;4ЭЛб-3К;2;Факультет энергетики и управления (ФЭУ);Кафедра «Электропривод и автоматизация промышленных установок» (ЭПАПУ);13.03.02;Электроэнергетика и электротехника;Электропривод и автоматизация;Очная форма;Бакалавриат
2398;Обучается;4ЭЛб-3К;2;Факультет энергетики и управления (ФЭУ);Кафедра «Электропривод и автоматизация промышленных установок» (ЭПАПУ);13.03.02;Электроэнергетика и электротехника;Электропривод и автоматизация;Очная форма;Бакалавриат
2399;Обучается;4ЭЛб-3К;2;Факультет энергетики и управления (ФЭУ);Кафедра «Электропривод и автоматизация промышленных установок» (ЭПАПУ);13.03.02;Электроэнергетика и электротехника;Электропривод и автоматизация;Очная форма;Бакалавриат
2400;Обучается;4ЭЛб-3К;2;Факультет энергетики и управления (ФЭУ);Кафедра «Электропривод и автоматизация промышленных установок» (ЭПАПУ);13.03.02;Электроэнергетика и электротехника;Электропривод и автоматизация;Очная форма;Бакалавриат
2401;Обучается;4ЭЛб-3К;2;Факультет энергетики и управления (ФЭУ);Кафедра «Электропривод и автоматизация промышленных установок» (ЭПАПУ);13.03.02;Электроэнергетика и электротехника;Электропривод и автоматизация;Очная форма;Бакалавриат
2402;Обучается;4ЭЛб-3К;2;Факультет энергетики и управления (ФЭУ);Кафедра «Электропривод и автоматизация промышленных установок» (ЭПАПУ);13.03.02;Электроэнергетика и электротехника;Электропривод и автоматизация;Очная форма;Бакалавриат
2403;Обучается;4ЭЛб-3К;2;Факультет энергетики и управления (ФЭУ);Кафедра «Электропривод и автоматизация промышленных установок» (ЭПАПУ);13.03.02;Электроэнергетика и электротехника;Электропривод и автоматизация;Очная форма;Бакалавриат
2404;Обучается;4ЭЛб-3К;2;Факультет энергетики и управления (ФЭУ);Кафедра «Электропривод и автоматизация промышленных установок» (ЭПАПУ);13.03.02;Электроэнергетика и электротехника;Электропривод и автоматизация;Очная форма;Бакалавриат
2405;Обучается;4ЭЛб-3К;2;Факультет энергетики и управления (ФЭУ);Кафедра «Электропривод и автоматизация промышленных установок» (ЭПАПУ);13.03.02;Электроэнергетика и электротехника;Электропривод и автоматизация;Очная форма;Бакалавриат
2406;Обучается;4ЭЛб-3К;2;Факультет энергетики и управления (ФЭУ);Кафедра «Электропривод и автоматизация промышленных установок» (ЭПАПУ);13.03.02;Электроэнергетика и электротехника;Электропривод и автоматизация;Очная форма;Бакалавриат
2407;Обучается;4ЭЛб-3К;2;Факультет энергетики и управления (ФЭУ);Кафедра «Электропривод и автоматизация промышленных установок» (ЭПАПУ);13.03.02;Электроэнергетика и электротехника;Электропривод и автоматизация;Очная форма;Бакалавриат
2408;Обучается;4ЭЛб-3К;2;Факультет энергетики и управления (ФЭУ);Кафедра «Электропривод и автоматизация промышленных установок» (ЭПАПУ);13.03.02;Электроэнергетика и электротехника;Электропривод и автоматизация;Очная форма;Бакалавриат
2409;Обучается;4ЭЛб-3К;2;Факультет энергетики и управления (ФЭУ);Кафедра «Электропривод и автоматизация промышленных установок» (ЭПАПУ);13.03.02;Электроэнергетика и электротехника;Электропривод и автоматизация;Очная форма;Бакалавриат
2410;Обучается;4ЭЛб-3К;2;Факультет энергетики и управления (ФЭУ);Кафедра «Электропривод и автоматизация промышленных установок» (ЭПАПУ);13.03.02;Электроэнергетика и электротехника;Электропривод и автоматизация;Очная форма;Бакалавриат
2411;Обучается;2ЭЛб-1;3;Факультет энергетики и управления (ФЭУ);Кафедра «Электропривод и автоматизация промышленных установок» (ЭПАПУ);13.03.02;Электроэнергетика и электротехника;Электропривод и автоматика;Очная форма;Бакалавриат
2412;Обучается;2ЭЛб-1;3;Факультет энергетики и управления (ФЭУ);Кафедра «Электропривод и автоматизация промышленных установок» (ЭПАПУ);13.03.02;Электроэнергетика и электротехника;Электропривод и автоматика;Очная форма;Бакалавриат
2413;Обучается;2ЭЛб-1;3;Факультет энергетики и управления (ФЭУ);Кафедра «Электропривод и автоматизация промышленных установок» (ЭПАПУ);13.03.02;Электроэнергетика и электротехника;Электропривод и автоматика;Очная форма;Бакалавриат
2414;Обучается;2ЭЛб-1;3;Факультет энергетики и управления (ФЭУ);Кафедра «Электропривод и автоматизация промышленных установок» (ЭПАПУ);13.03.02;Электроэнергетика и электротехника;Электропривод и автоматика;Очная форма;Бакалавриат
2415;Обучается;2ЭЛб-1;3;Факультет энергетики и управления (ФЭУ);Кафедра «Электропривод и автоматизация промышленных установок» (ЭПАПУ);13.03.02;Электроэнергетика и электротехника;Электропривод и автоматика;Очная форма;Бакалавриат
2416;Обучается;2ЭЛб-1;3;Факультет энергетики и управления (ФЭУ);Кафедра «Электропривод и автоматизация промышленных установок» (ЭПАПУ);13.03.02;Электроэнергетика и электротехника;Электропривод и автоматика;Очная форма;Бакалавриат
2417;Обучается;2ЭЛб-1;3;Факультет энергетики и управления (ФЭУ);Кафедра «Электропривод и автоматизация промышленных установок» (ЭПАПУ);13.03.02;Электроэнергетика и электротехника;Электропривод и автоматика;Очная форма;Бакалавриат
2418;Обучается;2ЭЛб-1;3;Факультет энергетики и управления (ФЭУ);Кафедра «Электропривод и автоматизация промышленных установок» (ЭПАПУ);13.03.02;Электроэнергетика и электротехника;Электропривод и автоматика;Очная форма;Бакалавриат
2419;Обучается;2ЭЛб-1;3;Факультет энергетики и управления (ФЭУ);Кафедра «Электропривод и автоматизация промышленных установок» (ЭПАПУ);13.03.02;Электроэнергетика и электротехника;Электропривод и автоматика;Очная форма;Бакалавриат
2420;Обучается;2ЭЛб-1;3;Факультет энергетики и управления (ФЭУ);Кафедра «Электропривод и автоматизация промышленных установок» (ЭПАПУ);13.03.02;Электроэнергетика и электротехника;Электропривод и автоматика;Очная форма;Бакалавриат
2421;Обучается;2ЭЛб-1;3;Факультет энергетики и управления (ФЭУ);Кафедра «Электропривод и автоматизация промышленных установок» (ЭПАПУ);13.03.02;Электроэнергетика и электротехника;Электропривод и автоматика;Очная форма;Бакалавриат
2422;Обучается;2ЭЛб-1;3;Факультет энергетики и управления (ФЭУ);Кафедра «Электропривод и автоматизация промышленных установок» (ЭПАПУ);13.03.02;Электроэнергетика и электротехника;Электропривод и автоматика;Очная форма;Бакалавриат
2423;Обучается;2ЭЛб-1;3;Факультет энергетики и управления (ФЭУ);Кафедра «Электропривод и автоматизация промышленных установок» (ЭПАПУ);13.03.02;Электроэнергетика и электротехника;Электропривод и автоматика;Очная форма;Бакалавриат
2424;Обучается;2ЭЛб-1;3;Факультет энергетики и управления (ФЭУ);Кафедра «Электропривод и автоматизация промышленных установок» (ЭПАПУ);13.03.02;Электроэнергетика и электротехника;Электропривод и автоматика;Очная форма;Бакалавриат
2425;Обучается;3ЭЛб-3К;3;Факультет энергетики и управления (ФЭУ);Кафедра «Электропривод и автоматизация промышленных установок» (ЭПАПУ);13.03.02;Электроэнергетика и электротехника;Электропривод и автоматизация;Очная форма;Бакалавриат
2426;Обучается;3ЭЛб-3К;3;Факультет энергетики и управления (ФЭУ);Кафедра «Электропривод и автоматизация промышленных установок» (ЭПАПУ);13.03.02;Электроэнергетика и электротехника;Электропривод и автоматизация;Очная форма;Бакалавриат
2427;Обучается;3ЭЛб-3К;3;Факультет энергетики и управления (ФЭУ);Кафедра «Электропривод и автоматизация промышленных установок» (ЭПАПУ);13.03.02;Электроэнергетика и электротехника;Электропривод и автоматизация;Очная форма;Бакалавриат
2428;Обучается;3ЭЛб-3К;3;Факультет энергетики и управления (ФЭУ);Кафедра «Электропривод и автоматизация промышленных установок» (ЭПАПУ);13.03.02;Электроэнергетика и электротехника;Электропривод и автоматизация;Очная форма;Бакалавриат
2429;Обучается;3ЭЛб-3К;3;Факультет энергетики и управления (ФЭУ);Кафедра «Электропривод и автоматизация промышленных установок» (ЭПАПУ);13.03.02;Электроэнергетика и электротехника;Электропривод и автоматизация;Очная форма;Бакалавриат
2430;Обучается;3ЭЛб-3К;3;Факультет энергетики и управления (ФЭУ);Кафедра «Электропривод и автоматизация промышленных установок» (ЭПАПУ);13.03.02;Электроэнергетика и электротехника;Электропривод и автоматизация;Очная форма;Бакалавриат
2431;Обучается;3ЭЛб-3К;3;Факультет энергетики и управления (ФЭУ);Кафедра «Электропривод и автоматизация промышленных установок» (ЭПАПУ);13.03.02;Электроэнергетика и электротехника;Электропривод и автоматизация;Очная форма;Бакалавриат
2432;Обучается;3ЭЛб-3К;3;Факультет энергетики и управления (ФЭУ);Кафедра «Электропривод и автоматизация промышленных установок» (ЭПАПУ);13.03.02;Электроэнергетика и электротехника;Электропривод и автоматизация;Очная форма;Бакалавриат
2433;Обучается;3ЭЛб-3К;3;Факультет энергетики и управления (ФЭУ);Кафедра «Электропривод и автоматизация промышленных установок» (ЭПАПУ);13.03.02;Электроэнергетика и электротехника;Электропривод и автоматизация;Очная форма;Бакалавриат
2434;Обучается;3ЭЛб-3К;3;Факультет энергетики и управления (ФЭУ);Кафедра «Электропривод и автоматизация промышленных установок» (ЭПАПУ);13.03.02;Электроэнергетика и электротехника;Электропривод и автоматизация;Очная форма;Бакалавриат
2435;Обучается;3ЭЛб-3К;3;Факультет энергетики и управления (ФЭУ);Кафедра «Электропривод и автоматизация промышленных установок» (ЭПАПУ);13.03.02;Электроэнергетика и электротехника;Электропривод и автоматизация;Очная форма;Бакалавриат
2436;Обучается;3ЭЛб-3К;3;Факультет энергетики и управления (ФЭУ);Кафедра «Электропривод и автоматизация промышленных установок» (ЭПАПУ);13.03.02;Электроэнергетика и электротехника;Электропривод и автоматизация;Очная форма;Бакалавриат
2437;Обучается;3ЭЛб-3К;3;Факультет энергетики и управления (ФЭУ);Кафедра «Электропривод и автоматизация промышленных установок» (ЭПАПУ);13.03.02;Электроэнергетика и электротехника;Электропривод и автоматизация;Очная форма;Бакалавриат
2438;Обучается;3ЭЛб-3К;3;Факультет энергетики и управления (ФЭУ);Кафедра «Электропривод и автоматизация промышленных установок» (ЭПАПУ);13.03.02;Электроэнергетика и электротехника;Электропривод и автоматизация;Очная форма;Бакалавриат
2439;Обучается;3ЭЛб-3К;3;Факультет энергетики и управления (ФЭУ);Кафедра «Электропривод и автоматизация промышленных установок» (ЭПАПУ);13.03.02;Электроэнергетика и электротехника;Электропривод и автоматизация;Очная форма;Бакалавриат
2440;Обучается;3ЭЛб-3К;3;Факультет энергетики и управления (ФЭУ);Кафедра «Электропривод и автоматизация промышленных установок» (ЭПАПУ);13.03.02;Электроэнергетика и электротехника;Электропривод и автоматизация;Очная форма;Бакалавриат
2441;Обучается;3ЭЛб-3К;3;Факультет энергетики и управления (ФЭУ);Кафедра «Электропривод и автоматизация промышленных установок» (ЭПАПУ);13.03.02;Электроэнергетика и электротехника;Электропривод и автоматизация;Очная форма;Бакалавриат
2442;Обучается;3ЭЛб-3К;3;Факультет энергетики и управления (ФЭУ);Кафедра «Электропривод и автоматизация промышленных установок» (ЭПАПУ);13.03.02;Электроэнергетика и электротехника;Электропривод и автоматизация;Очная форма;Бакалавриат
2443;Обучается;3ЭЛб-3К;3;Факультет энергетики и управления (ФЭУ);Кафедра «Электропривод и автоматизация промышленных установок» (ЭПАПУ);13.03.02;Электроэнергетика и электротехника;Электропривод и автоматизация;Очная форма;Бакалавриат
2444;Обучается;3ЭЛб-3К;3;Факультет энергетики и управления (ФЭУ);Кафедра «Электропривод и автоматизация промышленных установок» (ЭПАПУ);13.03.02;Электроэнергетика и электротехника;Электропривод и автоматизация;Очная форма;Бакалавриат
2445;Обучается;1ЭЛб-1;4;Факультет энергетики и управления (ФЭУ);Кафедра «Электропривод и автоматизация промышленных установок» (ЭПАПУ);13.03.02;Электроэнергетика и электротехника;Электропривод и автоматика;Очная форма;Бакалавриат
2446;Обучается;1ЭЛб-1;4;Факультет энергетики и управления (ФЭУ);Кафедра «Электропривод и автоматизация промышленных установок» (ЭПАПУ);13.03.02;Электроэнергетика и электротехника;Электропривод и автоматика;Очная форма;Бакалавриат
2447;Обучается;1ЭЛб-1;4;Факультет энергетики и управления (ФЭУ);Кафедра «Электропривод и автоматизация промышленных установок» (ЭПАПУ);13.03.02;Электроэнергетика и электротехника;Электропривод и автоматика;Очная форма;Бакалавриат
2448;Обучается;1ЭЛб-1;4;Факультет энергетики и управления (ФЭУ);Кафедра «Электропривод и автоматизация промышленных установок» (ЭПАПУ);13.03.02;Электроэнергетика и электротехника;Электропривод и автоматика;Очная форма;Бакалавриат
2449;Обучается;1ЭЛб-1;4;Факультет энергетики и управления (ФЭУ);Кафедра «Электропривод и автоматизация промышленных установок» (ЭПАПУ);13.03.02;Электроэнергетика и электротехника;Электропривод и автоматика;Очная форма;Бакалавриат
2450;Обучается;1ЭЛб-1;4;Факультет энергетики и управления (ФЭУ);Кафедра «Электропривод и автоматизация промышленных установок» (ЭПАПУ);13.03.02;Электроэнергетика и электротехника;Электропривод и автоматика;Очная форма;Бакалавриат
2451;Обучается;1ЭЛб-1;4;Факультет энергетики и управления (ФЭУ);Кафедра «Электропривод и автоматизация промышленных установок» (ЭПАПУ);13.03.02;Электроэнергетика и электротехника;Электропривод и автоматика;Очная форма;Бакалавриат
2452;Обучается;1ЭЛб-1;4;Факультет энергетики и управления (ФЭУ);Кафедра «Электропривод и автоматизация промышленных установок» (ЭПАПУ);13.03.02;Электроэнергетика и электротехника;Электропривод и автоматика;Очная форма;Бакалавриат
2453;Обучается;1ЭЛб-1;4;Факультет энергетики и управления (ФЭУ);Кафедра «Электропривод и автоматизация промышленных установок» (ЭПАПУ);13.03.02;Электроэнергетика и электротехника;Электропривод и автоматика;Очная форма;Бакалавриат
2454;Академический отпуск;1ЭЛб-1;4;Факультет энергетики и управления (ФЭУ);Кафедра «Электропривод и автоматизация промышленных установок» (ЭПАПУ);13.03.02;Электроэнергетика и электротехника;Электропривод и автоматика;Очная форма;Бакалавриат
2455;Обучается;4МРб-1;1;Факультет энергетики и управления (ФЭУ);Кафедра «Электропривод и автоматизация промышленных установок» (ЭПАПУ);15.03.06;Мехатроника и робототехника;Робототехнические комплексы и системы;Очная форма;Бакалавриат
2456;Обучается;4МРб-1;1;Факультет энергетики и управления (ФЭУ);Кафедра «Электропривод и автоматизация промышленных установок» (ЭПАПУ);15.03.06;Мехатроника и робототехника;Робототехнические комплексы и системы;Очная форма;Бакалавриат
2457;Обучается;4МРб-1;1;Факультет энергетики и управления (ФЭУ);Кафедра «Электропривод и автоматизация промышленных установок» (ЭПАПУ);15.03.06;Мехатроника и робототехника;Робототехнические комплексы и системы;Очная форма;Бакалавриат
2458;Обучается;4МРб-1;1;Факультет энергетики и управления (ФЭУ);Кафедра «Электропривод и автоматизация промышленных установок» (ЭПАПУ);15.03.06;Мехатроника и робототехника;Робототехнические комплексы и системы;Очная форма;Бакалавриат
2459;Академический отпуск;4МРб-1;1;Факультет энергетики и управления (ФЭУ);Кафедра «Электропривод и автоматизация промышленных установок» (ЭПАПУ);15.03.06;Мехатроника и робототехника;Робототехнические комплексы и системы;Очная форма;Бакалавриат
2460;Обучается;4МРб-1;1;Факультет энергетики и управления (ФЭУ);Кафедра «Электропривод и автоматизация промышленных установок» (ЭПАПУ);15.03.06;Мехатроника и робототехника;Робототехнические комплексы и системы;Очная форма;Бакалавриат
2461;Обучается;4МРб-1;1;Факультет энергетики и управления (ФЭУ);Кафедра «Электропривод и автоматизация промышленных установок» (ЭПАПУ);15.03.06;Мехатроника и робототехника;Робототехнические комплексы и системы;Очная форма;Бакалавриат
2462;Обучается;4МРб-1;1;Факультет энергетики и управления (ФЭУ);Кафедра «Электропривод и автоматизация промышленных установок» (ЭПАПУ);15.03.06;Мехатроника и робототехника;Робототехнические комплексы и системы;Очная форма;Бакалавриат
2463;Обучается;4МРб-1;1;Факультет энергетики и управления (ФЭУ);Кафедра «Электропривод и автоматизация промышленных установок» (ЭПАПУ);15.03.06;Мехатроника и робототехника;Робототехнические комплексы и системы;Очная форма;Бакалавриат
2464;Обучается;4МРб-1;1;Факультет энергетики и управления (ФЭУ);Кафедра «Электропривод и автоматизация промышленных установок» (ЭПАПУ);15.03.06;Мехатроника и робототехника;Робототехнические комплексы и системы;Очная форма;Бакалавриат
2465;Обучается;4МРб-1;1;Факультет энергетики и управления (ФЭУ);Кафедра «Электропривод и автоматизация промышленных установок» (ЭПАПУ);15.03.06;Мехатроника и робототехника;Робототехнические комплексы и системы;Очная форма;Бакалавриат
2466;Обучается;4МРб-1;1;Факультет энергетики и управления (ФЭУ);Кафедра «Электропривод и автоматизация промышленных установок» (ЭПАПУ);15.03.06;Мехатроника и робототехника;Робототехнические комплексы и системы;Очная форма;Бакалавриат
2467;Обучается;4МРб-1;1;Факультет энергетики и управления (ФЭУ);Кафедра «Электропривод и автоматизация промышленных установок» (ЭПАПУ);15.03.06;Мехатроника и робототехника;Робототехнические комплексы и системы;Очная форма;Бакалавриат
2468;Обучается;4МРб-1;1;Факультет энергетики и управления (ФЭУ);Кафедра «Электропривод и автоматизация промышленных установок» (ЭПАПУ);15.03.06;Мехатроника и робототехника;Робототехнические комплексы и системы;Очная форма;Бакалавриат
2469;Академический отпуск;4МРб-1;1;Факультет энергетики и управления (ФЭУ);Кафедра «Электропривод и автоматизация промышленных установок» (ЭПАПУ);15.03.06;Мехатроника и робототехника;Робототехнические комплексы и системы;Очная форма;Бакалавриат
2470;Обучается;3МРб-1;2;Факультет энергетики и управления (ФЭУ);Кафедра «Электропривод и автоматизация промышленных установок» (ЭПАПУ);15.03.06;Мехатроника и робототехника;Робототехнические комплексы и системы;Очная форма;Бакалавриат
2471;Обучается;3МРб-1;2;Факультет энергетики и управления (ФЭУ);Кафедра «Электропривод и автоматизация промышленных установок» (ЭПАПУ);15.03.06;Мехатроника и робототехника;Робототехнические комплексы и системы;Очная форма;Бакалавриат
2472;Обучается;3МРб-1;2;Факультет энергетики и управления (ФЭУ);Кафедра «Электропривод и автоматизация промышленных установок» (ЭПАПУ);15.03.06;Мехатроника и робототехника;Робототехнические комплексы и системы;Очная форма;Бакалавриат
2473;Обучается;3МРб-1;2;Факультет энергетики и управления (ФЭУ);Кафедра «Электропривод и автоматизация промышленных установок» (ЭПАПУ);15.03.06;Мехатроника и робототехника;Робототехнические комплексы и системы;Очная форма;Бакалавриат
2474;Обучается;3МРб-1;2;Факультет энергетики и управления (ФЭУ);Кафедра «Электропривод и автоматизация промышленных установок» (ЭПАПУ);15.03.06;Мехатроника и робототехника;Робототехнические комплексы и системы;Очная форма;Бакалавриат
2475;Обучается;3МРб-1;2;Факультет энергетики и управления (ФЭУ);Кафедра «Электропривод и автоматизация промышленных установок» (ЭПАПУ);15.03.06;Мехатроника и робототехника;Робототехнические комплексы и системы;Очная форма;Бакалавриат
2476;Обучается;3МРб-1;2;Факультет энергетики и управления (ФЭУ);Кафедра «Электропривод и автоматизация промышленных установок» (ЭПАПУ);15.03.06;Мехатроника и робототехника;Робототехнические комплексы и системы;Очная форма;Бакалавриат
2477;Обучается;3МРб-1;2;Факультет энергетики и управления (ФЭУ);Кафедра «Электропривод и автоматизация промышленных установок» (ЭПАПУ);15.03.06;Мехатроника и робототехника;Робототехнические комплексы и системы;Очная форма;Бакалавриат
2478;Обучается;3МРб-1;2;Факультет энергетики и управления (ФЭУ);Кафедра «Электропривод и автоматизация промышленных установок» (ЭПАПУ);15.03.06;Мехатроника и робототехника;Робототехнические комплексы и системы;Очная форма;Бакалавриат
2479;Обучается;3МРб-1;2;Факультет энергетики и управления (ФЭУ);Кафедра «Электропривод и автоматизация промышленных установок» (ЭПАПУ);15.03.06;Мехатроника и робототехника;Робототехнические комплексы и системы;Очная форма;Бакалавриат
2480;Обучается;3МРб-1;2;Факультет энергетики и управления (ФЭУ);Кафедра «Электропривод и автоматизация промышленных установок» (ЭПАПУ);15.03.06;Мехатроника и робототехника;Робототехнические комплексы и системы;Очная форма;Бакалавриат
2481;Обучается;3МРб-1;2;Факультет энергетики и управления (ФЭУ);Кафедра «Электропривод и автоматизация промышленных установок» (ЭПАПУ);15.03.06;Мехатроника и робототехника;Робототехнические комплексы и системы;Очная форма;Бакалавриат
2482;Обучается;3МРб-1;2;Факультет энергетики и управления (ФЭУ);Кафедра «Электропривод и автоматизация промышленных установок» (ЭПАПУ);15.03.06;Мехатроника и робототехника;Робототехнические комплексы и системы;Очная форма;Бакалавриат
2483;Обучается;3МРб-1;2;Факультет энергетики и управления (ФЭУ);Кафедра «Электропривод и автоматизация промышленных установок» (ЭПАПУ);15.03.06;Мехатроника и робототехника;Робототехнические комплексы и системы;Очная форма;Бакалавриат
2484;Обучается;1МРб-1;4;Факультет энергетики и управления (ФЭУ);Кафедра «Электропривод и автоматизация промышленных установок» (ЭПАПУ);15.03.06;Мехатроника и робототехника;Робототехнические комплексы и системы;Очная форма;Бакалавриат
2485;Обучается;1МРб-1;4;Факультет энергетики и управления (ФЭУ);Кафедра «Электропривод и автоматизация промышленных установок» (ЭПАПУ);15.03.06;Мехатроника и робототехника;Робототехнические комплексы и системы;Очная форма;Бакалавриат
2486;Обучается;1МРб-1;4;Факультет энергетики и управления (ФЭУ);Кафедра «Электропривод и автоматизация промышленных установок» (ЭПАПУ);15.03.06;Мехатроника и робототехника;Робототехнические комплексы и системы;Очная форма;Бакалавриат
2487;Обучается;1МРб-1;4;Факультет энергетики и управления (ФЭУ);Кафедра «Электропривод и автоматизация промышленных установок» (ЭПАПУ);15.03.06;Мехатроника и робототехника;Робототехнические комплексы и системы;Очная форма;Бакалавриат
2488;Обучается;1МРб-1;4;Факультет энергетики и управления (ФЭУ);Кафедра «Электропривод и автоматизация промышленных установок» (ЭПАПУ);15.03.06;Мехатроника и робототехника;Робототехнические комплексы и системы;Очная форма;Бакалавриат
2489;Обучается;1МРб-1;4;Факультет энергетики и управления (ФЭУ);Кафедра «Электропривод и автоматизация промышленных установок» (ЭПАПУ);15.03.06;Мехатроника и робототехника;Робототехнические комплексы и системы;Очная форма;Бакалавриат
2490;Обучается;1МРб-1;4;Факультет энергетики и управления (ФЭУ);Кафедра «Электропривод и автоматизация промышленных установок» (ЭПАПУ);15.03.06;Мехатроника и робототехника;Робототехнические комплексы и системы;Очная форма;Бакалавриат
2491;Обучается;1МРб-1;4;Факультет энергетики и управления (ФЭУ);Кафедра «Электропривод и автоматизация промышленных установок» (ЭПАПУ);15.03.06;Мехатроника и робототехника;Робототехнические комплексы и системы;Очная форма;Бакалавриат
2492;Обучается;1МРб-1;4;Факультет энергетики и управления (ФЭУ);Кафедра «Электропривод и автоматизация промышленных установок» (ЭПАПУ);15.03.06;Мехатроника и робототехника;Робототехнические комплексы и системы;Очная форма;Бакалавриат
2493;Обучается;1МРб-1;4;Факультет энергетики и управления (ФЭУ);Кафедра «Электропривод и автоматизация промышленных установок» (ЭПАПУ);15.03.06;Мехатроника и робототехника;Робототехнические комплексы и системы;Очная форма;Бакалавриат
2494;Обучается;4АУб-1;1;Факультет энергетики и управления (ФЭУ);Кафедра «Электропривод и автоматизация промышленных установок» (ЭПАПУ);27.03.04;Управление в технических системах;Автоматизация и управление технологическими процессами;Очная форма;Бакалавриат
2495;Обучается;4АУб-1;1;Факультет энергетики и управления (ФЭУ);Кафедра «Электропривод и автоматизация промышленных установок» (ЭПАПУ);27.03.04;Управление в технических системах;Автоматизация и управление технологическими процессами;Очная форма;Бакалавриат
2496;Академический отпуск;4АУб-1;1;Факультет энергетики и управления (ФЭУ);Кафедра «Электропривод и автоматизация промышленных установок» (ЭПАПУ);27.03.04;Управление в технических системах;Автоматизация и управление технологическими процессами;Очная форма;Бакалавриат
2497;Академический отпуск;4АУб-1;1;Факультет энергетики и управления (ФЭУ);Кафедра «Электропривод и автоматизация промышленных установок» (ЭПАПУ);27.03.04;Управление в технических системах;Автоматизация и управление технологическими процессами;Очная форма;Бакалавриат
2498;Обучается;4АУб-1;1;Факультет энергетики и управления (ФЭУ);Кафедра «Электропривод и автоматизация промышленных установок» (ЭПАПУ);27.03.04;Управление в технических системах;Автоматизация и управление технологическими процессами;Очная форма;Бакалавриат
2499;Академический отпуск;4АУб-1;1;Факультет энергетики и управления (ФЭУ);Кафедра «Электропривод и автоматизация промышленных установок» (ЭПАПУ);27.03.04;Управление в технических системах;Автоматизация и управление технологическими процессами;Очная форма;Бакалавриат
2500;Академический отпуск;4АУб-1;1;Факультет энергетики и управления (ФЭУ);Кафедра «Электропривод и автоматизация промышленных установок» (ЭПАПУ);27.03.04;Управление в технических системах;Автоматизация и управление технологическими процессами;Очная форма;Бакалавриат
2501;Обучается;4АУб-1;1;Факультет энергетики и управления (ФЭУ);Кафедра «Электропривод и автоматизация промышленных установок» (ЭПАПУ);27.03.04;Управление в технических системах;Автоматизация и управление технологическими процессами;Очная форма;Бакалавриат
2502;Обучается;4АУб-1;1;Факультет энергетики и управления (ФЭУ);Кафедра «Электропривод и автоматизация промышленных установок» (ЭПАПУ);27.03.04;Управление в технических системах;Автоматизация и управление технологическими процессами;Очная форма;Бакалавриат
2503;Обучается;4АУб-1;1;Факультет энергетики и управления (ФЭУ);Кафедра «Электропривод и автоматизация промышленных установок» (ЭПАПУ);27.03.04;Управление в технических системах;Автоматизация и управление технологическими процессами;Очная форма;Бакалавриат
2504;Академический отпуск;4АУб-1;1;Факультет энергетики и управления (ФЭУ);Кафедра «Электропривод и автоматизация промышленных установок» (ЭПАПУ);27.03.04;Управление в технических системах;Автоматизация и управление технологическими процессами;Очная форма;Бакалавриат
2505;Академический отпуск;4АУб-1;1;Факультет энергетики и управления (ФЭУ);Кафедра «Электропривод и автоматизация промышленных установок» (ЭПАПУ);27.03.04;Управление в технических системах;Автоматизация и управление технологическими процессами;Очная форма;Бакалавриат
2506;Обучается;4АУб-1;1;Факультет энергетики и управления (ФЭУ);Кафедра «Электропривод и автоматизация промышленных установок» (ЭПАПУ);27.03.04;Управление в технических системах;Автоматизация и управление технологическими процессами;Очная форма;Бакалавриат
2507;Обучается;4АУб-2П;1;Факультет энергетики и управления (ФЭУ);Кафедра «Электропривод и автоматизация промышленных установок» (ЭПАПУ);27.03.04;Управление в технических системах;Автоматизация и управление технологическими процессами;Очная форма;Бакалавриат
2508;Обучается;4АУб-2П;1;Факультет энергетики и управления (ФЭУ);Кафедра «Электропривод и автоматизация промышленных установок» (ЭПАПУ);27.03.04;Управление в технических системах;Автоматизация и управление технологическими процессами;Очная форма;Бакалавриат
2509;Обучается;4АУб-2П;1;Факультет энергетики и управления (ФЭУ);Кафедра «Электропривод и автоматизация промышленных установок» (ЭПАПУ);27.03.04;Управление в технических системах;Автоматизация и управление технологическими процессами;Очная форма;Бакалавриат
2510;Обучается;4АУб-2П;1;Факультет энергетики и управления (ФЭУ);Кафедра «Электропривод и автоматизация промышленных установок» (ЭПАПУ);27.03.04;Управление в технических системах;Автоматизация и управление технологическими процессами;Очная форма;Бакалавриат
2511;Обучается;3АУб-2П;2;Факультет энергетики и управления (ФЭУ);Кафедра «Электропривод и автоматизация промышленных установок» (ЭПАПУ);27.03.04;Управление в технических системах;Автоматизация и управление технологическими процессами;Очная форма;Бакалавриат
2512;Обучается;3АУб-2П;2;Факультет энергетики и управления (ФЭУ);Кафедра «Электропривод и автоматизация промышленных установок» (ЭПАПУ);27.03.04;Управление в технических системах;Автоматизация и управление технологическими процессами;Очная форма;Бакалавриат
2513;Академический отпуск;3АУб-2П;2;Факультет энергетики и управления (ФЭУ);Кафедра «Электропривод и автоматизация промышленных установок» (ЭПАПУ);27.03.04;Управление в технических системах;Автоматизация и управление технологическими процессами;Очная форма;Бакалавриат
2514;Обучается;3АУб-2П;2;Факультет энергетики и управления (ФЭУ);Кафедра «Электропривод и автоматизация промышленных установок» (ЭПАПУ);27.03.04;Управление в технических системах;Автоматизация и управление технологическими процессами;Очная форма;Бакалавриат
2515;Академический отпуск;3АУб-2П;2;Факультет энергетики и управления (ФЭУ);Кафедра «Электропривод и автоматизация промышленных установок» (ЭПАПУ);27.03.04;Управление в технических системах;Автоматизация и управление технологическими процессами;Очная форма;Бакалавриат
2516;Обучается;3АУб-2П;2;Факультет энергетики и управления (ФЭУ);Кафедра «Электропривод и автоматизация промышленных установок» (ЭПАПУ);27.03.04;Управление в технических системах;Автоматизация и управление технологическими процессами;Очная форма;Бакалавриат
2517;Академический отпуск;3АУб-2П;2;Факультет энергетики и управления (ФЭУ);Кафедра «Электропривод и автоматизация промышленных установок» (ЭПАПУ);27.03.04;Управление в технических системах;Автоматизация и управление технологическими процессами;Очная форма;Бакалавриат
2518;Обучается;3АУб-2П;2;Факультет энергетики и управления (ФЭУ);Кафедра «Электропривод и автоматизация промышленных установок» (ЭПАПУ);27.03.04;Управление в технических системах;Автоматизация и управление технологическими процессами;Очная форма;Бакалавриат
2519;Академический отпуск;3АУб-2П;2;Факультет энергетики и управления (ФЭУ);Кафедра «Электропривод и автоматизация промышленных установок» (ЭПАПУ);27.03.04;Управление в технических системах;Автоматизация и управление технологическими процессами;Очная форма;Бакалавриат
2520;Обучается;3АУб-2П;2;Факультет энергетики и управления (ФЭУ);Кафедра «Электропривод и автоматизация промышленных установок» (ЭПАПУ);27.03.04;Управление в технических системах;Автоматизация и управление технологическими процессами;Очная форма;Бакалавриат
2521;Обучается;3АУб-2П;2;Факультет энергетики и управления (ФЭУ);Кафедра «Электропривод и автоматизация промышленных установок» (ЭПАПУ);27.03.04;Управление в технических системах;Автоматизация и управление технологическими процессами;Очная форма;Бакалавриат
2522;Академический отпуск;3АУб-2П;2;Факультет энергетики и управления (ФЭУ);Кафедра «Электропривод и автоматизация промышленных установок» (ЭПАПУ);27.03.04;Управление в технических системах;Автоматизация и управление технологическими процессами;Очная форма;Бакалавриат
2523;Академический отпуск;3АУб-2П;2;Факультет энергетики и управления (ФЭУ);Кафедра «Электропривод и автоматизация промышленных установок» (ЭПАПУ);27.03.04;Управление в технических системах;Автоматизация и управление технологическими процессами;Очная форма;Бакалавриат
2524;Обучается;3АУб-2П;2;Факультет энергетики и управления (ФЭУ);Кафедра «Электропривод и автоматизация промышленных установок» (ЭПАПУ);27.03.04;Управление в технических системах;Автоматизация и управление технологическими процессами;Очная форма;Бакалавриат
2525;Академический отпуск;3АУб-2П;2;Факультет энергетики и управления (ФЭУ);Кафедра «Электропривод и автоматизация промышленных установок» (ЭПАПУ);27.03.04;Управление в технических системах;Автоматизация и управление технологическими процессами;Очная форма;Бакалавриат
2526;Обучается;3АУб-2П;2;Факультет энергетики и управления (ФЭУ);Кафедра «Электропривод и автоматизация промышленных установок» (ЭПАПУ);27.03.04;Управление в технических системах;Автоматизация и управление технологическими процессами;Очная форма;Бакалавриат
2527;Академический отпуск;3АУб-2П;2;Факультет энергетики и управления (ФЭУ);Кафедра «Электропривод и автоматизация промышленных установок» (ЭПАПУ);27.03.04;Управление в технических системах;Автоматизация и управление технологическими процессами;Очная форма;Бакалавриат
2528;Обучается;2УТб-1;3;Факультет энергетики и управления (ФЭУ);Кафедра «Электропривод и автоматизация промышленных установок» (ЭПАПУ);27.03.04;Управление в технических системах;Автоматизация и управление технологическими процессами;Очная форма;Бакалавриат
2529;Обучается;2УТб-1;3;Факультет энергетики и управления (ФЭУ);Кафедра «Электропривод и автоматизация промышленных установок» (ЭПАПУ);27.03.04;Управление в технических системах;Автоматизация и управление технологическими процессами;Очная форма;Бакалавриат
2530;Обучается;2УТб-1;3;Факультет энергетики и управления (ФЭУ);Кафедра «Электропривод и автоматизация промышленных установок» (ЭПАПУ);27.03.04;Управление в технических системах;Автоматизация и управление технологическими процессами;Очная форма;Бакалавриат
2531;Обучается;2УТб-1;3;Факультет энергетики и управления (ФЭУ);Кафедра «Электропривод и автоматизация промышленных установок» (ЭПАПУ);27.03.04;Управление в технических системах;Автоматизация и управление технологическими процессами;Очная форма;Бакалавриат
2532;Обучается;2УТб-1;3;Факультет энергетики и управления (ФЭУ);Кафедра «Электропривод и автоматизация промышленных установок» (ЭПАПУ);27.03.04;Управление в технических системах;Автоматизация и управление технологическими процессами;Очная форма;Бакалавриат
2533;Обучается;2УТб-1;3;Факультет энергетики и управления (ФЭУ);Кафедра «Электропривод и автоматизация промышленных установок» (ЭПАПУ);27.03.04;Управление в технических системах;Автоматизация и управление технологическими процессами;Очная форма;Бакалавриат
2534;Обучается;2УТб-1;3;Факультет энергетики и управления (ФЭУ);Кафедра «Электропривод и автоматизация промышленных установок» (ЭПАПУ);27.03.04;Управление в технических системах;Автоматизация и управление технологическими процессами;Очная форма;Бакалавриат
2535;Обучается;2УТб-1;3;Факультет энергетики и управления (ФЭУ);Кафедра «Электропривод и автоматизация промышленных установок» (ЭПАПУ);27.03.04;Управление в технических системах;Автоматизация и управление технологическими процессами;Очная форма;Бакалавриат
2536;Академический отпуск;2УТб-1;3;Факультет энергетики и управления (ФЭУ);Кафедра «Электропривод и автоматизация промышленных установок» (ЭПАПУ);27.03.04;Управление в технических системах;Автоматизация и управление технологическими процессами;Очная форма;Бакалавриат
2537;Академический отпуск;2УТб-1;3;Факультет энергетики и управления (ФЭУ);Кафедра «Электропривод и автоматизация промышленных установок» (ЭПАПУ);27.03.04;Управление в технических системах;Автоматизация и управление технологическими процессами;Очная форма;Бакалавриат
2538;Обучается;2УТб-1;3;Факультет энергетики и управления (ФЭУ);Кафедра «Электропривод и автоматизация промышленных установок» (ЭПАПУ);27.03.04;Управление в технических системах;Автоматизация и управление технологическими процессами;Очная форма;Бакалавриат
2539;Академический отпуск;1АУб-1;4;Факультет энергетики и управления (ФЭУ);Кафедра «Электропривод и автоматизация промышленных установок» (ЭПАПУ);27.03.04;Управление в технических системах;Автоматизация и управление технологическими процессами;Очная форма;Бакалавриат
2540;Обучается;1АУб-1;4;Факультет энергетики и управления (ФЭУ);Кафедра «Электропривод и автоматизация промышленных установок» (ЭПАПУ);27.03.04;Управление в технических системах;Автоматизация и управление технологическими процессами;Очная форма;Бакалавриат
2541;Обучается;1АУб-1;4;Факультет энергетики и управления (ФЭУ);Кафедра «Электропривод и автоматизация промышленных установок» (ЭПАПУ);27.03.04;Управление в технических системах;Автоматизация и управление технологическими процессами;Очная форма;Бакалавриат
2542;Обучается;1АУб-1;4;Факультет энергетики и управления (ФЭУ);Кафедра «Электропривод и автоматизация промышленных установок» (ЭПАПУ);27.03.04;Управление в технических системах;Автоматизация и управление технологическими процессами;Очная форма;Бакалавриат
2543;Обучается;1АУб-1;4;Факультет энергетики и управления (ФЭУ);Кафедра «Электропривод и автоматизация промышленных установок» (ЭПАПУ);27.03.04;Управление в технических системах;Автоматизация и управление технологическими процессами;Очная форма;Бакалавриат
2544;Обучается;1АУб-1;4;Факультет энергетики и управления (ФЭУ);Кафедра «Электропривод и автоматизация промышленных установок» (ЭПАПУ);27.03.04;Управление в технических системах;Автоматизация и управление технологическими процессами;Очная форма;Бакалавриат
2545;Обучается;1АУб-2П;4;Факультет энергетики и управления (ФЭУ);Кафедра «Электропривод и автоматизация промышленных установок» (ЭПАПУ);27.03.04;Управление в технических системах;Автоматизация и управление технологическими процессами;Очная форма;Бакалавриат
2546;Обучается;1АУб-2П;4;Факультет энергетики и управления (ФЭУ);Кафедра «Электропривод и автоматизация промышленных установок» (ЭПАПУ);27.03.04;Управление в технических системах;Автоматизация и управление технологическими процессами;Очная форма;Бакалавриат
2547;Обучается;1АУб-2П;4;Факультет энергетики и управления (ФЭУ);Кафедра «Электропривод и автоматизация промышленных установок» (ЭПАПУ);27.03.04;Управление в технических системах;Автоматизация и управление технологическими процессами;Очная форма;Бакалавриат
2548;Академический отпуск;1АУб-2П;4;Факультет энергетики и управления (ФЭУ);Кафедра «Электропривод и автоматизация промышленных установок» (ЭПАПУ);27.03.04;Управление в технических системах;Автоматизация и управление технологическими процессами;Очная форма;Бакалавриат
2549;Обучается;1АУб-2П;4;Факультет энергетики и управления (ФЭУ);Кафедра «Электропривод и автоматизация промышленных установок» (ЭПАПУ);27.03.04;Управление в технических системах;Автоматизация и управление технологическими процессами;Очная форма;Бакалавриат
2550;Обучается;1АУб-2П;4;Факультет энергетики и управления (ФЭУ);Кафедра «Электропривод и автоматизация промышленных установок» (ЭПАПУ);27.03.04;Управление в технических системах;Автоматизация и управление технологическими процессами;Очная форма;Бакалавриат
2551;Обучается;1АУб-2П;4;Факультет энергетики и управления (ФЭУ);Кафедра «Электропривод и автоматизация промышленных установок» (ЭПАПУ);27.03.04;Управление в технических системах;Автоматизация и управление технологическими процессами;Очная форма;Бакалавриат
2552;Обучается;4ЭЛм-1;1;Факультет энергетики и управления (ФЭУ);Кафедра «Электропривод и автоматизация промышленных установок» (ЭПАПУ);13.04.02;Электроэнергетика и электротехника;Электропривод и автоматика;Очная форма;Магистратура
2553;Обучается;4ЭЛм-1;1;Факультет энергетики и управления (ФЭУ);Кафедра «Электропривод и автоматизация промышленных установок» (ЭПАПУ);13.04.02;Электроэнергетика и электротехника;Электропривод и автоматика;Очная форма;Магистратура
2554;Обучается;4ЭЛм-1;1;Факультет энергетики и управления (ФЭУ);Кафедра «Электропривод и автоматизация промышленных установок» (ЭПАПУ);13.04.02;Электроэнергетика и электротехника;Электропривод и автоматика;Очная форма;Магистратура
2555;Обучается;4ЭЛм-1;1;Факультет энергетики и управления (ФЭУ);Кафедра «Электропривод и автоматизация промышленных установок» (ЭПАПУ);13.04.02;Электроэнергетика и электротехника;Электропривод и автоматика;Очная форма;Магистратура
2556;Обучается;4АУм-1;1;Факультет энергетики и управления (ФЭУ);Кафедра «Электропривод и автоматизация промышленных установок» (ЭПАПУ);27.04.04;Управление в технических системах;Управление и информатика в технических системах;Очная форма;Магистратура
2557;Обучается;4АУм-1;1;Факультет энергетики и управления (ФЭУ);Кафедра «Электропривод и автоматизация промышленных установок» (ЭПАПУ);27.04.04;Управление в технических системах;Управление и информатика в технических системах;Очная форма;Магистратура
2558;Обучается;4АУм-1;1;Факультет энергетики и управления (ФЭУ);Кафедра «Электропривод и автоматизация промышленных установок» (ЭПАПУ);27.04.04;Управление в технических системах;Управление и информатика в технических системах;Очная форма;Магистратура
2559;Обучается;4АУм-1;1;Факультет энергетики и управления (ФЭУ);Кафедра «Электропривод и автоматизация промышленных установок» (ЭПАПУ);27.04.04;Управление в технических системах;Управление и информатика в технических системах;Очная форма;Магистратура
2560;Обучается;4АУм-1;1;Факультет энергетики и управления (ФЭУ);Кафедра «Электропривод и автоматизация промышленных установок» (ЭПАПУ);27.04.04;Управление в технических системах;Управление и информатика в технических системах;Очная форма;Магистратура
2561;Обучается;4АУм-1;1;Факультет энергетики и управления (ФЭУ);Кафедра «Электропривод и автоматизация промышленных установок» (ЭПАПУ);27.04.04;Управление в технических системах;Управление и информатика в технических системах;Очная форма;Магистратура
2562;Обучается;4АУм-1;1;Факультет энергетики и управления (ФЭУ);Кафедра «Электропривод и автоматизация промышленных установок» (ЭПАПУ);27.04.04;Управление в технических системах;Управление и информатика в технических системах;Очная форма;Магистратура
2563;Обучается;4АУм-1;1;Факультет энергетики и управления (ФЭУ);Кафедра «Электропривод и автоматизация промышленных установок» (ЭПАПУ);27.04.04;Управление в технических системах;Управление и информатика в технических системах;Очная форма;Магистратура
2564;Обучается;3АУм-1;2;Факультет энергетики и управления (ФЭУ);Кафедра «Электропривод и автоматизация промышленных установок» (ЭПАПУ);27.04.04;Управление в технических системах;Управление и информатика в технических системах;Очная форма;Магистратура
2565;Академический отпуск;3АУм-1;2;Факультет энергетики и управления (ФЭУ);Кафедра «Электропривод и автоматизация промышленных установок» (ЭПАПУ);27.04.04;Управление в технических системах;Управление и информатика в технических системах;Очная форма;Магистратура
2566;Обучается;3АУм-1;2;Факультет энергетики и управления (ФЭУ);Кафедра «Электропривод и автоматизация промышленных установок» (ЭПАПУ);27.04.04;Управление в технических системах;Управление и информатика в технических системах;Очная форма;Магистратура
2567;Обучается;3АУм-1;2;Факультет энергетики и управления (ФЭУ);Кафедра «Электропривод и автоматизация промышленных установок» (ЭПАПУ);27.04.04;Управление в технических системах;Управление и информатика в технических системах;Очная форма;Магистратура
2568;Обучается;3АУм-1;2;Факультет энергетики и управления (ФЭУ);Кафедра «Электропривод и автоматизация промышленных установок» (ЭПАПУ);27.04.04;Управление в технических системах;Управление и информатика в технических системах;Очная форма;Магистратура
2569;Обучается;3АУм-1;2;Факультет энергетики и управления (ФЭУ);Кафедра «Электропривод и автоматизация промышленных установок» (ЭПАПУ);27.04.04;Управление в технических системах;Управление и информатика в технических системах;Очная форма;Магистратура
2570;Обучается;4ДАба-1;1;Социально-гуманитарный факультет (СГФ);Кафедра «История и культурология» (ИК);46.03.02;Документоведение и архивоведение;Документационное обеспечение управления организацией;Заочная форма;Бакалавриат
2571;Обучается;4ДАба-1;1;Социально-гуманитарный факультет (СГФ);Кафедра «История и культурология» (ИК);46.03.02;Документоведение и архивоведение;Документационное обеспечение управления организацией;Заочная форма;Бакалавриат
2572;Обучается;4ДАба-1;1;Социально-гуманитарный факультет (СГФ);Кафедра «История и культурология» (ИК);46.03.02;Документоведение и архивоведение;Документационное обеспечение управления организацией;Заочная форма;Бакалавриат
2573;Обучается;4ДАба-1;1;Социально-гуманитарный факультет (СГФ);Кафедра «История и культурология» (ИК);46.03.02;Документоведение и архивоведение;Документационное обеспечение управления организацией;Заочная форма;Бакалавриат
2574;Обучается;4ДАба-1;1;Социально-гуманитарный факультет (СГФ);Кафедра «История и культурология» (ИК);46.03.02;Документоведение и архивоведение;Документационное обеспечение управления организацией;Заочная форма;Бакалавриат
2575;Обучается;3ДАба-1;2;Социально-гуманитарный факультет (СГФ);Кафедра «История и культурология» (ИК);46.03.02;Документоведение и архивоведение;Документационное обеспечение управления организацией;Заочная форма;Бакалавриат
2576;Обучается;3ДАба-1;2;Социально-гуманитарный факультет (СГФ);Кафедра «История и культурология» (ИК);46.03.02;Документоведение и архивоведение;Документационное обеспечение управления организацией;Заочная форма;Бакалавриат
2577;Обучается;3ДАба-1;2;Социально-гуманитарный факультет (СГФ);Кафедра «История и культурология» (ИК);46.03.02;Документоведение и архивоведение;Документационное обеспечение управления организацией;Заочная форма;Бакалавриат
2578;Обучается;3ДАба-1;2;Социально-гуманитарный факультет (СГФ);Кафедра «История и культурология» (ИК);46.03.02;Документоведение и архивоведение;Документационное обеспечение управления организацией;Заочная форма;Бакалавриат
2579;Обучается;3ДАба-1;2;Социально-гуманитарный факультет (СГФ);Кафедра «История и культурология» (ИК);46.03.02;Документоведение и архивоведение;Документационное обеспечение управления организацией;Заочная форма;Бакалавриат
2580;Обучается;3ДАба-1;2;Социально-гуманитарный факультет (СГФ);Кафедра «История и культурология» (ИК);46.03.02;Документоведение и архивоведение;Документационное обеспечение управления организацией;Заочная форма;Бакалавриат
2581;Обучается;3ДАба-1;2;Социально-гуманитарный факультет (СГФ);Кафедра «История и культурология» (ИК);46.03.02;Документоведение и архивоведение;Документационное обеспечение управления организацией;Заочная форма;Бакалавриат
2582;Обучается;3ДАба-1;2;Социально-гуманитарный факультет (СГФ);Кафедра «История и культурология» (ИК);46.03.02;Документоведение и архивоведение;Документационное обеспечение управления организацией;Заочная форма;Бакалавриат
2583;Обучается;3ДАба-1;2;Социально-гуманитарный факультет (СГФ);Кафедра «История и культурология» (ИК);46.03.02;Документоведение и архивоведение;Документационное обеспечение управления организацией;Заочная форма;Бакалавриат
2584;Обучается;3ДАба-1;2;Социально-гуманитарный факультет (СГФ);Кафедра «История и культурология» (ИК);46.03.02;Документоведение и архивоведение;Документационное обеспечение управления организацией;Заочная форма;Бакалавриат
2585;Обучается;3ДАба-1;2;Социально-гуманитарный факультет (СГФ);Кафедра «История и культурология» (ИК);46.03.02;Документоведение и архивоведение;Документационное обеспечение управления организацией;Заочная форма;Бакалавриат
2586;Обучается;3ДАба-1;2;Социально-гуманитарный факультет (СГФ);Кафедра «История и культурология» (ИК);46.03.02;Документоведение и архивоведение;Документационное обеспечение управления организацией;Заочная форма;Бакалавриат
2587;Обучается;3ДАба-1;2;Социально-гуманитарный факультет (СГФ);Кафедра «История и культурология» (ИК);46.03.02;Документоведение и архивоведение;Документационное обеспечение управления организацией;Заочная форма;Бакалавриат
2588;Обучается;3ДАба-1;2;Социально-гуманитарный факультет (СГФ);Кафедра «История и культурология» (ИК);46.03.02;Документоведение и архивоведение;Документационное обеспечение управления организацией;Заочная форма;Бакалавриат
2589;Обучается;4СРба-1;1;Социально-гуманитарный факультет (СГФ);Кафедра «Педагогика,  психология и социальная работа» (ППСР);39.03.02;Социальная работа;Технология социальной работы;Заочная форма;Бакалавриат
2590;Обучается;4СРба-1;1;Социально-гуманитарный факультет (СГФ);Кафедра «Педагогика,  психология и социальная работа» (ППСР);39.03.02;Социальная работа;Технология социальной работы;Заочная форма;Бакалавриат
2591;Обучается;4СРба-1;1;Социально-гуманитарный факультет (СГФ);Кафедра «Педагогика,  психология и социальная работа» (ППСР);39.03.02;Социальная работа;Технология социальной работы;Заочная форма;Бакалавриат
2592;Обучается;4СРба-1;1;Социально-гуманитарный факультет (СГФ);Кафедра «Педагогика,  психология и социальная работа» (ППСР);39.03.02;Социальная работа;Технология социальной работы;Заочная форма;Бакалавриат
2593;Обучается;4СРба-1;1;Социально-гуманитарный факультет (СГФ);Кафедра «Педагогика,  психология и социальная работа» (ППСР);39.03.02;Социальная работа;Технология социальной работы;Заочная форма;Бакалавриат
2594;Обучается;4СРба-1;1;Социально-гуманитарный факультет (СГФ);Кафедра «Педагогика,  психология и социальная работа» (ППСР);39.03.02;Социальная работа;Технология социальной работы;Заочная форма;Бакалавриат
2595;Обучается;4СРба-1;1;Социально-гуманитарный факультет (СГФ);Кафедра «Педагогика,  психология и социальная работа» (ППСР);39.03.02;Социальная работа;Технология социальной работы;Заочная форма;Бакалавриат
2596;Обучается;4СРба-1;1;Социально-гуманитарный факультет (СГФ);Кафедра «Педагогика,  психология и социальная работа» (ППСР);39.03.02;Социальная работа;Технология социальной работы;Заочная форма;Бакалавриат
2597;Обучается;4СРба-1;1;Социально-гуманитарный факультет (СГФ);Кафедра «Педагогика,  психология и социальная работа» (ППСР);39.03.02;Социальная работа;Технология социальной работы;Заочная форма;Бакалавриат
2598;Обучается;4СРба-1;1;Социально-гуманитарный факультет (СГФ);Кафедра «Педагогика,  психология и социальная работа» (ППСР);39.03.02;Социальная работа;Технология социальной работы;Заочная форма;Бакалавриат
2599;Обучается;4СРба-1;1;Социально-гуманитарный факультет (СГФ);Кафедра «Педагогика,  психология и социальная работа» (ППСР);39.03.02;Социальная работа;Технология социальной работы;Заочная форма;Бакалавриат
2600;Обучается;3СРба-1;2;Социально-гуманитарный факультет (СГФ);Кафедра «Педагогика,  психология и социальная работа» (ППСР);39.03.02;Социальная работа;Технология социальной работы;Заочная форма;Бакалавриат
2601;Обучается;3СРба-1;2;Социально-гуманитарный факультет (СГФ);Кафедра «Педагогика,  психология и социальная работа» (ППСР);39.03.02;Социальная работа;Технология социальной работы;Заочная форма;Бакалавриат
2602;Обучается;3СРба-1;2;Социально-гуманитарный факультет (СГФ);Кафедра «Педагогика,  психология и социальная работа» (ППСР);39.03.02;Социальная работа;Технология социальной работы;Заочная форма;Бакалавриат
2603;Обучается;3СРба-1;2;Социально-гуманитарный факультет (СГФ);Кафедра «Педагогика,  психология и социальная работа» (ППСР);39.03.02;Социальная работа;Технология социальной работы;Заочная форма;Бакалавриат
2604;Обучается;3СРба-1;2;Социально-гуманитарный факультет (СГФ);Кафедра «Педагогика,  психология и социальная работа» (ППСР);39.03.02;Социальная работа;Технология социальной работы;Заочная форма;Бакалавриат
2605;Обучается;3СРба-1;2;Социально-гуманитарный факультет (СГФ);Кафедра «Педагогика,  психология и социальная работа» (ППСР);39.03.02;Социальная работа;Технология социальной работы;Заочная форма;Бакалавриат
2606;Обучается;1ЮРба-1;;Социально-гуманитарный факультет (СГФ);Кафедра «Публичное и частное право» (ПЧП);40.03.01;Юриспруденция;Государственно-правовой;Заочная форма;Бакалавриат
2607;Обучается;4ЮРба-1;1;Социально-гуманитарный факультет (СГФ);Кафедра «Публичное и частное право» (ПЧП);40.03.01;Юриспруденция;Государственно-правовой;Заочная форма;Бакалавриат
2608;Обучается;4ЮРба-1;1;Социально-гуманитарный факультет (СГФ);Кафедра «Публичное и частное право» (ПЧП);40.03.01;Юриспруденция;Государственно-правовой;Заочная форма;Бакалавриат
2609;Обучается;4ЮРба-1;1;Социально-гуманитарный факультет (СГФ);Кафедра «Публичное и частное право» (ПЧП);40.03.01;Юриспруденция;Государственно-правовой;Заочная форма;Бакалавриат
2610;Обучается;4ЮРба-1;1;Социально-гуманитарный факультет (СГФ);Кафедра «Публичное и частное право» (ПЧП);40.03.01;Юриспруденция;Государственно-правовой;Заочная форма;Бакалавриат
2611;Обучается;4ЮРба-1;1;Социально-гуманитарный факультет (СГФ);Кафедра «Публичное и частное право» (ПЧП);40.03.01;Юриспруденция;Государственно-правовой;Заочная форма;Бакалавриат
2612;Обучается;4ЮРба-1;1;Социально-гуманитарный факультет (СГФ);Кафедра «Публичное и частное право» (ПЧП);40.03.01;Юриспруденция;Государственно-правовой;Заочная форма;Бакалавриат
2613;Обучается;4ЮРба-1;1;Социально-гуманитарный факультет (СГФ);Кафедра «Публичное и частное право» (ПЧП);40.03.01;Юриспруденция;Государственно-правовой;Заочная форма;Бакалавриат
2614;Обучается;4ЮРба-1;1;Социально-гуманитарный факультет (СГФ);Кафедра «Публичное и частное право» (ПЧП);40.03.01;Юриспруденция;Государственно-правовой;Заочная форма;Бакалавриат
2615;Обучается;4ЮРба-1;1;Социально-гуманитарный факультет (СГФ);Кафедра «Публичное и частное право» (ПЧП);40.03.01;Юриспруденция;Государственно-правовой;Заочная форма;Бакалавриат
2616;Обучается;4ЮРба-1;1;Социально-гуманитарный факультет (СГФ);Кафедра «Публичное и частное право» (ПЧП);40.03.01;Юриспруденция;Государственно-правовой;Заочная форма;Бакалавриат
2617;Обучается;4ЮРба-1;1;Социально-гуманитарный факультет (СГФ);Кафедра «Публичное и частное право» (ПЧП);40.03.01;Юриспруденция;Государственно-правовой;Заочная форма;Бакалавриат
2618;Обучается;4ЮРба-1;1;Социально-гуманитарный факультет (СГФ);Кафедра «Публичное и частное право» (ПЧП);40.03.01;Юриспруденция;Государственно-правовой;Заочная форма;Бакалавриат
2619;Обучается;3ЮРба-1;2;Социально-гуманитарный факультет (СГФ);Кафедра «Публичное и частное право» (ПЧП);40.03.01;Юриспруденция;Государственно-правовой;Заочная форма;Бакалавриат
2620;Обучается;3ЮРба-1;2;Социально-гуманитарный факультет (СГФ);Кафедра «Публичное и частное право» (ПЧП);40.03.01;Юриспруденция;Государственно-правовой;Заочная форма;Бакалавриат
2621;Обучается;3ЮРба-1;2;Социально-гуманитарный факультет (СГФ);Кафедра «Публичное и частное право» (ПЧП);40.03.01;Юриспруденция;Государственно-правовой;Заочная форма;Бакалавриат
2622;Обучается;3ЮРба-1;2;Социально-гуманитарный факультет (СГФ);Кафедра «Публичное и частное право» (ПЧП);40.03.01;Юриспруденция;Государственно-правовой;Заочная форма;Бакалавриат
2623;Обучается;3ЮРба-1;2;Социально-гуманитарный факультет (СГФ);Кафедра «Публичное и частное право» (ПЧП);40.03.01;Юриспруденция;Государственно-правовой;Заочная форма;Бакалавриат
2624;Обучается;3ЮРба-1;2;Социально-гуманитарный факультет (СГФ);Кафедра «Публичное и частное право» (ПЧП);40.03.01;Юриспруденция;Государственно-правовой;Заочная форма;Бакалавриат
2625;Обучается;3ЮРба-1;2;Социально-гуманитарный факультет (СГФ);Кафедра «Публичное и частное право» (ПЧП);40.03.01;Юриспруденция;Государственно-правовой;Заочная форма;Бакалавриат
2626;Обучается;3ЮРба-1;2;Социально-гуманитарный факультет (СГФ);Кафедра «Публичное и частное право» (ПЧП);40.03.01;Юриспруденция;Государственно-правовой;Заочная форма;Бакалавриат
2627;Обучается;3ЮРба-1;2;Социально-гуманитарный факультет (СГФ);Кафедра «Публичное и частное право» (ПЧП);40.03.01;Юриспруденция;Государственно-правовой;Заочная форма;Бакалавриат
2628;Обучается;3ЮРба-1;2;Социально-гуманитарный факультет (СГФ);Кафедра «Публичное и частное право» (ПЧП);40.03.01;Юриспруденция;Государственно-правовой;Заочная форма;Бакалавриат
2629;Обучается;3ЮРба-1;2;Социально-гуманитарный факультет (СГФ);Кафедра «Публичное и частное право» (ПЧП);40.03.01;Юриспруденция;Государственно-правовой;Заочная форма;Бакалавриат
2630;Обучается;3ЮРба-1;2;Социально-гуманитарный факультет (СГФ);Кафедра «Публичное и частное право» (ПЧП);40.03.01;Юриспруденция;Государственно-правовой;Заочная форма;Бакалавриат
2631;Обучается;3ЮРба-1;2;Социально-гуманитарный факультет (СГФ);Кафедра «Публичное и частное право» (ПЧП);40.03.01;Юриспруденция;Государственно-правовой;Заочная форма;Бакалавриат
2632;Обучается;2ЮРба-1;3;Социально-гуманитарный факультет (СГФ);Кафедра «Публичное и частное право» (ПЧП);40.03.01;Юриспруденция;Государственно-правовой;Заочная форма;Бакалавриат
2633;Обучается;2ЮРба-1;3;Социально-гуманитарный факультет (СГФ);Кафедра «Публичное и частное право» (ПЧП);40.03.01;Юриспруденция;Государственно-правовой;Заочная форма;Бакалавриат
2634;Обучается;2ЮРба-1;3;Социально-гуманитарный факультет (СГФ);Кафедра «Публичное и частное право» (ПЧП);40.03.01;Юриспруденция;Государственно-правовой;Заочная форма;Бакалавриат
2635;Обучается;2ЮРба-1;3;Социально-гуманитарный факультет (СГФ);Кафедра «Публичное и частное право» (ПЧП);40.03.01;Юриспруденция;Государственно-правовой;Заочная форма;Бакалавриат
2636;Обучается;2ЮРба-1;3;Социально-гуманитарный факультет (СГФ);Кафедра «Публичное и частное право» (ПЧП);40.03.01;Юриспруденция;Государственно-правовой;Заочная форма;Бакалавриат
2637;Обучается;4ЮРма-1;1;Социально-гуманитарный факультет (СГФ);Кафедра «Публичное и частное право» (ПЧП);40.04.01;Юриспруденция;Защита прав человека и бизнеса в Российской Федерации;Заочная форма;Магистратура
2638;Обучается;4ЮРма-1;1;Социально-гуманитарный факультет (СГФ);Кафедра «Публичное и частное право» (ПЧП);40.04.01;Юриспруденция;Защита прав человека и бизнеса в Российской Федерации;Заочная форма;Магистратура
2639;Обучается;4ЮРма-1;1;Социально-гуманитарный факультет (СГФ);Кафедра «Публичное и частное право» (ПЧП);40.04.01;Юриспруденция;Защита прав человека и бизнеса в Российской Федерации;Заочная форма;Магистратура
2640;Обучается;4ЮРма-1;1;Социально-гуманитарный факультет (СГФ);Кафедра «Публичное и частное право» (ПЧП);40.04.01;Юриспруденция;Защита прав человека и бизнеса в Российской Федерации;Заочная форма;Магистратура
2641;Обучается;4ЮРма-1;1;Социально-гуманитарный факультет (СГФ);Кафедра «Публичное и частное право» (ПЧП);40.04.01;Юриспруденция;Защита прав человека и бизнеса в Российской Федерации;Заочная форма;Магистратура
2642;Обучается;4ЮРма-1;1;Социально-гуманитарный факультет (СГФ);Кафедра «Публичное и частное право» (ПЧП);40.04.01;Юриспруденция;Защита прав человека и бизнеса в Российской Федерации;Заочная форма;Магистратура
2643;Обучается;4ЮРма-1;1;Социально-гуманитарный факультет (СГФ);Кафедра «Публичное и частное право» (ПЧП);40.04.01;Юриспруденция;Защита прав человека и бизнеса в Российской Федерации;Заочная форма;Магистратура
2644;Обучается;4ЮРма-1;1;Социально-гуманитарный факультет (СГФ);Кафедра «Публичное и частное право» (ПЧП);40.04.01;Юриспруденция;Защита прав человека и бизнеса в Российской Федерации;Заочная форма;Магистратура
2645;Обучается;4ЮРма-1;1;Социально-гуманитарный факультет (СГФ);Кафедра «Публичное и частное право» (ПЧП);40.04.01;Юриспруденция;Защита прав человека и бизнеса в Российской Федерации;Заочная форма;Магистратура
2646;Обучается;4ЮРма-1;1;Социально-гуманитарный факультет (СГФ);Кафедра «Публичное и частное право» (ПЧП);40.04.01;Юриспруденция;Защита прав человека и бизнеса в Российской Федерации;Заочная форма;Магистратура
2647;Обучается;4ЮРма-1;1;Социально-гуманитарный факультет (СГФ);Кафедра «Публичное и частное право» (ПЧП);40.04.01;Юриспруденция;Защита прав человека и бизнеса в Российской Федерации;Заочная форма;Магистратура
2648;Обучается;4ЮРма-1;1;Социально-гуманитарный факультет (СГФ);Кафедра «Публичное и частное право» (ПЧП);40.04.01;Юриспруденция;Защита прав человека и бизнеса в Российской Федерации;Заочная форма;Магистратура
2649;Обучается;4ЮРма-1;1;Социально-гуманитарный факультет (СГФ);Кафедра «Публичное и частное право» (ПЧП);40.04.01;Юриспруденция;Защита прав человека и бизнеса в Российской Федерации;Заочная форма;Магистратура
2650;Обучается;4ЮРма-1;1;Социально-гуманитарный факультет (СГФ);Кафедра «Публичное и частное право» (ПЧП);40.04.01;Юриспруденция;Защита прав человека и бизнеса в Российской Федерации;Заочная форма;Магистратура
2651;Обучается;4ЮРма-1;1;Социально-гуманитарный факультет (СГФ);Кафедра «Публичное и частное право» (ПЧП);40.04.01;Юриспруденция;Защита прав человека и бизнеса в Российской Федерации;Заочная форма;Магистратура
2652;Обучается;4ЮРма-1;1;Социально-гуманитарный факультет (СГФ);Кафедра «Публичное и частное право» (ПЧП);40.04.01;Юриспруденция;Защита прав человека и бизнеса в Российской Федерации;Заочная форма;Магистратура
2653;Обучается;4ЮРма-1;1;Социально-гуманитарный факультет (СГФ);Кафедра «Публичное и частное право» (ПЧП);40.04.01;Юриспруденция;Защита прав человека и бизнеса в Российской Федерации;Заочная форма;Магистратура
2654;Обучается;4ЮРма-1;1;Социально-гуманитарный факультет (СГФ);Кафедра «Публичное и частное право» (ПЧП);40.04.01;Юриспруденция;Защита прав человека и бизнеса в Российской Федерации;Заочная форма;Магистратура
2655;Обучается;4ЮРма-1;1;Социально-гуманитарный факультет (СГФ);Кафедра «Публичное и частное право» (ПЧП);40.04.01;Юриспруденция;Защита прав человека и бизнеса в Российской Федерации;Заочная форма;Магистратура
2656;Обучается;4ЮРма-1;1;Социально-гуманитарный факультет (СГФ);Кафедра «Публичное и частное право» (ПЧП);40.04.01;Юриспруденция;Защита прав человека и бизнеса в Российской Федерации;Заочная форма;Магистратура
2657;Обучается;4ЮРма-1;1;Социально-гуманитарный факультет (СГФ);Кафедра «Публичное и частное право» (ПЧП);40.04.01;Юриспруденция;Защита прав человека и бизнеса в Российской Федерации;Заочная форма;Магистратура
2658;Обучается;4ЮРма-1;1;Социально-гуманитарный факультет (СГФ);Кафедра «Публичное и частное право» (ПЧП);40.04.01;Юриспруденция;Защита прав человека и бизнеса в Российской Федерации;Заочная форма;Магистратура
2659;Обучается;4ЮРма-1;1;Социально-гуманитарный факультет (СГФ);Кафедра «Публичное и частное право» (ПЧП);40.04.01;Юриспруденция;Защита прав человека и бизнеса в Российской Федерации;Заочная форма;Магистратура
2660;Обучается;4ЮРма-1;1;Социально-гуманитарный факультет (СГФ);Кафедра «Публичное и частное право» (ПЧП);40.04.01;Юриспруденция;Защита прав человека и бизнеса в Российской Федерации;Заочная форма;Магистратура
2661;Обучается;4ЮРма-1;1;Социально-гуманитарный факультет (СГФ);Кафедра «Публичное и частное право» (ПЧП);40.04.01;Юриспруденция;Защита прав человека и бизнеса в Российской Федерации;Заочная форма;Магистратура
2662;Обучается;3ЮРма-1;2;Социально-гуманитарный факультет (СГФ);Кафедра «Публичное и частное право» (ПЧП);40.04.01;Юриспруденция;Защита прав человека и бизнеса в Российской Федерации;Заочная форма;Магистратура
2663;Академический отпуск;3ЮРма-1;2;Социально-гуманитарный факультет (СГФ);Кафедра «Публичное и частное право» (ПЧП);40.04.01;Юриспруденция;Защита прав человека и бизнеса в Российской Федерации;Заочная форма;Магистратура
2664;Обучается;3ЮРма-1;2;Социально-гуманитарный факультет (СГФ);Кафедра «Публичное и частное право» (ПЧП);40.04.01;Юриспруденция;Защита прав человека и бизнеса в Российской Федерации;Заочная форма;Магистратура
2665;Академический отпуск;3ЮРма-1;2;Социально-гуманитарный факультет (СГФ);Кафедра «Публичное и частное право» (ПЧП);40.04.01;Юриспруденция;Защита прав человека и бизнеса в Российской Федерации;Заочная форма;Магистратура
2666;Обучается;3ЮРма-1;2;Социально-гуманитарный факультет (СГФ);Кафедра «Публичное и частное право» (ПЧП);40.04.01;Юриспруденция;Защита прав человека и бизнеса в Российской Федерации;Заочная форма;Магистратура
2667;Обучается;3ЮРма-1;2;Социально-гуманитарный факультет (СГФ);Кафедра «Публичное и частное право» (ПЧП);40.04.01;Юриспруденция;Защита прав человека и бизнеса в Российской Федерации;Заочная форма;Магистратура
2668;Обучается;3ЮРма-1;2;Социально-гуманитарный факультет (СГФ);Кафедра «Публичное и частное право» (ПЧП);40.04.01;Юриспруденция;Защита прав человека и бизнеса в Российской Федерации;Заочная форма;Магистратура
2669;Обучается;3ЮРма-1;2;Социально-гуманитарный факультет (СГФ);Кафедра «Публичное и частное право» (ПЧП);40.04.01;Юриспруденция;Защита прав человека и бизнеса в Российской Федерации;Заочная форма;Магистратура
2670;Обучается;3ЮРма-1;2;Социально-гуманитарный факультет (СГФ);Кафедра «Публичное и частное право» (ПЧП);40.04.01;Юриспруденция;Защита прав человека и бизнеса в Российской Федерации;Заочная форма;Магистратура
2671;Обучается;3ЮРма-1;2;Социально-гуманитарный факультет (СГФ);Кафедра «Публичное и частное право» (ПЧП);40.04.01;Юриспруденция;Защита прав человека и бизнеса в Российской Федерации;Заочная форма;Магистратура
2672;Обучается;3ЮРма-1;2;Социально-гуманитарный факультет (СГФ);Кафедра «Публичное и частное право» (ПЧП);40.04.01;Юриспруденция;Защита прав человека и бизнеса в Российской Федерации;Заочная форма;Магистратура
2673;Обучается;3ЮРма-1;2;Социально-гуманитарный факультет (СГФ);Кафедра «Публичное и частное право» (ПЧП);40.04.01;Юриспруденция;Защита прав человека и бизнеса в Российской Федерации;Заочная форма;Магистратура
2674;Обучается;3ЮРма-1;2;Социально-гуманитарный факультет (СГФ);Кафедра «Публичное и частное право» (ПЧП);40.04.01;Юриспруденция;Защита прав человека и бизнеса в Российской Федерации;Заочная форма;Магистратура
2675;Академический отпуск;3ЮРма-1;2;Социально-гуманитарный факультет (СГФ);Кафедра «Публичное и частное право» (ПЧП);40.04.01;Юриспруденция;Защита прав человека и бизнеса в Российской Федерации;Заочная форма;Магистратура
2676;Обучается;3ЮРма-1;2;Социально-гуманитарный факультет (СГФ);Кафедра «Публичное и частное право» (ПЧП);40.04.01;Юриспруденция;Защита прав человека и бизнеса в Российской Федерации;Заочная форма;Магистратура
2677;Обучается;3ЮРма-1;2;Социально-гуманитарный факультет (СГФ);Кафедра «Публичное и частное право» (ПЧП);40.04.01;Юриспруденция;Защита прав человека и бизнеса в Российской Федерации;Заочная форма;Магистратура
2678;Обучается;3ЮРма-1;2;Социально-гуманитарный факультет (СГФ);Кафедра «Публичное и частное право» (ПЧП);40.04.01;Юриспруденция;Защита прав человека и бизнеса в Российской Федерации;Заочная форма;Магистратура
2679;Обучается;3ЮРма-1;2;Социально-гуманитарный факультет (СГФ);Кафедра «Публичное и частное право» (ПЧП);40.04.01;Юриспруденция;Защита прав человека и бизнеса в Российской Федерации;Заочная форма;Магистратура
2680;Обучается;3ЮРма-1;2;Социально-гуманитарный факультет (СГФ);Кафедра «Публичное и частное право» (ПЧП);40.04.01;Юриспруденция;Защита прав человека и бизнеса в Российской Федерации;Заочная форма;Магистратура
2681;Обучается;3ЮРма-1;2;Социально-гуманитарный факультет (СГФ);Кафедра «Публичное и частное право» (ПЧП);40.04.01;Юриспруденция;Защита прав человека и бизнеса в Российской Федерации;Заочная форма;Магистратура
2682;Академический отпуск;3ЮРма-1;2;Социально-гуманитарный факультет (СГФ);Кафедра «Публичное и частное право» (ПЧП);40.04.01;Юриспруденция;Защита прав человека и бизнеса в Российской Федерации;Заочная форма;Магистратура
2683;Обучается;3ЮРма-1;2;Социально-гуманитарный факультет (СГФ);Кафедра «Публичное и частное право» (ПЧП);40.04.01;Юриспруденция;Защита прав человека и бизнеса в Российской Федерации;Заочная форма;Магистратура
2684;Обучается;3ЮРма-1;2;Социально-гуманитарный факультет (СГФ);Кафедра «Публичное и частное право» (ПЧП);40.04.01;Юриспруденция;Защита прав человека и бизнеса в Российской Федерации;Заочная форма;Магистратура
2685;Обучается;3ЮРма-1;2;Социально-гуманитарный факультет (СГФ);Кафедра «Публичное и частное право» (ПЧП);40.04.01;Юриспруденция;Защита прав человека и бизнеса в Российской Федерации;Заочная форма;Магистратура
2686;Обучается;3ЮРма-1;2;Социально-гуманитарный факультет (СГФ);Кафедра «Публичное и частное право» (ПЧП);40.04.01;Юриспруденция;Защита прав человека и бизнеса в Российской Федерации;Заочная форма;Магистратура
2687;Обучается;4ОПба-1;1;Факультет авиационной и морской техники (ФАМТ);Кафедра «Кораблестроение и компьютерный инжиниринг» (ККИ);23.03.01;Технология транспортных процессов;Организация перевозок и управление в единой транспортной системе;Заочная форма;Бакалавриат
2688;Обучается;4ОПба-1;1;Факультет авиационной и морской техники (ФАМТ);Кафедра «Кораблестроение и компьютерный инжиниринг» (ККИ);23.03.01;Технология транспортных процессов;Организация перевозок и управление в единой транспортной системе;Заочная форма;Бакалавриат
2689;Обучается;4ОПба-1;1;Факультет авиационной и морской техники (ФАМТ);Кафедра «Кораблестроение и компьютерный инжиниринг» (ККИ);23.03.01;Технология транспортных процессов;Организация перевозок и управление в единой транспортной системе;Заочная форма;Бакалавриат
2690;Обучается;4ОПба-1;1;Факультет авиационной и морской техники (ФАМТ);Кафедра «Кораблестроение и компьютерный инжиниринг» (ККИ);23.03.01;Технология транспортных процессов;Организация перевозок и управление в единой транспортной системе;Заочная форма;Бакалавриат
2691;Обучается;4ОПба-1;1;Факультет авиационной и морской техники (ФАМТ);Кафедра «Кораблестроение и компьютерный инжиниринг» (ККИ);23.03.01;Технология транспортных процессов;Организация перевозок и управление в единой транспортной системе;Заочная форма;Бакалавриат
2692;Обучается;4ОПба-1;1;Факультет авиационной и морской техники (ФАМТ);Кафедра «Кораблестроение и компьютерный инжиниринг» (ККИ);23.03.01;Технология транспортных процессов;Организация перевозок и управление в единой транспортной системе;Заочная форма;Бакалавриат
2693;Обучается;4ОПба-1;1;Факультет авиационной и морской техники (ФАМТ);Кафедра «Кораблестроение и компьютерный инжиниринг» (ККИ);23.03.01;Технология транспортных процессов;Организация перевозок и управление в единой транспортной системе;Заочная форма;Бакалавриат
2694;Обучается;4ОПба-1;1;Факультет авиационной и морской техники (ФАМТ);Кафедра «Кораблестроение и компьютерный инжиниринг» (ККИ);23.03.01;Технология транспортных процессов;Организация перевозок и управление в единой транспортной системе;Заочная форма;Бакалавриат
2695;Обучается;4ОПба-1;1;Факультет авиационной и морской техники (ФАМТ);Кафедра «Кораблестроение и компьютерный инжиниринг» (ККИ);23.03.01;Технология транспортных процессов;Организация перевозок и управление в единой транспортной системе;Заочная форма;Бакалавриат
2696;Обучается;4ОПба-1;1;Факультет авиационной и морской техники (ФАМТ);Кафедра «Кораблестроение и компьютерный инжиниринг» (ККИ);23.03.01;Технология транспортных процессов;Организация перевозок и управление в единой транспортной системе;Заочная форма;Бакалавриат
2697;Обучается;4ОПба-1;1;Факультет авиационной и морской техники (ФАМТ);Кафедра «Кораблестроение и компьютерный инжиниринг» (ККИ);23.03.01;Технология транспортных процессов;Организация перевозок и управление в единой транспортной системе;Заочная форма;Бакалавриат
2698;Обучается;4ОПба-1;1;Факультет авиационной и морской техники (ФАМТ);Кафедра «Кораблестроение и компьютерный инжиниринг» (ККИ);23.03.01;Технология транспортных процессов;Организация перевозок и управление в единой транспортной системе;Заочная форма;Бакалавриат
2699;Обучается;4ОПба-1;1;Факультет авиационной и морской техники (ФАМТ);Кафедра «Кораблестроение и компьютерный инжиниринг» (ККИ);23.03.01;Технология транспортных процессов;Организация перевозок и управление в единой транспортной системе;Заочная форма;Бакалавриат
2700;Обучается;4ОПба-1;1;Факультет авиационной и морской техники (ФАМТ);Кафедра «Кораблестроение и компьютерный инжиниринг» (ККИ);23.03.01;Технология транспортных процессов;Организация перевозок и управление в единой транспортной системе;Заочная форма;Бакалавриат
2701;Обучается;4ОПба-1;1;Факультет авиационной и морской техники (ФАМТ);Кафедра «Кораблестроение и компьютерный инжиниринг» (ККИ);23.03.01;Технология транспортных процессов;Организация перевозок и управление в единой транспортной системе;Заочная форма;Бакалавриат
2702;Обучается;4ОПба-1;1;Факультет авиационной и морской техники (ФАМТ);Кафедра «Кораблестроение и компьютерный инжиниринг» (ККИ);23.03.01;Технология транспортных процессов;Организация перевозок и управление в единой транспортной системе;Заочная форма;Бакалавриат
2703;Обучается;4ОПба-1;1;Факультет авиационной и морской техники (ФАМТ);Кафедра «Кораблестроение и компьютерный инжиниринг» (ККИ);23.03.01;Технология транспортных процессов;Организация перевозок и управление в единой транспортной системе;Заочная форма;Бакалавриат
2704;Обучается;4ОПба-1;1;Факультет авиационной и морской техники (ФАМТ);Кафедра «Кораблестроение и компьютерный инжиниринг» (ККИ);23.03.01;Технология транспортных процессов;Организация перевозок и управление в единой транспортной системе;Заочная форма;Бакалавриат
2705;Обучается;4ОПба-1;1;Факультет авиационной и морской техники (ФАМТ);Кафедра «Кораблестроение и компьютерный инжиниринг» (ККИ);23.03.01;Технология транспортных процессов;Организация перевозок и управление в единой транспортной системе;Заочная форма;Бакалавриат
2706;Обучается;4ОПба-1;1;Факультет авиационной и морской техники (ФАМТ);Кафедра «Кораблестроение и компьютерный инжиниринг» (ККИ);23.03.01;Технология транспортных процессов;Организация перевозок и управление в единой транспортной системе;Заочная форма;Бакалавриат
2707;Обучается;4ОПба-1;1;Факультет авиационной и морской техники (ФАМТ);Кафедра «Кораблестроение и компьютерный инжиниринг» (ККИ);23.03.01;Технология транспортных процессов;Организация перевозок и управление в единой транспортной системе;Заочная форма;Бакалавриат
2708;Обучается;4ОПба-1;1;Факультет авиационной и морской техники (ФАМТ);Кафедра «Кораблестроение и компьютерный инжиниринг» (ККИ);23.03.01;Технология транспортных процессов;Организация перевозок и управление в единой транспортной системе;Заочная форма;Бакалавриат
2709;Обучается;4ОПба-1;1;Факультет авиационной и морской техники (ФАМТ);Кафедра «Кораблестроение и компьютерный инжиниринг» (ККИ);23.03.01;Технология транспортных процессов;Организация перевозок и управление в единой транспортной системе;Заочная форма;Бакалавриат
2710;Обучается;4ОПба-1;1;Факультет авиационной и морской техники (ФАМТ);Кафедра «Кораблестроение и компьютерный инжиниринг» (ККИ);23.03.01;Технология транспортных процессов;Организация перевозок и управление в единой транспортной системе;Заочная форма;Бакалавриат
2711;Обучается;4ОПба-1;1;Факультет авиационной и морской техники (ФАМТ);Кафедра «Кораблестроение и компьютерный инжиниринг» (ККИ);23.03.01;Технология транспортных процессов;Организация перевозок и управление в единой транспортной системе;Заочная форма;Бакалавриат
2712;Обучается;4ОПба-1;1;Факультет авиационной и морской техники (ФАМТ);Кафедра «Кораблестроение и компьютерный инжиниринг» (ККИ);23.03.01;Технология транспортных процессов;Организация перевозок и управление в единой транспортной системе;Заочная форма;Бакалавриат
2713;Обучается;4ОПба-1;1;Факультет авиационной и морской техники (ФАМТ);Кафедра «Кораблестроение и компьютерный инжиниринг» (ККИ);23.03.01;Технология транспортных процессов;Организация перевозок и управление в единой транспортной системе;Заочная форма;Бакалавриат
2714;Обучается;4ОПба-1;1;Факультет авиационной и морской техники (ФАМТ);Кафедра «Кораблестроение и компьютерный инжиниринг» (ККИ);23.03.01;Технология транспортных процессов;Организация перевозок и управление в единой транспортной системе;Заочная форма;Бакалавриат
2715;Обучается;4ОПба-1;1;Факультет авиационной и морской техники (ФАМТ);Кафедра «Кораблестроение и компьютерный инжиниринг» (ККИ);23.03.01;Технология транспортных процессов;Организация перевозок и управление в единой транспортной системе;Заочная форма;Бакалавриат
2716;Обучается;4ОПба-1;1;Факультет авиационной и морской техники (ФАМТ);Кафедра «Кораблестроение и компьютерный инжиниринг» (ККИ);23.03.01;Технология транспортных процессов;Организация перевозок и управление в единой транспортной системе;Заочная форма;Бакалавриат
2717;Обучается;4ОПба-1;1;Факультет авиационной и морской техники (ФАМТ);Кафедра «Кораблестроение и компьютерный инжиниринг» (ККИ);23.03.01;Технология транспортных процессов;Организация перевозок и управление в единой транспортной системе;Заочная форма;Бакалавриат
2718;Обучается;4ОПба-1;1;Факультет авиационной и морской техники (ФАМТ);Кафедра «Кораблестроение и компьютерный инжиниринг» (ККИ);23.03.01;Технология транспортных процессов;Организация перевозок и управление в единой транспортной системе;Заочная форма;Бакалавриат
2719;Обучается;4ОПба-1;1;Факультет авиационной и морской техники (ФАМТ);Кафедра «Кораблестроение и компьютерный инжиниринг» (ККИ);23.03.01;Технология транспортных процессов;Организация перевозок и управление в единой транспортной системе;Заочная форма;Бакалавриат
2720;Обучается;4ОПба-1;1;Факультет авиационной и морской техники (ФАМТ);Кафедра «Кораблестроение и компьютерный инжиниринг» (ККИ);23.03.01;Технология транспортных процессов;Организация перевозок и управление в единой транспортной системе;Заочная форма;Бакалавриат
2721;Обучается;4ОПба-1;1;Факультет авиационной и морской техники (ФАМТ);Кафедра «Кораблестроение и компьютерный инжиниринг» (ККИ);23.03.01;Технология транспортных процессов;Организация перевозок и управление в единой транспортной системе;Заочная форма;Бакалавриат
2722;Обучается;4ОПба-1;1;Факультет авиационной и морской техники (ФАМТ);Кафедра «Кораблестроение и компьютерный инжиниринг» (ККИ);23.03.01;Технология транспортных процессов;Организация перевозок и управление в единой транспортной системе;Заочная форма;Бакалавриат
2723;Обучается;3ОПба-1;2;Факультет авиационной и морской техники (ФАМТ);Кафедра «Кораблестроение и компьютерный инжиниринг» (ККИ);23.03.01;Технология транспортных процессов;Организация перевозок и управление в единой транспортной системе;Заочная форма;Бакалавриат
2724;Обучается;3ОПба-1;2;Факультет авиационной и морской техники (ФАМТ);Кафедра «Кораблестроение и компьютерный инжиниринг» (ККИ);23.03.01;Технология транспортных процессов;Организация перевозок и управление в единой транспортной системе;Заочная форма;Бакалавриат
2725;Обучается;3ОПба-1;2;Факультет авиационной и морской техники (ФАМТ);Кафедра «Кораблестроение и компьютерный инжиниринг» (ККИ);23.03.01;Технология транспортных процессов;Организация перевозок и управление в единой транспортной системе;Заочная форма;Бакалавриат
2726;Обучается;3ОПба-1;2;Факультет авиационной и морской техники (ФАМТ);Кафедра «Кораблестроение и компьютерный инжиниринг» (ККИ);23.03.01;Технология транспортных процессов;Организация перевозок и управление в единой транспортной системе;Заочная форма;Бакалавриат
2727;Обучается;3ОПба-1;2;Факультет авиационной и морской техники (ФАМТ);Кафедра «Кораблестроение и компьютерный инжиниринг» (ККИ);23.03.01;Технология транспортных процессов;Организация перевозок и управление в единой транспортной системе;Заочная форма;Бакалавриат
2728;Обучается;3ОПба-1;2;Факультет авиационной и морской техники (ФАМТ);Кафедра «Кораблестроение и компьютерный инжиниринг» (ККИ);23.03.01;Технология транспортных процессов;Организация перевозок и управление в единой транспортной системе;Заочная форма;Бакалавриат
2729;Обучается;3ОПба-1;2;Факультет авиационной и морской техники (ФАМТ);Кафедра «Кораблестроение и компьютерный инжиниринг» (ККИ);23.03.01;Технология транспортных процессов;Организация перевозок и управление в единой транспортной системе;Заочная форма;Бакалавриат
2730;Обучается;3ОПба-1;2;Факультет авиационной и морской техники (ФАМТ);Кафедра «Кораблестроение и компьютерный инжиниринг» (ККИ);23.03.01;Технология транспортных процессов;Организация перевозок и управление в единой транспортной системе;Заочная форма;Бакалавриат
2731;Обучается;3ОПба-1;2;Факультет авиационной и морской техники (ФАМТ);Кафедра «Кораблестроение и компьютерный инжиниринг» (ККИ);23.03.01;Технология транспортных процессов;Организация перевозок и управление в единой транспортной системе;Заочная форма;Бакалавриат
2732;Обучается;3ОПба-1;2;Факультет авиационной и морской техники (ФАМТ);Кафедра «Кораблестроение и компьютерный инжиниринг» (ККИ);23.03.01;Технология транспортных процессов;Организация перевозок и управление в единой транспортной системе;Заочная форма;Бакалавриат
2733;Обучается;3ОПба-1;2;Факультет авиационной и морской техники (ФАМТ);Кафедра «Кораблестроение и компьютерный инжиниринг» (ККИ);23.03.01;Технология транспортных процессов;Организация перевозок и управление в единой транспортной системе;Заочная форма;Бакалавриат
2734;Обучается;3ОПба-1;2;Факультет авиационной и морской техники (ФАМТ);Кафедра «Кораблестроение и компьютерный инжиниринг» (ККИ);23.03.01;Технология транспортных процессов;Организация перевозок и управление в единой транспортной системе;Заочная форма;Бакалавриат
2735;Обучается;3ОПба-1;2;Факультет авиационной и морской техники (ФАМТ);Кафедра «Кораблестроение и компьютерный инжиниринг» (ККИ);23.03.01;Технология транспортных процессов;Организация перевозок и управление в единой транспортной системе;Заочная форма;Бакалавриат
2736;Обучается;3ОПба-1;2;Факультет авиационной и морской техники (ФАМТ);Кафедра «Кораблестроение и компьютерный инжиниринг» (ККИ);23.03.01;Технология транспортных процессов;Организация перевозок и управление в единой транспортной системе;Заочная форма;Бакалавриат
2737;Обучается;3ОПба-1;2;Факультет авиационной и морской техники (ФАМТ);Кафедра «Кораблестроение и компьютерный инжиниринг» (ККИ);23.03.01;Технология транспортных процессов;Организация перевозок и управление в единой транспортной системе;Заочная форма;Бакалавриат
2738;Обучается;3ОПба-1;2;Факультет авиационной и морской техники (ФАМТ);Кафедра «Кораблестроение и компьютерный инжиниринг» (ККИ);23.03.01;Технология транспортных процессов;Организация перевозок и управление в единой транспортной системе;Заочная форма;Бакалавриат
2739;Обучается;3ОПба-1;2;Факультет авиационной и морской техники (ФАМТ);Кафедра «Кораблестроение и компьютерный инжиниринг» (ККИ);23.03.01;Технология транспортных процессов;Организация перевозок и управление в единой транспортной системе;Заочная форма;Бакалавриат
2740;Обучается;3ОПба-1;2;Факультет авиационной и морской техники (ФАМТ);Кафедра «Кораблестроение и компьютерный инжиниринг» (ККИ);23.03.01;Технология транспортных процессов;Организация перевозок и управление в единой транспортной системе;Заочная форма;Бакалавриат
2741;Обучается;3ОПба-1;2;Факультет авиационной и морской техники (ФАМТ);Кафедра «Кораблестроение и компьютерный инжиниринг» (ККИ);23.03.01;Технология транспортных процессов;Организация перевозок и управление в единой транспортной системе;Заочная форма;Бакалавриат
2742;Обучается;3ОПба-1;2;Факультет авиационной и морской техники (ФАМТ);Кафедра «Кораблестроение и компьютерный инжиниринг» (ККИ);23.03.01;Технология транспортных процессов;Организация перевозок и управление в единой транспортной системе;Заочная форма;Бакалавриат
2743;Обучается;3ОПба-1;2;Факультет авиационной и морской техники (ФАМТ);Кафедра «Кораблестроение и компьютерный инжиниринг» (ККИ);23.03.01;Технология транспортных процессов;Организация перевозок и управление в единой транспортной системе;Заочная форма;Бакалавриат
2744;Обучается;3ОПба-1;2;Факультет авиационной и морской техники (ФАМТ);Кафедра «Кораблестроение и компьютерный инжиниринг» (ККИ);23.03.01;Технология транспортных процессов;Организация перевозок и управление в единой транспортной системе;Заочная форма;Бакалавриат
2745;Обучается;3ОПба-1;2;Факультет авиационной и морской техники (ФАМТ);Кафедра «Кораблестроение и компьютерный инжиниринг» (ККИ);23.03.01;Технология транспортных процессов;Организация перевозок и управление в единой транспортной системе;Заочная форма;Бакалавриат
2746;Обучается;3ОПба-1;2;Факультет авиационной и морской техники (ФАМТ);Кафедра «Кораблестроение и компьютерный инжиниринг» (ККИ);23.03.01;Технология транспортных процессов;Организация перевозок и управление в единой транспортной системе;Заочная форма;Бакалавриат
2747;Обучается;3ОПба-1;2;Факультет авиационной и морской техники (ФАМТ);Кафедра «Кораблестроение и компьютерный инжиниринг» (ККИ);23.03.01;Технология транспортных процессов;Организация перевозок и управление в единой транспортной системе;Заочная форма;Бакалавриат
2748;Обучается;2ОПба-1;3;Факультет авиационной и морской техники (ФАМТ);Кафедра «Кораблестроение и компьютерный инжиниринг» (ККИ);23.03.01;Технология транспортных процессов;Организация перевозок и управление в единой транспортной системе;Заочная форма;Бакалавриат
2749;Обучается;2ОПба-1;3;Факультет авиационной и морской техники (ФАМТ);Кафедра «Кораблестроение и компьютерный инжиниринг» (ККИ);23.03.01;Технология транспортных процессов;Организация перевозок и управление в единой транспортной системе;Заочная форма;Бакалавриат
2750;Обучается;2ОПба-1;3;Факультет авиационной и морской техники (ФАМТ);Кафедра «Кораблестроение и компьютерный инжиниринг» (ККИ);23.03.01;Технология транспортных процессов;Организация перевозок и управление в единой транспортной системе;Заочная форма;Бакалавриат
2751;Обучается;2ОПба-1;3;Факультет авиационной и морской техники (ФАМТ);Кафедра «Кораблестроение и компьютерный инжиниринг» (ККИ);23.03.01;Технология транспортных процессов;Организация перевозок и управление в единой транспортной системе;Заочная форма;Бакалавриат
2752;Обучается;2ОПба-1;3;Факультет авиационной и морской техники (ФАМТ);Кафедра «Кораблестроение и компьютерный инжиниринг» (ККИ);23.03.01;Технология транспортных процессов;Организация перевозок и управление в единой транспортной системе;Заочная форма;Бакалавриат
2753;Обучается;2ОПба-1;3;Факультет авиационной и морской техники (ФАМТ);Кафедра «Кораблестроение и компьютерный инжиниринг» (ККИ);23.03.01;Технология транспортных процессов;Организация перевозок и управление в единой транспортной системе;Заочная форма;Бакалавриат
2754;Обучается;2ОПба-1;3;Факультет авиационной и морской техники (ФАМТ);Кафедра «Кораблестроение и компьютерный инжиниринг» (ККИ);23.03.01;Технология транспортных процессов;Организация перевозок и управление в единой транспортной системе;Заочная форма;Бакалавриат
2755;Обучается;2ОПба-1;3;Факультет авиационной и морской техники (ФАМТ);Кафедра «Кораблестроение и компьютерный инжиниринг» (ККИ);23.03.01;Технология транспортных процессов;Организация перевозок и управление в единой транспортной системе;Заочная форма;Бакалавриат
2756;Обучается;2ОПба-1;3;Факультет авиационной и морской техники (ФАМТ);Кафедра «Кораблестроение и компьютерный инжиниринг» (ККИ);23.03.01;Технология транспортных процессов;Организация перевозок и управление в единой транспортной системе;Заочная форма;Бакалавриат
2757;Обучается;2ОПба-1;3;Факультет авиационной и морской техники (ФАМТ);Кафедра «Кораблестроение и компьютерный инжиниринг» (ККИ);23.03.01;Технология транспортных процессов;Организация перевозок и управление в единой транспортной системе;Заочная форма;Бакалавриат
2758;Обучается;2ОПба-1;3;Факультет авиационной и морской техники (ФАМТ);Кафедра «Кораблестроение и компьютерный инжиниринг» (ККИ);23.03.01;Технология транспортных процессов;Организация перевозок и управление в единой транспортной системе;Заочная форма;Бакалавриат
2759;Обучается;2ОПба-1;3;Факультет авиационной и морской техники (ФАМТ);Кафедра «Кораблестроение и компьютерный инжиниринг» (ККИ);23.03.01;Технология транспортных процессов;Организация перевозок и управление в единой транспортной системе;Заочная форма;Бакалавриат
2760;Обучается;2ОПба-1;3;Факультет авиационной и морской техники (ФАМТ);Кафедра «Кораблестроение и компьютерный инжиниринг» (ККИ);23.03.01;Технология транспортных процессов;Организация перевозок и управление в единой транспортной системе;Заочная форма;Бакалавриат
2761;Обучается;2ОПба-1;3;Факультет авиационной и морской техники (ФАМТ);Кафедра «Кораблестроение и компьютерный инжиниринг» (ККИ);23.03.01;Технология транспортных процессов;Организация перевозок и управление в единой транспортной системе;Заочная форма;Бакалавриат
2762;Обучается;2ОПба-1;3;Факультет авиационной и морской техники (ФАМТ);Кафедра «Кораблестроение и компьютерный инжиниринг» (ККИ);23.03.01;Технология транспортных процессов;Организация перевозок и управление в единой транспортной системе;Заочная форма;Бакалавриат
2763;Обучается;2ОПба-1;3;Факультет авиационной и морской техники (ФАМТ);Кафедра «Кораблестроение и компьютерный инжиниринг» (ККИ);23.03.01;Технология транспортных процессов;Организация перевозок и управление в единой транспортной системе;Заочная форма;Бакалавриат
2764;Обучается;2ОПба-1;3;Факультет авиационной и морской техники (ФАМТ);Кафедра «Кораблестроение и компьютерный инжиниринг» (ККИ);23.03.01;Технология транспортных процессов;Организация перевозок и управление в единой транспортной системе;Заочная форма;Бакалавриат
2765;Обучается;2ОПба-1;3;Факультет авиационной и морской техники (ФАМТ);Кафедра «Кораблестроение и компьютерный инжиниринг» (ККИ);23.03.01;Технология транспортных процессов;Организация перевозок и управление в единой транспортной системе;Заочная форма;Бакалавриат
2766;Обучается;2ОПба-1;3;Факультет авиационной и морской техники (ФАМТ);Кафедра «Кораблестроение и компьютерный инжиниринг» (ККИ);23.03.01;Технология транспортных процессов;Организация перевозок и управление в единой транспортной системе;Заочная форма;Бакалавриат
2767;Обучается;2ОПба-1;3;Факультет авиационной и морской техники (ФАМТ);Кафедра «Кораблестроение и компьютерный инжиниринг» (ККИ);23.03.01;Технология транспортных процессов;Организация перевозок и управление в единой транспортной системе;Заочная форма;Бакалавриат
2768;Обучается;2ОПба-1;3;Факультет авиационной и морской техники (ФАМТ);Кафедра «Кораблестроение и компьютерный инжиниринг» (ККИ);23.03.01;Технология транспортных процессов;Организация перевозок и управление в единой транспортной системе;Заочная форма;Бакалавриат
2769;Обучается;2ОПба-1;3;Факультет авиационной и морской техники (ФАМТ);Кафедра «Кораблестроение и компьютерный инжиниринг» (ККИ);23.03.01;Технология транспортных процессов;Организация перевозок и управление в единой транспортной системе;Заочная форма;Бакалавриат
2770;Обучается;2ОПба-1;3;Факультет авиационной и морской техники (ФАМТ);Кафедра «Кораблестроение и компьютерный инжиниринг» (ККИ);23.03.01;Технология транспортных процессов;Организация перевозок и управление в единой транспортной системе;Заочная форма;Бакалавриат
2771;Обучается;2ОПба-1;3;Факультет авиационной и морской техники (ФАМТ);Кафедра «Кораблестроение и компьютерный инжиниринг» (ККИ);23.03.01;Технология транспортных процессов;Организация перевозок и управление в единой транспортной системе;Заочная форма;Бакалавриат
2772;Обучается;2ОПба-1;3;Факультет авиационной и морской техники (ФАМТ);Кафедра «Кораблестроение и компьютерный инжиниринг» (ККИ);23.03.01;Технология транспортных процессов;Организация перевозок и управление в единой транспортной системе;Заочная форма;Бакалавриат
2773;Академический отпуск;2ОПба-1;3;Факультет авиационной и морской техники (ФАМТ);Кафедра «Кораблестроение и компьютерный инжиниринг» (ККИ);23.03.01;Технология транспортных процессов;Организация перевозок и управление в единой транспортной системе;Заочная форма;Бакалавриат
2774;Обучается;2ОПба-1;3;Факультет авиационной и морской техники (ФАМТ);Кафедра «Кораблестроение и компьютерный инжиниринг» (ККИ);23.03.01;Технология транспортных процессов;Организация перевозок и управление в единой транспортной системе;Заочная форма;Бакалавриат
2775;Обучается;1ОПба-1;4;Факультет авиационной и морской техники (ФАМТ);Кафедра «Кораблестроение и компьютерный инжиниринг» (ККИ);23.03.01;Технология транспортных процессов;Организация перевозок и управление в единой транспортной системе;Заочная форма;Бакалавриат
2776;Обучается;1ОПба-1;4;Факультет авиационной и морской техники (ФАМТ);Кафедра «Кораблестроение и компьютерный инжиниринг» (ККИ);23.03.01;Технология транспортных процессов;Организация перевозок и управление в единой транспортной системе;Заочная форма;Бакалавриат
2777;Обучается;1ОПба-1;4;Факультет авиационной и морской техники (ФАМТ);Кафедра «Кораблестроение и компьютерный инжиниринг» (ККИ);23.03.01;Технология транспортных процессов;Организация перевозок и управление в единой транспортной системе;Заочная форма;Бакалавриат
2778;Обучается;1ОПба-1;4;Факультет авиационной и морской техники (ФАМТ);Кафедра «Кораблестроение и компьютерный инжиниринг» (ККИ);23.03.01;Технология транспортных процессов;Организация перевозок и управление в единой транспортной системе;Заочная форма;Бакалавриат
2779;Обучается;1ОПба-1;4;Факультет авиационной и морской техники (ФАМТ);Кафедра «Кораблестроение и компьютерный инжиниринг» (ККИ);23.03.01;Технология транспортных процессов;Организация перевозок и управление в единой транспортной системе;Заочная форма;Бакалавриат
2780;Обучается;1ОПба-1;4;Факультет авиационной и морской техники (ФАМТ);Кафедра «Кораблестроение и компьютерный инжиниринг» (ККИ);23.03.01;Технология транспортных процессов;Организация перевозок и управление в единой транспортной системе;Заочная форма;Бакалавриат
2781;Обучается;1ОПба-1;4;Факультет авиационной и морской техники (ФАМТ);Кафедра «Кораблестроение и компьютерный инжиниринг» (ККИ);23.03.01;Технология транспортных процессов;Организация перевозок и управление в единой транспортной системе;Заочная форма;Бакалавриат
2782;Обучается;1ОПба-1;4;Факультет авиационной и морской техники (ФАМТ);Кафедра «Кораблестроение и компьютерный инжиниринг» (ККИ);23.03.01;Технология транспортных процессов;Организация перевозок и управление в единой транспортной системе;Заочная форма;Бакалавриат
2783;Академический отпуск;1ОПба-1;4;Факультет авиационной и морской техники (ФАМТ);Кафедра «Кораблестроение и компьютерный инжиниринг» (ККИ);23.03.01;Технология транспортных процессов;Организация перевозок и управление в единой транспортной системе;Заочная форма;Бакалавриат
2784;Обучается;1ОПба-1;4;Факультет авиационной и морской техники (ФАМТ);Кафедра «Кораблестроение и компьютерный инжиниринг» (ККИ);23.03.01;Технология транспортных процессов;Организация перевозок и управление в единой транспортной системе;Заочная форма;Бакалавриат
2785;Обучается;1ОПба-1;4;Факультет авиационной и морской техники (ФАМТ);Кафедра «Кораблестроение и компьютерный инжиниринг» (ККИ);23.03.01;Технология транспортных процессов;Организация перевозок и управление в единой транспортной системе;Заочная форма;Бакалавриат
2786;Обучается;1ОПба-1;4;Факультет авиационной и морской техники (ФАМТ);Кафедра «Кораблестроение и компьютерный инжиниринг» (ККИ);23.03.01;Технология транспортных процессов;Организация перевозок и управление в единой транспортной системе;Заочная форма;Бакалавриат
2787;Обучается;1ОПба-1;4;Факультет авиационной и морской техники (ФАМТ);Кафедра «Кораблестроение и компьютерный инжиниринг» (ККИ);23.03.01;Технология транспортных процессов;Организация перевозок и управление в единой транспортной системе;Заочная форма;Бакалавриат
2788;Обучается;1ОПба-1;4;Факультет авиационной и морской техники (ФАМТ);Кафедра «Кораблестроение и компьютерный инжиниринг» (ККИ);23.03.01;Технология транспортных процессов;Организация перевозок и управление в единой транспортной системе;Заочная форма;Бакалавриат
2789;Обучается;1ОПба-1;4;Факультет авиационной и морской техники (ФАМТ);Кафедра «Кораблестроение и компьютерный инжиниринг» (ККИ);23.03.01;Технология транспортных процессов;Организация перевозок и управление в единой транспортной системе;Заочная форма;Бакалавриат
2790;Обучается;1ОПба-1;4;Факультет авиационной и морской техники (ФАМТ);Кафедра «Кораблестроение и компьютерный инжиниринг» (ККИ);23.03.01;Технология транспортных процессов;Организация перевозок и управление в единой транспортной системе;Заочная форма;Бакалавриат
2791;Обучается;1ОПба-1;4;Факультет авиационной и морской техники (ФАМТ);Кафедра «Кораблестроение и компьютерный инжиниринг» (ККИ);23.03.01;Технология транспортных процессов;Организация перевозок и управление в единой транспортной системе;Заочная форма;Бакалавриат
2792;Обучается;1ОПба-1;4;Факультет авиационной и морской техники (ФАМТ);Кафедра «Кораблестроение и компьютерный инжиниринг» (ККИ);23.03.01;Технология транспортных процессов;Организация перевозок и управление в единой транспортной системе;Заочная форма;Бакалавриат
2793;Обучается;1ОПба-1;4;Факультет авиационной и морской техники (ФАМТ);Кафедра «Кораблестроение и компьютерный инжиниринг» (ККИ);23.03.01;Технология транспортных процессов;Организация перевозок и управление в единой транспортной системе;Заочная форма;Бакалавриат
2794;Обучается;1ОПба-1;4;Факультет авиационной и морской техники (ФАМТ);Кафедра «Кораблестроение и компьютерный инжиниринг» (ККИ);23.03.01;Технология транспортных процессов;Организация перевозок и управление в единой транспортной системе;Заочная форма;Бакалавриат
2795;Обучается;1ОПба-1;4;Факультет авиационной и морской техники (ФАМТ);Кафедра «Кораблестроение и компьютерный инжиниринг» (ККИ);23.03.01;Технология транспортных процессов;Организация перевозок и управление в единой транспортной системе;Заочная форма;Бакалавриат
2796;Обучается;1ОПба-1;4;Факультет авиационной и морской техники (ФАМТ);Кафедра «Кораблестроение и компьютерный инжиниринг» (ККИ);23.03.01;Технология транспортных процессов;Организация перевозок и управление в единой транспортной системе;Заочная форма;Бакалавриат
2797;Обучается;1ОПба-1;4;Факультет авиационной и морской техники (ФАМТ);Кафедра «Кораблестроение и компьютерный инжиниринг» (ККИ);23.03.01;Технология транспортных процессов;Организация перевозок и управление в единой транспортной системе;Заочная форма;Бакалавриат
2798;Обучается;1ОПба-1;4;Факультет авиационной и морской техники (ФАМТ);Кафедра «Кораблестроение и компьютерный инжиниринг» (ККИ);23.03.01;Технология транспортных процессов;Организация перевозок и управление в единой транспортной системе;Заочная форма;Бакалавриат
2799;Обучается;1ОПба-1;4;Факультет авиационной и морской техники (ФАМТ);Кафедра «Кораблестроение и компьютерный инжиниринг» (ККИ);23.03.01;Технология транспортных процессов;Организация перевозок и управление в единой транспортной системе;Заочная форма;Бакалавриат
2800;Обучается;1ОПба-1;4;Факультет авиационной и морской техники (ФАМТ);Кафедра «Кораблестроение и компьютерный инжиниринг» (ККИ);23.03.01;Технология транспортных процессов;Организация перевозок и управление в единой транспортной системе;Заочная форма;Бакалавриат
2801;Обучается;1ОПба-1;4;Факультет авиационной и морской техники (ФАМТ);Кафедра «Кораблестроение и компьютерный инжиниринг» (ККИ);23.03.01;Технология транспортных процессов;Организация перевозок и управление в единой транспортной системе;Заочная форма;Бакалавриат
2802;Обучается;1ОПба-1;4;Факультет авиационной и морской техники (ФАМТ);Кафедра «Кораблестроение и компьютерный инжиниринг» (ККИ);23.03.01;Технология транспортных процессов;Организация перевозок и управление в единой транспортной системе;Заочная форма;Бакалавриат
2803;Обучается;1ОПба-1;4;Факультет авиационной и морской техники (ФАМТ);Кафедра «Кораблестроение и компьютерный инжиниринг» (ККИ);23.03.01;Технология транспортных процессов;Организация перевозок и управление в единой транспортной системе;Заочная форма;Бакалавриат
2804;Обучается;1ОПба-1;4;Факультет авиационной и морской техники (ФАМТ);Кафедра «Кораблестроение и компьютерный инжиниринг» (ККИ);23.03.01;Технология транспортных процессов;Организация перевозок и управление в единой транспортной системе;Заочная форма;Бакалавриат
2805;Обучается;1ОПба-1;4;Факультет авиационной и морской техники (ФАМТ);Кафедра «Кораблестроение и компьютерный инжиниринг» (ККИ);23.03.01;Технология транспортных процессов;Организация перевозок и управление в единой транспортной системе;Заочная форма;Бакалавриат
2806;Обучается;1ОПба-1;4;Факультет авиационной и морской техники (ФАМТ);Кафедра «Кораблестроение и компьютерный инжиниринг» (ККИ);23.03.01;Технология транспортных процессов;Организация перевозок и управление в единой транспортной системе;Заочная форма;Бакалавриат
2807;Академический отпуск;0ТЭба-1;;Факультет авиационной и морской техники (ФАМТ);Кафедра «Тепловые энергетические установки» (ТЭУ);13.03.01;Теплоэнергетика и теплотехника;Тепловые электрические станции;Заочная форма;Бакалавриат
2808;Обучается;4ТЭба-1;1;Факультет авиационной и морской техники (ФАМТ);Кафедра «Тепловые энергетические установки» (ТЭУ);13.03.01;Теплоэнергетика и теплотехника;Тепловые электрические станции;Заочная форма;Бакалавриат
2809;Обучается;4ТЭба-1;1;Факультет авиационной и морской техники (ФАМТ);Кафедра «Тепловые энергетические установки» (ТЭУ);13.03.01;Теплоэнергетика и теплотехника;Тепловые электрические станции;Заочная форма;Бакалавриат
2810;Обучается;4ТЭба-1;1;Факультет авиационной и морской техники (ФАМТ);Кафедра «Тепловые энергетические установки» (ТЭУ);13.03.01;Теплоэнергетика и теплотехника;Тепловые электрические станции;Заочная форма;Бакалавриат
2811;Обучается;4ТЭба-1;1;Факультет авиационной и морской техники (ФАМТ);Кафедра «Тепловые энергетические установки» (ТЭУ);13.03.01;Теплоэнергетика и теплотехника;Тепловые электрические станции;Заочная форма;Бакалавриат
2812;Обучается;4ТЭба-1;1;Факультет авиационной и морской техники (ФАМТ);Кафедра «Тепловые энергетические установки» (ТЭУ);13.03.01;Теплоэнергетика и теплотехника;Тепловые электрические станции;Заочная форма;Бакалавриат
2813;Обучается;4ТЭба-1;1;Факультет авиационной и морской техники (ФАМТ);Кафедра «Тепловые энергетические установки» (ТЭУ);13.03.01;Теплоэнергетика и теплотехника;Тепловые электрические станции;Заочная форма;Бакалавриат
2814;Обучается;4ТЭба-1;1;Факультет авиационной и морской техники (ФАМТ);Кафедра «Тепловые энергетические установки» (ТЭУ);13.03.01;Теплоэнергетика и теплотехника;Тепловые электрические станции;Заочная форма;Бакалавриат
2815;Обучается;4ТЭба-1;1;Факультет авиационной и морской техники (ФАМТ);Кафедра «Тепловые энергетические установки» (ТЭУ);13.03.01;Теплоэнергетика и теплотехника;Тепловые электрические станции;Заочная форма;Бакалавриат
2816;Обучается;4ТЭба-1;1;Факультет авиационной и морской техники (ФАМТ);Кафедра «Тепловые энергетические установки» (ТЭУ);13.03.01;Теплоэнергетика и теплотехника;Тепловые электрические станции;Заочная форма;Бакалавриат
2817;Обучается;4ТЭба-1;1;Факультет авиационной и морской техники (ФАМТ);Кафедра «Тепловые энергетические установки» (ТЭУ);13.03.01;Теплоэнергетика и теплотехника;Тепловые электрические станции;Заочная форма;Бакалавриат
2818;Обучается;4ТЭба-1;1;Факультет авиационной и морской техники (ФАМТ);Кафедра «Тепловые энергетические установки» (ТЭУ);13.03.01;Теплоэнергетика и теплотехника;Тепловые электрические станции;Заочная форма;Бакалавриат
2819;Обучается;4ТЭба-1;1;Факультет авиационной и морской техники (ФАМТ);Кафедра «Тепловые энергетические установки» (ТЭУ);13.03.01;Теплоэнергетика и теплотехника;Тепловые электрические станции;Заочная форма;Бакалавриат
2820;Обучается;4ТЭба-1;1;Факультет авиационной и морской техники (ФАМТ);Кафедра «Тепловые энергетические установки» (ТЭУ);13.03.01;Теплоэнергетика и теплотехника;Тепловые электрические станции;Заочная форма;Бакалавриат
2821;Обучается;4ТЭба-1;1;Факультет авиационной и морской техники (ФАМТ);Кафедра «Тепловые энергетические установки» (ТЭУ);13.03.01;Теплоэнергетика и теплотехника;Тепловые электрические станции;Заочная форма;Бакалавриат
2822;Обучается;4ТЭба-1;1;Факультет авиационной и морской техники (ФАМТ);Кафедра «Тепловые энергетические установки» (ТЭУ);13.03.01;Теплоэнергетика и теплотехника;Тепловые электрические станции;Заочная форма;Бакалавриат
2823;Обучается;4ТЭба-1;1;Факультет авиационной и морской техники (ФАМТ);Кафедра «Тепловые энергетические установки» (ТЭУ);13.03.01;Теплоэнергетика и теплотехника;Тепловые электрические станции;Заочная форма;Бакалавриат
2824;Обучается;4ТЭба-1;1;Факультет авиационной и морской техники (ФАМТ);Кафедра «Тепловые энергетические установки» (ТЭУ);13.03.01;Теплоэнергетика и теплотехника;Тепловые электрические станции;Заочная форма;Бакалавриат
2825;Обучается;4ТЭба-1;1;Факультет авиационной и морской техники (ФАМТ);Кафедра «Тепловые энергетические установки» (ТЭУ);13.03.01;Теплоэнергетика и теплотехника;Тепловые электрические станции;Заочная форма;Бакалавриат
2826;Обучается;4ТЭба-1;1;Факультет авиационной и морской техники (ФАМТ);Кафедра «Тепловые энергетические установки» (ТЭУ);13.03.01;Теплоэнергетика и теплотехника;Тепловые электрические станции;Заочная форма;Бакалавриат
2827;Обучается;4ТЭба-1;1;Факультет авиационной и морской техники (ФАМТ);Кафедра «Тепловые энергетические установки» (ТЭУ);13.03.01;Теплоэнергетика и теплотехника;Тепловые электрические станции;Заочная форма;Бакалавриат
2828;Обучается;4ТЭба-1;1;Факультет авиационной и морской техники (ФАМТ);Кафедра «Тепловые энергетические установки» (ТЭУ);13.03.01;Теплоэнергетика и теплотехника;Тепловые электрические станции;Заочная форма;Бакалавриат
2829;Обучается;4ТЭба-1;1;Факультет авиационной и морской техники (ФАМТ);Кафедра «Тепловые энергетические установки» (ТЭУ);13.03.01;Теплоэнергетика и теплотехника;Тепловые электрические станции;Заочная форма;Бакалавриат
2830;Обучается;4ТЭба-1;1;Факультет авиационной и морской техники (ФАМТ);Кафедра «Тепловые энергетические установки» (ТЭУ);13.03.01;Теплоэнергетика и теплотехника;Тепловые электрические станции;Заочная форма;Бакалавриат
2831;Обучается;4ТЭба-1;1;Факультет авиационной и морской техники (ФАМТ);Кафедра «Тепловые энергетические установки» (ТЭУ);13.03.01;Теплоэнергетика и теплотехника;Тепловые электрические станции;Заочная форма;Бакалавриат
2832;Обучается;4ТЭба-1;1;Факультет авиационной и морской техники (ФАМТ);Кафедра «Тепловые энергетические установки» (ТЭУ);13.03.01;Теплоэнергетика и теплотехника;Тепловые электрические станции;Заочная форма;Бакалавриат
2833;Обучается;4ТЭба-1;1;Факультет авиационной и морской техники (ФАМТ);Кафедра «Тепловые энергетические установки» (ТЭУ);13.03.01;Теплоэнергетика и теплотехника;Тепловые электрические станции;Заочная форма;Бакалавриат
2834;Обучается;4ТЭба-1;1;Факультет авиационной и морской техники (ФАМТ);Кафедра «Тепловые энергетические установки» (ТЭУ);13.03.01;Теплоэнергетика и теплотехника;Тепловые электрические станции;Заочная форма;Бакалавриат
2835;Обучается;4ТЭба-1;1;Факультет авиационной и морской техники (ФАМТ);Кафедра «Тепловые энергетические установки» (ТЭУ);13.03.01;Теплоэнергетика и теплотехника;Тепловые электрические станции;Заочная форма;Бакалавриат
2836;Обучается;4ТЭба-1;1;Факультет авиационной и морской техники (ФАМТ);Кафедра «Тепловые энергетические установки» (ТЭУ);13.03.01;Теплоэнергетика и теплотехника;Тепловые электрические станции;Заочная форма;Бакалавриат
2837;Обучается;3ТЭба-1;2;Факультет авиационной и морской техники (ФАМТ);Кафедра «Тепловые энергетические установки» (ТЭУ);13.03.01;Теплоэнергетика и теплотехника;Тепловые электрические станции;Заочная форма;Бакалавриат
2838;Обучается;3ТЭба-1;2;Факультет авиационной и морской техники (ФАМТ);Кафедра «Тепловые энергетические установки» (ТЭУ);13.03.01;Теплоэнергетика и теплотехника;Тепловые электрические станции;Заочная форма;Бакалавриат
2839;Обучается;3ТЭба-1;2;Факультет авиационной и морской техники (ФАМТ);Кафедра «Тепловые энергетические установки» (ТЭУ);13.03.01;Теплоэнергетика и теплотехника;Тепловые электрические станции;Заочная форма;Бакалавриат
2840;Обучается;3ТЭба-1;2;Факультет авиационной и морской техники (ФАМТ);Кафедра «Тепловые энергетические установки» (ТЭУ);13.03.01;Теплоэнергетика и теплотехника;Тепловые электрические станции;Заочная форма;Бакалавриат
2841;Обучается;3ТЭба-1;2;Факультет авиационной и морской техники (ФАМТ);Кафедра «Тепловые энергетические установки» (ТЭУ);13.03.01;Теплоэнергетика и теплотехника;Тепловые электрические станции;Заочная форма;Бакалавриат
2842;Обучается;3ТЭба-1;2;Факультет авиационной и морской техники (ФАМТ);Кафедра «Тепловые энергетические установки» (ТЭУ);13.03.01;Теплоэнергетика и теплотехника;Тепловые электрические станции;Заочная форма;Бакалавриат
2843;Обучается;3ТЭба-1;2;Факультет авиационной и морской техники (ФАМТ);Кафедра «Тепловые энергетические установки» (ТЭУ);13.03.01;Теплоэнергетика и теплотехника;Тепловые электрические станции;Заочная форма;Бакалавриат
2844;Обучается;3ТЭба-1;2;Факультет авиационной и морской техники (ФАМТ);Кафедра «Тепловые энергетические установки» (ТЭУ);13.03.01;Теплоэнергетика и теплотехника;Тепловые электрические станции;Заочная форма;Бакалавриат
2845;Обучается;3ТЭба-1;2;Факультет авиационной и морской техники (ФАМТ);Кафедра «Тепловые энергетические установки» (ТЭУ);13.03.01;Теплоэнергетика и теплотехника;Тепловые электрические станции;Заочная форма;Бакалавриат
2846;Обучается;3ТЭба-1;2;Факультет авиационной и морской техники (ФАМТ);Кафедра «Тепловые энергетические установки» (ТЭУ);13.03.01;Теплоэнергетика и теплотехника;Тепловые электрические станции;Заочная форма;Бакалавриат
2847;Обучается;3ТЭба-1;2;Факультет авиационной и морской техники (ФАМТ);Кафедра «Тепловые энергетические установки» (ТЭУ);13.03.01;Теплоэнергетика и теплотехника;Тепловые электрические станции;Заочная форма;Бакалавриат
2848;Обучается;3ТЭба-1;2;Факультет авиационной и морской техники (ФАМТ);Кафедра «Тепловые энергетические установки» (ТЭУ);13.03.01;Теплоэнергетика и теплотехника;Тепловые электрические станции;Заочная форма;Бакалавриат
2849;Обучается;3ТЭба-1;2;Факультет авиационной и морской техники (ФАМТ);Кафедра «Тепловые энергетические установки» (ТЭУ);13.03.01;Теплоэнергетика и теплотехника;Тепловые электрические станции;Заочная форма;Бакалавриат
2850;Обучается;3ТЭба-1;2;Факультет авиационной и морской техники (ФАМТ);Кафедра «Тепловые энергетические установки» (ТЭУ);13.03.01;Теплоэнергетика и теплотехника;Тепловые электрические станции;Заочная форма;Бакалавриат
2851;Обучается;3ТЭба-1;2;Факультет авиационной и морской техники (ФАМТ);Кафедра «Тепловые энергетические установки» (ТЭУ);13.03.01;Теплоэнергетика и теплотехника;Тепловые электрические станции;Заочная форма;Бакалавриат
2852;Обучается;3ТЭба-1;2;Факультет авиационной и морской техники (ФАМТ);Кафедра «Тепловые энергетические установки» (ТЭУ);13.03.01;Теплоэнергетика и теплотехника;Тепловые электрические станции;Заочная форма;Бакалавриат
2853;Академический отпуск;3ТЭба-1;2;Факультет авиационной и морской техники (ФАМТ);Кафедра «Тепловые энергетические установки» (ТЭУ);13.03.01;Теплоэнергетика и теплотехника;Тепловые электрические станции;Заочная форма;Бакалавриат
2854;Обучается;3ТЭба-1;2;Факультет авиационной и морской техники (ФАМТ);Кафедра «Тепловые энергетические установки» (ТЭУ);13.03.01;Теплоэнергетика и теплотехника;Тепловые электрические станции;Заочная форма;Бакалавриат
2855;Обучается;3ТЭба-1;2;Факультет авиационной и морской техники (ФАМТ);Кафедра «Тепловые энергетические установки» (ТЭУ);13.03.01;Теплоэнергетика и теплотехника;Тепловые электрические станции;Заочная форма;Бакалавриат
2856;Обучается;3ТЭба-1;2;Факультет авиационной и морской техники (ФАМТ);Кафедра «Тепловые энергетические установки» (ТЭУ);13.03.01;Теплоэнергетика и теплотехника;Тепловые электрические станции;Заочная форма;Бакалавриат
2857;Обучается;3ТЭба-1;2;Факультет авиационной и морской техники (ФАМТ);Кафедра «Тепловые энергетические установки» (ТЭУ);13.03.01;Теплоэнергетика и теплотехника;Тепловые электрические станции;Заочная форма;Бакалавриат
2858;Обучается;3ТЭба-1;2;Факультет авиационной и морской техники (ФАМТ);Кафедра «Тепловые энергетические установки» (ТЭУ);13.03.01;Теплоэнергетика и теплотехника;Тепловые электрические станции;Заочная форма;Бакалавриат
2859;Обучается;3ТЭба-1;2;Факультет авиационной и морской техники (ФАМТ);Кафедра «Тепловые энергетические установки» (ТЭУ);13.03.01;Теплоэнергетика и теплотехника;Тепловые электрические станции;Заочная форма;Бакалавриат
2860;Академический отпуск;3ТЭба-1;2;Факультет авиационной и морской техники (ФАМТ);Кафедра «Тепловые энергетические установки» (ТЭУ);13.03.01;Теплоэнергетика и теплотехника;Тепловые электрические станции;Заочная форма;Бакалавриат
2861;Обучается;3ТЭба-1;2;Факультет авиационной и морской техники (ФАМТ);Кафедра «Тепловые энергетические установки» (ТЭУ);13.03.01;Теплоэнергетика и теплотехника;Тепловые электрические станции;Заочная форма;Бакалавриат
2862;Обучается;3ТЭба-1;2;Факультет авиационной и морской техники (ФАМТ);Кафедра «Тепловые энергетические установки» (ТЭУ);13.03.01;Теплоэнергетика и теплотехника;Тепловые электрические станции;Заочная форма;Бакалавриат
2863;Обучается;3ТЭба-2;2;Факультет авиационной и морской техники (ФАМТ);Кафедра «Тепловые энергетические установки» (ТЭУ);13.03.01;Теплоэнергетика и теплотехника;Тепловые электрические станции;Заочная форма;Бакалавриат
2864;Обучается;3ТЭба-2;2;Факультет авиационной и морской техники (ФАМТ);Кафедра «Тепловые энергетические установки» (ТЭУ);13.03.01;Теплоэнергетика и теплотехника;Тепловые электрические станции;Заочная форма;Бакалавриат
2865;Обучается;3ТЭба-2;2;Факультет авиационной и морской техники (ФАМТ);Кафедра «Тепловые энергетические установки» (ТЭУ);13.03.01;Теплоэнергетика и теплотехника;Тепловые электрические станции;Заочная форма;Бакалавриат
2866;Обучается;3ТЭба-2;2;Факультет авиационной и морской техники (ФАМТ);Кафедра «Тепловые энергетические установки» (ТЭУ);13.03.01;Теплоэнергетика и теплотехника;Тепловые электрические станции;Заочная форма;Бакалавриат
2867;Обучается;3ТЭба-2;2;Факультет авиационной и морской техники (ФАМТ);Кафедра «Тепловые энергетические установки» (ТЭУ);13.03.01;Теплоэнергетика и теплотехника;Тепловые электрические станции;Заочная форма;Бакалавриат
2868;Обучается;3ТЭба-2;2;Факультет авиационной и морской техники (ФАМТ);Кафедра «Тепловые энергетические установки» (ТЭУ);13.03.01;Теплоэнергетика и теплотехника;Тепловые электрические станции;Заочная форма;Бакалавриат
2869;Обучается;3ТЭба-2;2;Факультет авиационной и морской техники (ФАМТ);Кафедра «Тепловые энергетические установки» (ТЭУ);13.03.01;Теплоэнергетика и теплотехника;Тепловые электрические станции;Заочная форма;Бакалавриат
2870;Обучается;3ТЭба-2;2;Факультет авиационной и морской техники (ФАМТ);Кафедра «Тепловые энергетические установки» (ТЭУ);13.03.01;Теплоэнергетика и теплотехника;Тепловые электрические станции;Заочная форма;Бакалавриат
2871;Обучается;3ТЭба-2;2;Факультет авиационной и морской техники (ФАМТ);Кафедра «Тепловые энергетические установки» (ТЭУ);13.03.01;Теплоэнергетика и теплотехника;Тепловые электрические станции;Заочная форма;Бакалавриат
2872;Обучается;3ТЭба-2;2;Факультет авиационной и морской техники (ФАМТ);Кафедра «Тепловые энергетические установки» (ТЭУ);13.03.01;Теплоэнергетика и теплотехника;Тепловые электрические станции;Заочная форма;Бакалавриат
2873;Обучается;3ТЭба-2;2;Факультет авиационной и морской техники (ФАМТ);Кафедра «Тепловые энергетические установки» (ТЭУ);13.03.01;Теплоэнергетика и теплотехника;Тепловые электрические станции;Заочная форма;Бакалавриат
2874;Обучается;3ТЭба-2;2;Факультет авиационной и морской техники (ФАМТ);Кафедра «Тепловые энергетические установки» (ТЭУ);13.03.01;Теплоэнергетика и теплотехника;Тепловые электрические станции;Заочная форма;Бакалавриат
2875;Академический отпуск;3ТЭба-2;2;Факультет авиационной и морской техники (ФАМТ);Кафедра «Тепловые энергетические установки» (ТЭУ);13.03.01;Теплоэнергетика и теплотехника;Тепловые электрические станции;Заочная форма;Бакалавриат
2876;Обучается;3ТЭба-2;2;Факультет авиационной и морской техники (ФАМТ);Кафедра «Тепловые энергетические установки» (ТЭУ);13.03.01;Теплоэнергетика и теплотехника;Тепловые электрические станции;Заочная форма;Бакалавриат
2877;Обучается;3ТЭба-2;2;Факультет авиационной и морской техники (ФАМТ);Кафедра «Тепловые энергетические установки» (ТЭУ);13.03.01;Теплоэнергетика и теплотехника;Тепловые электрические станции;Заочная форма;Бакалавриат
2878;Обучается;3ТЭба-2;2;Факультет авиационной и морской техники (ФАМТ);Кафедра «Тепловые энергетические установки» (ТЭУ);13.03.01;Теплоэнергетика и теплотехника;Тепловые электрические станции;Заочная форма;Бакалавриат
2879;Обучается;3ТЭба-2;2;Факультет авиационной и морской техники (ФАМТ);Кафедра «Тепловые энергетические установки» (ТЭУ);13.03.01;Теплоэнергетика и теплотехника;Тепловые электрические станции;Заочная форма;Бакалавриат
2880;Обучается;2ТЭба-1;3;Факультет авиационной и морской техники (ФАМТ);Кафедра «Тепловые энергетические установки» (ТЭУ);13.03.01;Теплоэнергетика и теплотехника;Тепловые электрические станции;Заочная форма;Бакалавриат
2881;Обучается;2ТЭба-1;3;Факультет авиационной и морской техники (ФАМТ);Кафедра «Тепловые энергетические установки» (ТЭУ);13.03.01;Теплоэнергетика и теплотехника;Тепловые электрические станции;Заочная форма;Бакалавриат
2882;Обучается;2ТЭба-1;3;Факультет авиационной и морской техники (ФАМТ);Кафедра «Тепловые энергетические установки» (ТЭУ);13.03.01;Теплоэнергетика и теплотехника;Тепловые электрические станции;Заочная форма;Бакалавриат
2883;Обучается;2ТЭба-1;3;Факультет авиационной и морской техники (ФАМТ);Кафедра «Тепловые энергетические установки» (ТЭУ);13.03.01;Теплоэнергетика и теплотехника;Тепловые электрические станции;Заочная форма;Бакалавриат
2884;Обучается;2ТЭба-1;3;Факультет авиационной и морской техники (ФАМТ);Кафедра «Тепловые энергетические установки» (ТЭУ);13.03.01;Теплоэнергетика и теплотехника;Тепловые электрические станции;Заочная форма;Бакалавриат
2885;Обучается;2ТЭба-1;3;Факультет авиационной и морской техники (ФАМТ);Кафедра «Тепловые энергетические установки» (ТЭУ);13.03.01;Теплоэнергетика и теплотехника;Тепловые электрические станции;Заочная форма;Бакалавриат
2886;Обучается;2ТЭба-1;3;Факультет авиационной и морской техники (ФАМТ);Кафедра «Тепловые энергетические установки» (ТЭУ);13.03.01;Теплоэнергетика и теплотехника;Тепловые электрические станции;Заочная форма;Бакалавриат
2887;Обучается;2ТЭба-1;3;Факультет авиационной и морской техники (ФАМТ);Кафедра «Тепловые энергетические установки» (ТЭУ);13.03.01;Теплоэнергетика и теплотехника;Тепловые электрические станции;Заочная форма;Бакалавриат
2888;Академический отпуск;2ТЭба-1;3;Факультет авиационной и морской техники (ФАМТ);Кафедра «Тепловые энергетические установки» (ТЭУ);13.03.01;Теплоэнергетика и теплотехника;Тепловые электрические станции;Заочная форма;Бакалавриат
2889;Обучается;2ТЭба-1;3;Факультет авиационной и морской техники (ФАМТ);Кафедра «Тепловые энергетические установки» (ТЭУ);13.03.01;Теплоэнергетика и теплотехника;Тепловые электрические станции;Заочная форма;Бакалавриат
2890;Обучается;2ТЭба-1;3;Факультет авиационной и морской техники (ФАМТ);Кафедра «Тепловые энергетические установки» (ТЭУ);13.03.01;Теплоэнергетика и теплотехника;Тепловые электрические станции;Заочная форма;Бакалавриат
2891;Обучается;2ТЭба-1;3;Факультет авиационной и морской техники (ФАМТ);Кафедра «Тепловые энергетические установки» (ТЭУ);13.03.01;Теплоэнергетика и теплотехника;Тепловые электрические станции;Заочная форма;Бакалавриат
2892;Обучается;2ТЭба-1;3;Факультет авиационной и морской техники (ФАМТ);Кафедра «Тепловые энергетические установки» (ТЭУ);13.03.01;Теплоэнергетика и теплотехника;Тепловые электрические станции;Заочная форма;Бакалавриат
2893;Обучается;2ТЭба-1;3;Факультет авиационной и морской техники (ФАМТ);Кафедра «Тепловые энергетические установки» (ТЭУ);13.03.01;Теплоэнергетика и теплотехника;Тепловые электрические станции;Заочная форма;Бакалавриат
2894;Обучается;2ТЭба-1;3;Факультет авиационной и морской техники (ФАМТ);Кафедра «Тепловые энергетические установки» (ТЭУ);13.03.01;Теплоэнергетика и теплотехника;Тепловые электрические станции;Заочная форма;Бакалавриат
2895;Обучается;2ТЭба-1;3;Факультет авиационной и морской техники (ФАМТ);Кафедра «Тепловые энергетические установки» (ТЭУ);13.03.01;Теплоэнергетика и теплотехника;Тепловые электрические станции;Заочная форма;Бакалавриат
2896;Обучается;2ТЭба-1;3;Факультет авиационной и морской техники (ФАМТ);Кафедра «Тепловые энергетические установки» (ТЭУ);13.03.01;Теплоэнергетика и теплотехника;Тепловые электрические станции;Заочная форма;Бакалавриат
2897;Обучается;2ТЭба-1;3;Факультет авиационной и морской техники (ФАМТ);Кафедра «Тепловые энергетические установки» (ТЭУ);13.03.01;Теплоэнергетика и теплотехника;Тепловые электрические станции;Заочная форма;Бакалавриат
2898;Обучается;2ТЭба-1;3;Факультет авиационной и морской техники (ФАМТ);Кафедра «Тепловые энергетические установки» (ТЭУ);13.03.01;Теплоэнергетика и теплотехника;Тепловые электрические станции;Заочная форма;Бакалавриат
2899;Академический отпуск;1ТЭба-1;4;Факультет авиационной и морской техники (ФАМТ);Кафедра «Тепловые энергетические установки» (ТЭУ);13.03.01;Теплоэнергетика и теплотехника;Тепловые электрические станции;Заочная форма;Бакалавриат
2900;Обучается;1ТЭба-1;4;Факультет авиационной и морской техники (ФАМТ);Кафедра «Тепловые энергетические установки» (ТЭУ);13.03.01;Теплоэнергетика и теплотехника;Тепловые электрические станции;Заочная форма;Бакалавриат
2901;Обучается;1ТЭба-1;4;Факультет авиационной и морской техники (ФАМТ);Кафедра «Тепловые энергетические установки» (ТЭУ);13.03.01;Теплоэнергетика и теплотехника;Тепловые электрические станции;Заочная форма;Бакалавриат
2902;Обучается;1ТЭба-1;4;Факультет авиационной и морской техники (ФАМТ);Кафедра «Тепловые энергетические установки» (ТЭУ);13.03.01;Теплоэнергетика и теплотехника;Тепловые электрические станции;Заочная форма;Бакалавриат
2903;Обучается;1ТЭба-1;4;Факультет авиационной и морской техники (ФАМТ);Кафедра «Тепловые энергетические установки» (ТЭУ);13.03.01;Теплоэнергетика и теплотехника;Тепловые электрические станции;Заочная форма;Бакалавриат
2904;Обучается;1ТЭба-1;4;Факультет авиационной и морской техники (ФАМТ);Кафедра «Тепловые энергетические установки» (ТЭУ);13.03.01;Теплоэнергетика и теплотехника;Тепловые электрические станции;Заочная форма;Бакалавриат
2905;Академический отпуск;1ТЭба-1;4;Факультет авиационной и морской техники (ФАМТ);Кафедра «Тепловые энергетические установки» (ТЭУ);13.03.01;Теплоэнергетика и теплотехника;Тепловые электрические станции;Заочная форма;Бакалавриат
2906;Обучается;1ТЭба-1;4;Факультет авиационной и морской техники (ФАМТ);Кафедра «Тепловые энергетические установки» (ТЭУ);13.03.01;Теплоэнергетика и теплотехника;Тепловые электрические станции;Заочная форма;Бакалавриат
2907;Академический отпуск;1ТЭба-1;4;Факультет авиационной и морской техники (ФАМТ);Кафедра «Тепловые энергетические установки» (ТЭУ);13.03.01;Теплоэнергетика и теплотехника;Тепловые электрические станции;Заочная форма;Бакалавриат
2908;Обучается;1ТЭба-1;4;Факультет авиационной и морской техники (ФАМТ);Кафедра «Тепловые энергетические установки» (ТЭУ);13.03.01;Теплоэнергетика и теплотехника;Тепловые электрические станции;Заочная форма;Бакалавриат
2909;Обучается;1ТЭба-1;4;Факультет авиационной и морской техники (ФАМТ);Кафедра «Тепловые энергетические установки» (ТЭУ);13.03.01;Теплоэнергетика и теплотехника;Тепловые электрические станции;Заочная форма;Бакалавриат
2910;Обучается;1ТЭба-1;4;Факультет авиационной и морской техники (ФАМТ);Кафедра «Тепловые энергетические установки» (ТЭУ);13.03.01;Теплоэнергетика и теплотехника;Тепловые электрические станции;Заочная форма;Бакалавриат
2911;Академический отпуск;1ТЭба-1;4;Факультет авиационной и морской техники (ФАМТ);Кафедра «Тепловые энергетические установки» (ТЭУ);13.03.01;Теплоэнергетика и теплотехника;Тепловые электрические станции;Заочная форма;Бакалавриат
2912;Обучается;1ТЭба-1;4;Факультет авиационной и морской техники (ФАМТ);Кафедра «Тепловые энергетические установки» (ТЭУ);13.03.01;Теплоэнергетика и теплотехника;Тепловые электрические станции;Заочная форма;Бакалавриат
2913;Обучается;1ТЭба-1;4;Факультет авиационной и морской техники (ФАМТ);Кафедра «Тепловые энергетические установки» (ТЭУ);13.03.01;Теплоэнергетика и теплотехника;Тепловые электрические станции;Заочная форма;Бакалавриат
2914;Обучается;1ТЭба-1;4;Факультет авиационной и морской техники (ФАМТ);Кафедра «Тепловые энергетические установки» (ТЭУ);13.03.01;Теплоэнергетика и теплотехника;Тепловые электрические станции;Заочная форма;Бакалавриат
2915;Обучается;1ТЭба-1;4;Факультет авиационной и морской техники (ФАМТ);Кафедра «Тепловые энергетические установки» (ТЭУ);13.03.01;Теплоэнергетика и теплотехника;Тепловые электрические станции;Заочная форма;Бакалавриат
2916;Обучается;1ТЭба-1;4;Факультет авиационной и морской техники (ФАМТ);Кафедра «Тепловые энергетические установки» (ТЭУ);13.03.01;Теплоэнергетика и теплотехника;Тепловые электрические станции;Заочная форма;Бакалавриат
2917;Обучается;1ТЭба-1;4;Факультет авиационной и морской техники (ФАМТ);Кафедра «Тепловые энергетические установки» (ТЭУ);13.03.01;Теплоэнергетика и теплотехника;Тепловые электрические станции;Заочная форма;Бакалавриат
2918;Академический отпуск;1ТЭба-1;4;Факультет авиационной и морской техники (ФАМТ);Кафедра «Тепловые энергетические установки» (ТЭУ);13.03.01;Теплоэнергетика и теплотехника;Тепловые электрические станции;Заочная форма;Бакалавриат
2919;Обучается;1ТЭба-1;4;Факультет авиационной и морской техники (ФАМТ);Кафедра «Тепловые энергетические установки» (ТЭУ);13.03.01;Теплоэнергетика и теплотехника;Тепловые электрические станции;Заочная форма;Бакалавриат
2920;Обучается;1ТЭба-1;4;Факультет авиационной и морской техники (ФАМТ);Кафедра «Тепловые энергетические установки» (ТЭУ);13.03.01;Теплоэнергетика и теплотехника;Тепловые электрические станции;Заочная форма;Бакалавриат
2921;Обучается;1ТЭба-1;4;Факультет авиационной и морской техники (ФАМТ);Кафедра «Тепловые энергетические установки» (ТЭУ);13.03.01;Теплоэнергетика и теплотехника;Тепловые электрические станции;Заочная форма;Бакалавриат
2922;Академический отпуск;1ТЭба-1;4;Факультет авиационной и морской техники (ФАМТ);Кафедра «Тепловые энергетические установки» (ТЭУ);13.03.01;Теплоэнергетика и теплотехника;Тепловые электрические станции;Заочная форма;Бакалавриат
2923;Обучается;1ТЭба-1;4;Факультет авиационной и морской техники (ФАМТ);Кафедра «Тепловые энергетические установки» (ТЭУ);13.03.01;Теплоэнергетика и теплотехника;Тепловые электрические станции;Заочная форма;Бакалавриат
2924;Академический отпуск;1ТЭба-1;4;Факультет авиационной и морской техники (ФАМТ);Кафедра «Тепловые энергетические установки» (ТЭУ);13.03.01;Теплоэнергетика и теплотехника;Тепловые электрические станции;Заочная форма;Бакалавриат
2925;Обучается;3СУба-1;2;Факультет авиационной и морской техники (ФАМТ);Кафедра «Тепловые энергетические установки» (ТЭУ);26.03.02;Кораблестроение, океанотехника и системотехника объектов морской инфраструктуры;Судовые энергетические установки;Заочная форма;Бакалавриат
2926;Обучается;2СУба-1;3;Факультет авиационной и морской техники (ФАМТ);Кафедра «Тепловые энергетические установки» (ТЭУ);26.03.02;Кораблестроение, океанотехника и системотехника объектов морской инфраструктуры;Судовые энергетические установки;Заочная форма;Бакалавриат
2927;Обучается;2СУба-1;3;Факультет авиационной и морской техники (ФАМТ);Кафедра «Тепловые энергетические установки» (ТЭУ);26.03.02;Кораблестроение, океанотехника и системотехника объектов морской инфраструктуры;Судовые энергетические установки;Заочная форма;Бакалавриат
2928;Обучается;2СУба-1;3;Факультет авиационной и морской техники (ФАМТ);Кафедра «Тепловые энергетические установки» (ТЭУ);26.03.02;Кораблестроение, океанотехника и системотехника объектов морской инфраструктуры;Судовые энергетические установки;Заочная форма;Бакалавриат
2929;Обучается;2СУба-1;3;Факультет авиационной и морской техники (ФАМТ);Кафедра «Тепловые энергетические установки» (ТЭУ);26.03.02;Кораблестроение, океанотехника и системотехника объектов морской инфраструктуры;Судовые энергетические установки;Заочная форма;Бакалавриат
2930;Обучается;1СУба-1;4;Факультет авиационной и морской техники (ФАМТ);Кафедра «Тепловые энергетические установки» (ТЭУ);26.03.02;Кораблестроение, океанотехника и системотехника объектов морской инфраструктуры;Судовые энергетические установки;Заочная форма;Бакалавриат
2931;Обучается;1СУба-1;4;Факультет авиационной и морской техники (ФАМТ);Кафедра «Тепловые энергетические установки» (ТЭУ);26.03.02;Кораблестроение, океанотехника и системотехника объектов морской инфраструктуры;Судовые энергетические установки;Заочная форма;Бакалавриат
2932;Обучается;1СУба-1;4;Факультет авиационной и морской техники (ФАМТ);Кафедра «Тепловые энергетические установки» (ТЭУ);26.03.02;Кораблестроение, океанотехника и системотехника объектов морской инфраструктуры;Судовые энергетические установки;Заочная форма;Бакалавриат
2933;Обучается;1СУба-1;4;Факультет авиационной и морской техники (ФАМТ);Кафедра «Тепловые энергетические установки» (ТЭУ);26.03.02;Кораблестроение, океанотехника и системотехника объектов морской инфраструктуры;Судовые энергетические установки;Заочная форма;Бакалавриат
2934;Обучается;1СУба-1;4;Факультет авиационной и морской техники (ФАМТ);Кафедра «Тепловые энергетические установки» (ТЭУ);26.03.02;Кораблестроение, океанотехника и системотехника объектов морской инфраструктуры;Судовые энергетические установки;Заочная форма;Бакалавриат
2935;Обучается;1СУба-1;4;Факультет авиационной и морской техники (ФАМТ);Кафедра «Тепловые энергетические установки» (ТЭУ);26.03.02;Кораблестроение, океанотехника и системотехника объектов морской инфраструктуры;Судовые энергетические установки;Заочная форма;Бакалавриат
2936;Академический отпуск;1СУба-1;4;Факультет авиационной и морской техники (ФАМТ);Кафедра «Тепловые энергетические установки» (ТЭУ);26.03.02;Кораблестроение, океанотехника и системотехника объектов морской инфраструктуры;Судовые энергетические установки;Заочная форма;Бакалавриат
2937;Академический отпуск;1СУба-1;4;Факультет авиационной и морской техники (ФАМТ);Кафедра «Тепловые энергетические установки» (ТЭУ);26.03.02;Кораблестроение, океанотехника и системотехника объектов морской инфраструктуры;Судовые энергетические установки;Заочная форма;Бакалавриат
2938;Обучается;1СУба-1;4;Факультет авиационной и морской техники (ФАМТ);Кафедра «Тепловые энергетические установки» (ТЭУ);26.03.02;Кораблестроение, океанотехника и системотехника объектов морской инфраструктуры;Судовые энергетические установки;Заочная форма;Бакалавриат
2939;Обучается;1СУба-1;4;Факультет авиационной и морской техники (ФАМТ);Кафедра «Тепловые энергетические установки» (ТЭУ);26.03.02;Кораблестроение, океанотехника и системотехника объектов морской инфраструктуры;Судовые энергетические установки;Заочная форма;Бакалавриат
2940;Обучается;1СУба-1;4;Факультет авиационной и морской техники (ФАМТ);Кафедра «Тепловые энергетические установки» (ТЭУ);26.03.02;Кораблестроение, океанотехника и системотехника объектов морской инфраструктуры;Судовые энергетические установки;Заочная форма;Бакалавриат
2941;Обучается;2ТЭма-1;;Факультет авиационной и морской техники (ФАМТ);Кафедра «Тепловые энергетические установки» (ТЭУ);13.04.01;Теплоэнергетика и теплотехника;Технология производства тепловой и электрической энергии;Заочная форма;Магистратура
2942;Академический отпуск;2ТЭма-1;;Факультет авиационной и морской техники (ФАМТ);Кафедра «Тепловые энергетические установки» (ТЭУ);13.04.01;Теплоэнергетика и теплотехника;Технология производства тепловой и электрической энергии;Заочная форма;Магистратура
2943;Академический отпуск;2ТЭма-1;;Факультет авиационной и морской техники (ФАМТ);Кафедра «Тепловые энергетические установки» (ТЭУ);13.04.01;Теплоэнергетика и теплотехника;Технология производства тепловой и электрической энергии;Заочная форма;Магистратура
2944;Обучается;4ТЭма-1;1;Факультет авиационной и морской техники (ФАМТ);Кафедра «Тепловые энергетические установки» (ТЭУ);13.04.01;Теплоэнергетика и теплотехника;Технология производства тепловой и электрической энергии;Заочная форма;Магистратура
2945;Обучается;4ТЭма-1;1;Факультет авиационной и морской техники (ФАМТ);Кафедра «Тепловые энергетические установки» (ТЭУ);13.04.01;Теплоэнергетика и теплотехника;Технология производства тепловой и электрической энергии;Заочная форма;Магистратура
2946;Обучается;4ТЭма-1;1;Факультет авиационной и морской техники (ФАМТ);Кафедра «Тепловые энергетические установки» (ТЭУ);13.04.01;Теплоэнергетика и теплотехника;Технология производства тепловой и электрической энергии;Заочная форма;Магистратура
2947;Обучается;3ТЭма-1;2;Факультет авиационной и морской техники (ФАМТ);Кафедра «Тепловые энергетические установки» (ТЭУ);13.04.01;Теплоэнергетика и теплотехника;Технология производства тепловой и электрической энергии;Заочная форма;Магистратура
2948;Академический отпуск;3ТЭма-1;2;Факультет авиационной и морской техники (ФАМТ);Кафедра «Тепловые энергетические установки» (ТЭУ);13.04.01;Теплоэнергетика и теплотехника;Технология производства тепловой и электрической энергии;Заочная форма;Магистратура
2949;Обучается;3ТЭма-1;2;Факультет авиационной и морской техники (ФАМТ);Кафедра «Тепловые энергетические установки» (ТЭУ);13.04.01;Теплоэнергетика и теплотехника;Технология производства тепловой и электрической энергии;Заочная форма;Магистратура
2950;Обучается;3ТЭма-1;2;Факультет авиационной и морской техники (ФАМТ);Кафедра «Тепловые энергетические установки» (ТЭУ);13.04.01;Теплоэнергетика и теплотехника;Технология производства тепловой и электрической энергии;Заочная форма;Магистратура
2951;Обучается;3ТЭма-1;2;Факультет авиационной и морской техники (ФАМТ);Кафедра «Тепловые энергетические установки» (ТЭУ);13.04.01;Теплоэнергетика и теплотехника;Технология производства тепловой и электрической энергии;Заочная форма;Магистратура
2952;Академический отпуск;3ТЭма-1;2;Факультет авиационной и морской техники (ФАМТ);Кафедра «Тепловые энергетические установки» (ТЭУ);13.04.01;Теплоэнергетика и теплотехника;Технология производства тепловой и электрической энергии;Заочная форма;Магистратура
2953;Обучается;4БЖба-1;1;Факультет кадастра и строительства (ФКС);Кафедра «Кадастры и техносферная безопасность» (КТБ);20.03.01;Техносферная безопасность;Безопасность жизнедеятельности в техносфере;Заочная форма;Бакалавриат
2954;Обучается;4БЖба-1;1;Факультет кадастра и строительства (ФКС);Кафедра «Кадастры и техносферная безопасность» (КТБ);20.03.01;Техносферная безопасность;Безопасность жизнедеятельности в техносфере;Заочная форма;Бакалавриат
2955;Обучается;4БЖба-1;1;Факультет кадастра и строительства (ФКС);Кафедра «Кадастры и техносферная безопасность» (КТБ);20.03.01;Техносферная безопасность;Безопасность жизнедеятельности в техносфере;Заочная форма;Бакалавриат
2956;Академический отпуск;4БЖба-1;1;Факультет кадастра и строительства (ФКС);Кафедра «Кадастры и техносферная безопасность» (КТБ);20.03.01;Техносферная безопасность;Безопасность жизнедеятельности в техносфере;Заочная форма;Бакалавриат
2957;Академический отпуск;4БЖба-1;1;Факультет кадастра и строительства (ФКС);Кафедра «Кадастры и техносферная безопасность» (КТБ);20.03.01;Техносферная безопасность;Безопасность жизнедеятельности в техносфере;Заочная форма;Бакалавриат
2958;Обучается;4БЖба-1;1;Факультет кадастра и строительства (ФКС);Кафедра «Кадастры и техносферная безопасность» (КТБ);20.03.01;Техносферная безопасность;Безопасность жизнедеятельности в техносфере;Заочная форма;Бакалавриат
2959;Академический отпуск;4БЖба-1;1;Факультет кадастра и строительства (ФКС);Кафедра «Кадастры и техносферная безопасность» (КТБ);20.03.01;Техносферная безопасность;Безопасность жизнедеятельности в техносфере;Заочная форма;Бакалавриат
2960;Обучается;4БЖба-1;1;Факультет кадастра и строительства (ФКС);Кафедра «Кадастры и техносферная безопасность» (КТБ);20.03.01;Техносферная безопасность;Безопасность жизнедеятельности в техносфере;Заочная форма;Бакалавриат
2961;Академический отпуск;4БЖба-1;1;Факультет кадастра и строительства (ФКС);Кафедра «Кадастры и техносферная безопасность» (КТБ);20.03.01;Техносферная безопасность;Безопасность жизнедеятельности в техносфере;Заочная форма;Бакалавриат
2962;Обучается;4БЖба-1;1;Факультет кадастра и строительства (ФКС);Кафедра «Кадастры и техносферная безопасность» (КТБ);20.03.01;Техносферная безопасность;Безопасность жизнедеятельности в техносфере;Заочная форма;Бакалавриат
2963;Обучается;4БЖба-1;1;Факультет кадастра и строительства (ФКС);Кафедра «Кадастры и техносферная безопасность» (КТБ);20.03.01;Техносферная безопасность;Безопасность жизнедеятельности в техносфере;Заочная форма;Бакалавриат
2964;Обучается;4БЖба-1;1;Факультет кадастра и строительства (ФКС);Кафедра «Кадастры и техносферная безопасность» (КТБ);20.03.01;Техносферная безопасность;Безопасность жизнедеятельности в техносфере;Заочная форма;Бакалавриат
2965;Академический отпуск;4БЖба-1;1;Факультет кадастра и строительства (ФКС);Кафедра «Кадастры и техносферная безопасность» (КТБ);20.03.01;Техносферная безопасность;Безопасность жизнедеятельности в техносфере;Заочная форма;Бакалавриат
2966;Академический отпуск;4БЖба-1;1;Факультет кадастра и строительства (ФКС);Кафедра «Кадастры и техносферная безопасность» (КТБ);20.03.01;Техносферная безопасность;Безопасность жизнедеятельности в техносфере;Заочная форма;Бакалавриат
2967;Обучается;4БЖба-1;1;Факультет кадастра и строительства (ФКС);Кафедра «Кадастры и техносферная безопасность» (КТБ);20.03.01;Техносферная безопасность;Безопасность жизнедеятельности в техносфере;Заочная форма;Бакалавриат
2968;Обучается;4БЖба-1;1;Факультет кадастра и строительства (ФКС);Кафедра «Кадастры и техносферная безопасность» (КТБ);20.03.01;Техносферная безопасность;Безопасность жизнедеятельности в техносфере;Заочная форма;Бакалавриат
2969;Обучается;4БЖба-1;1;Факультет кадастра и строительства (ФКС);Кафедра «Кадастры и техносферная безопасность» (КТБ);20.03.01;Техносферная безопасность;Безопасность жизнедеятельности в техносфере;Заочная форма;Бакалавриат
2970;Обучается;4БЖба-1;1;Факультет кадастра и строительства (ФКС);Кафедра «Кадастры и техносферная безопасность» (КТБ);20.03.01;Техносферная безопасность;Безопасность жизнедеятельности в техносфере;Заочная форма;Бакалавриат
2971;Обучается;4БЖба-1;1;Факультет кадастра и строительства (ФКС);Кафедра «Кадастры и техносферная безопасность» (КТБ);20.03.01;Техносферная безопасность;Безопасность жизнедеятельности в техносфере;Заочная форма;Бакалавриат
2972;Обучается;4БЖба-1;1;Факультет кадастра и строительства (ФКС);Кафедра «Кадастры и техносферная безопасность» (КТБ);20.03.01;Техносферная безопасность;Безопасность жизнедеятельности в техносфере;Заочная форма;Бакалавриат
2973;Обучается;4БЖба-1;1;Факультет кадастра и строительства (ФКС);Кафедра «Кадастры и техносферная безопасность» (КТБ);20.03.01;Техносферная безопасность;Безопасность жизнедеятельности в техносфере;Заочная форма;Бакалавриат
2974;Обучается;4БЖба-2;1;Факультет кадастра и строительства (ФКС);Кафедра «Кадастры и техносферная безопасность» (КТБ);20.03.01;Техносферная безопасность;Безопасность жизнедеятельности в техносфере;Заочная форма;Бакалавриат
2975;Обучается;4БЖба-2;1;Факультет кадастра и строительства (ФКС);Кафедра «Кадастры и техносферная безопасность» (КТБ);20.03.01;Техносферная безопасность;Безопасность жизнедеятельности в техносфере;Заочная форма;Бакалавриат
2976;Обучается;4БЖба-2;1;Факультет кадастра и строительства (ФКС);Кафедра «Кадастры и техносферная безопасность» (КТБ);20.03.01;Техносферная безопасность;Безопасность жизнедеятельности в техносфере;Заочная форма;Бакалавриат
2977;Обучается;4БЖба-2;1;Факультет кадастра и строительства (ФКС);Кафедра «Кадастры и техносферная безопасность» (КТБ);20.03.01;Техносферная безопасность;Безопасность жизнедеятельности в техносфере;Заочная форма;Бакалавриат
2978;Обучается;4БЖба-2;1;Факультет кадастра и строительства (ФКС);Кафедра «Кадастры и техносферная безопасность» (КТБ);20.03.01;Техносферная безопасность;Безопасность жизнедеятельности в техносфере;Заочная форма;Бакалавриат
2979;Обучается;4БЖба-2;1;Факультет кадастра и строительства (ФКС);Кафедра «Кадастры и техносферная безопасность» (КТБ);20.03.01;Техносферная безопасность;Безопасность жизнедеятельности в техносфере;Заочная форма;Бакалавриат
2980;Обучается;4БЖба-2;1;Факультет кадастра и строительства (ФКС);Кафедра «Кадастры и техносферная безопасность» (КТБ);20.03.01;Техносферная безопасность;Безопасность жизнедеятельности в техносфере;Заочная форма;Бакалавриат
2981;Обучается;4БЖба-2;1;Факультет кадастра и строительства (ФКС);Кафедра «Кадастры и техносферная безопасность» (КТБ);20.03.01;Техносферная безопасность;Безопасность жизнедеятельности в техносфере;Заочная форма;Бакалавриат
2982;Обучается;4БЖба-2;1;Факультет кадастра и строительства (ФКС);Кафедра «Кадастры и техносферная безопасность» (КТБ);20.03.01;Техносферная безопасность;Безопасность жизнедеятельности в техносфере;Заочная форма;Бакалавриат
2983;Обучается;4БЖба-2;1;Факультет кадастра и строительства (ФКС);Кафедра «Кадастры и техносферная безопасность» (КТБ);20.03.01;Техносферная безопасность;Безопасность жизнедеятельности в техносфере;Заочная форма;Бакалавриат
2984;Обучается;4БЖба-2;1;Факультет кадастра и строительства (ФКС);Кафедра «Кадастры и техносферная безопасность» (КТБ);20.03.01;Техносферная безопасность;Безопасность жизнедеятельности в техносфере;Заочная форма;Бакалавриат
2985;Академический отпуск;4БЖба-2;1;Факультет кадастра и строительства (ФКС);Кафедра «Кадастры и техносферная безопасность» (КТБ);20.03.01;Техносферная безопасность;Безопасность жизнедеятельности в техносфере;Заочная форма;Бакалавриат
2986;Обучается;4БЖба-2;1;Факультет кадастра и строительства (ФКС);Кафедра «Кадастры и техносферная безопасность» (КТБ);20.03.01;Техносферная безопасность;Безопасность жизнедеятельности в техносфере;Заочная форма;Бакалавриат
2987;Обучается;4БЖба-2;1;Факультет кадастра и строительства (ФКС);Кафедра «Кадастры и техносферная безопасность» (КТБ);20.03.01;Техносферная безопасность;Безопасность жизнедеятельности в техносфере;Заочная форма;Бакалавриат
2988;Обучается;4БЖба-2;1;Факультет кадастра и строительства (ФКС);Кафедра «Кадастры и техносферная безопасность» (КТБ);20.03.01;Техносферная безопасность;Безопасность жизнедеятельности в техносфере;Заочная форма;Бакалавриат
2989;Обучается;4БЖба-2;1;Факультет кадастра и строительства (ФКС);Кафедра «Кадастры и техносферная безопасность» (КТБ);20.03.01;Техносферная безопасность;Безопасность жизнедеятельности в техносфере;Заочная форма;Бакалавриат
2990;Обучается;4БЖба-2;1;Факультет кадастра и строительства (ФКС);Кафедра «Кадастры и техносферная безопасность» (КТБ);20.03.01;Техносферная безопасность;Безопасность жизнедеятельности в техносфере;Заочная форма;Бакалавриат
2991;Обучается;4БЖба-2;1;Факультет кадастра и строительства (ФКС);Кафедра «Кадастры и техносферная безопасность» (КТБ);20.03.01;Техносферная безопасность;Безопасность жизнедеятельности в техносфере;Заочная форма;Бакалавриат
2992;Обучается;4БЖба-2;1;Факультет кадастра и строительства (ФКС);Кафедра «Кадастры и техносферная безопасность» (КТБ);20.03.01;Техносферная безопасность;Безопасность жизнедеятельности в техносфере;Заочная форма;Бакалавриат
2993;Обучается;4БЖба-2;1;Факультет кадастра и строительства (ФКС);Кафедра «Кадастры и техносферная безопасность» (КТБ);20.03.01;Техносферная безопасность;Безопасность жизнедеятельности в техносфере;Заочная форма;Бакалавриат
2994;Обучается;4БЖба-2;1;Факультет кадастра и строительства (ФКС);Кафедра «Кадастры и техносферная безопасность» (КТБ);20.03.01;Техносферная безопасность;Безопасность жизнедеятельности в техносфере;Заочная форма;Бакалавриат
2995;Обучается;3БЖба-1;2;Факультет кадастра и строительства (ФКС);Кафедра «Кадастры и техносферная безопасность» (КТБ);20.03.01;Техносферная безопасность;Безопасность жизнедеятельности в техносфере;Заочная форма;Бакалавриат
2996;Обучается;3БЖба-1;2;Факультет кадастра и строительства (ФКС);Кафедра «Кадастры и техносферная безопасность» (КТБ);20.03.01;Техносферная безопасность;Безопасность жизнедеятельности в техносфере;Заочная форма;Бакалавриат
2997;Обучается;3БЖба-1;2;Факультет кадастра и строительства (ФКС);Кафедра «Кадастры и техносферная безопасность» (КТБ);20.03.01;Техносферная безопасность;Безопасность жизнедеятельности в техносфере;Заочная форма;Бакалавриат
2998;Обучается;3БЖба-1;2;Факультет кадастра и строительства (ФКС);Кафедра «Кадастры и техносферная безопасность» (КТБ);20.03.01;Техносферная безопасность;Безопасность жизнедеятельности в техносфере;Заочная форма;Бакалавриат
2999;Обучается;3БЖба-1;2;Факультет кадастра и строительства (ФКС);Кафедра «Кадастры и техносферная безопасность» (КТБ);20.03.01;Техносферная безопасность;Безопасность жизнедеятельности в техносфере;Заочная форма;Бакалавриат
3000;Обучается;3БЖба-1;2;Факультет кадастра и строительства (ФКС);Кафедра «Кадастры и техносферная безопасность» (КТБ);20.03.01;Техносферная безопасность;Безопасность жизнедеятельности в техносфере;Заочная форма;Бакалавриат
3001;Обучается;3БЖба-1;2;Факультет кадастра и строительства (ФКС);Кафедра «Кадастры и техносферная безопасность» (КТБ);20.03.01;Техносферная безопасность;Безопасность жизнедеятельности в техносфере;Заочная форма;Бакалавриат
3002;Обучается;3БЖба-1;2;Факультет кадастра и строительства (ФКС);Кафедра «Кадастры и техносферная безопасность» (КТБ);20.03.01;Техносферная безопасность;Безопасность жизнедеятельности в техносфере;Заочная форма;Бакалавриат
3003;Обучается;3БЖба-1;2;Факультет кадастра и строительства (ФКС);Кафедра «Кадастры и техносферная безопасность» (КТБ);20.03.01;Техносферная безопасность;Безопасность жизнедеятельности в техносфере;Заочная форма;Бакалавриат
3004;Обучается;3БЖба-1;2;Факультет кадастра и строительства (ФКС);Кафедра «Кадастры и техносферная безопасность» (КТБ);20.03.01;Техносферная безопасность;Безопасность жизнедеятельности в техносфере;Заочная форма;Бакалавриат
3005;Обучается;3БЖба-1;2;Факультет кадастра и строительства (ФКС);Кафедра «Кадастры и техносферная безопасность» (КТБ);20.03.01;Техносферная безопасность;Безопасность жизнедеятельности в техносфере;Заочная форма;Бакалавриат
3006;Обучается;3БЖба-1;2;Факультет кадастра и строительства (ФКС);Кафедра «Кадастры и техносферная безопасность» (КТБ);20.03.01;Техносферная безопасность;Безопасность жизнедеятельности в техносфере;Заочная форма;Бакалавриат
3007;Обучается;3БЖба-1;2;Факультет кадастра и строительства (ФКС);Кафедра «Кадастры и техносферная безопасность» (КТБ);20.03.01;Техносферная безопасность;Безопасность жизнедеятельности в техносфере;Заочная форма;Бакалавриат
3008;Обучается;3БЖба-1;2;Факультет кадастра и строительства (ФКС);Кафедра «Кадастры и техносферная безопасность» (КТБ);20.03.01;Техносферная безопасность;Безопасность жизнедеятельности в техносфере;Заочная форма;Бакалавриат
3009;Обучается;3БЖба-1;2;Факультет кадастра и строительства (ФКС);Кафедра «Кадастры и техносферная безопасность» (КТБ);20.03.01;Техносферная безопасность;Безопасность жизнедеятельности в техносфере;Заочная форма;Бакалавриат
3010;Обучается;3БЖба-1;2;Факультет кадастра и строительства (ФКС);Кафедра «Кадастры и техносферная безопасность» (КТБ);20.03.01;Техносферная безопасность;Безопасность жизнедеятельности в техносфере;Заочная форма;Бакалавриат
3011;Обучается;3БЖба-1;2;Факультет кадастра и строительства (ФКС);Кафедра «Кадастры и техносферная безопасность» (КТБ);20.03.01;Техносферная безопасность;Безопасность жизнедеятельности в техносфере;Заочная форма;Бакалавриат
3012;Обучается;3БЖба-1;2;Факультет кадастра и строительства (ФКС);Кафедра «Кадастры и техносферная безопасность» (КТБ);20.03.01;Техносферная безопасность;Безопасность жизнедеятельности в техносфере;Заочная форма;Бакалавриат
3013;Обучается;3БЖба-1;2;Факультет кадастра и строительства (ФКС);Кафедра «Кадастры и техносферная безопасность» (КТБ);20.03.01;Техносферная безопасность;Безопасность жизнедеятельности в техносфере;Заочная форма;Бакалавриат
3014;Обучается;3БЖба-1;2;Факультет кадастра и строительства (ФКС);Кафедра «Кадастры и техносферная безопасность» (КТБ);20.03.01;Техносферная безопасность;Безопасность жизнедеятельности в техносфере;Заочная форма;Бакалавриат
3015;Академический отпуск;3БЖба-1;2;Факультет кадастра и строительства (ФКС);Кафедра «Кадастры и техносферная безопасность» (КТБ);20.03.01;Техносферная безопасность;Безопасность жизнедеятельности в техносфере;Заочная форма;Бакалавриат
3016;Обучается;3БЖба-1;2;Факультет кадастра и строительства (ФКС);Кафедра «Кадастры и техносферная безопасность» (КТБ);20.03.01;Техносферная безопасность;Безопасность жизнедеятельности в техносфере;Заочная форма;Бакалавриат
3017;Обучается;3БЖба-1;2;Факультет кадастра и строительства (ФКС);Кафедра «Кадастры и техносферная безопасность» (КТБ);20.03.01;Техносферная безопасность;Безопасность жизнедеятельности в техносфере;Заочная форма;Бакалавриат
3018;Обучается;3БЖба-1;2;Факультет кадастра и строительства (ФКС);Кафедра «Кадастры и техносферная безопасность» (КТБ);20.03.01;Техносферная безопасность;Безопасность жизнедеятельности в техносфере;Заочная форма;Бакалавриат
3019;Обучается;3БЖба-1;2;Факультет кадастра и строительства (ФКС);Кафедра «Кадастры и техносферная безопасность» (КТБ);20.03.01;Техносферная безопасность;Безопасность жизнедеятельности в техносфере;Заочная форма;Бакалавриат
3020;Обучается;3БЖба-2;2;Факультет кадастра и строительства (ФКС);Кафедра «Кадастры и техносферная безопасность» (КТБ);20.03.01;Техносферная безопасность;Безопасность жизнедеятельности в техносфере;Заочная форма;Бакалавриат
3021;Обучается;3БЖба-2;2;Факультет кадастра и строительства (ФКС);Кафедра «Кадастры и техносферная безопасность» (КТБ);20.03.01;Техносферная безопасность;Безопасность жизнедеятельности в техносфере;Заочная форма;Бакалавриат
3022;Обучается;3БЖба-2;2;Факультет кадастра и строительства (ФКС);Кафедра «Кадастры и техносферная безопасность» (КТБ);20.03.01;Техносферная безопасность;Безопасность жизнедеятельности в техносфере;Заочная форма;Бакалавриат
3023;Обучается;3БЖба-2;2;Факультет кадастра и строительства (ФКС);Кафедра «Кадастры и техносферная безопасность» (КТБ);20.03.01;Техносферная безопасность;Безопасность жизнедеятельности в техносфере;Заочная форма;Бакалавриат
3024;Обучается;3БЖба-2;2;Факультет кадастра и строительства (ФКС);Кафедра «Кадастры и техносферная безопасность» (КТБ);20.03.01;Техносферная безопасность;Безопасность жизнедеятельности в техносфере;Заочная форма;Бакалавриат
3025;Обучается;3БЖба-2;2;Факультет кадастра и строительства (ФКС);Кафедра «Кадастры и техносферная безопасность» (КТБ);20.03.01;Техносферная безопасность;Безопасность жизнедеятельности в техносфере;Заочная форма;Бакалавриат
3026;Обучается;3БЖба-2;2;Факультет кадастра и строительства (ФКС);Кафедра «Кадастры и техносферная безопасность» (КТБ);20.03.01;Техносферная безопасность;Безопасность жизнедеятельности в техносфере;Заочная форма;Бакалавриат
3027;Обучается;3БЖба-2;2;Факультет кадастра и строительства (ФКС);Кафедра «Кадастры и техносферная безопасность» (КТБ);20.03.01;Техносферная безопасность;Безопасность жизнедеятельности в техносфере;Заочная форма;Бакалавриат
3028;Обучается;3БЖба-2;2;Факультет кадастра и строительства (ФКС);Кафедра «Кадастры и техносферная безопасность» (КТБ);20.03.01;Техносферная безопасность;Безопасность жизнедеятельности в техносфере;Заочная форма;Бакалавриат
3029;Академический отпуск;3БЖба-2;2;Факультет кадастра и строительства (ФКС);Кафедра «Кадастры и техносферная безопасность» (КТБ);20.03.01;Техносферная безопасность;Безопасность жизнедеятельности в техносфере;Заочная форма;Бакалавриат
3030;Обучается;3БЖба-2;2;Факультет кадастра и строительства (ФКС);Кафедра «Кадастры и техносферная безопасность» (КТБ);20.03.01;Техносферная безопасность;Безопасность жизнедеятельности в техносфере;Заочная форма;Бакалавриат
3031;Обучается;3БЖба-2;2;Факультет кадастра и строительства (ФКС);Кафедра «Кадастры и техносферная безопасность» (КТБ);20.03.01;Техносферная безопасность;Безопасность жизнедеятельности в техносфере;Заочная форма;Бакалавриат
3032;Обучается;3БЖба-2;2;Факультет кадастра и строительства (ФКС);Кафедра «Кадастры и техносферная безопасность» (КТБ);20.03.01;Техносферная безопасность;Безопасность жизнедеятельности в техносфере;Заочная форма;Бакалавриат
3033;Обучается;3БЖба-2;2;Факультет кадастра и строительства (ФКС);Кафедра «Кадастры и техносферная безопасность» (КТБ);20.03.01;Техносферная безопасность;Безопасность жизнедеятельности в техносфере;Заочная форма;Бакалавриат
3034;Обучается;3БЖба-2;2;Факультет кадастра и строительства (ФКС);Кафедра «Кадастры и техносферная безопасность» (КТБ);20.03.01;Техносферная безопасность;Безопасность жизнедеятельности в техносфере;Заочная форма;Бакалавриат
3035;Обучается;3БЖба-2;2;Факультет кадастра и строительства (ФКС);Кафедра «Кадастры и техносферная безопасность» (КТБ);20.03.01;Техносферная безопасность;Безопасность жизнедеятельности в техносфере;Заочная форма;Бакалавриат
3036;Обучается;3БЖба-2;2;Факультет кадастра и строительства (ФКС);Кафедра «Кадастры и техносферная безопасность» (КТБ);20.03.01;Техносферная безопасность;Безопасность жизнедеятельности в техносфере;Заочная форма;Бакалавриат
3037;Обучается;3БЖба-2;2;Факультет кадастра и строительства (ФКС);Кафедра «Кадастры и техносферная безопасность» (КТБ);20.03.01;Техносферная безопасность;Безопасность жизнедеятельности в техносфере;Заочная форма;Бакалавриат
3038;Обучается;3БЖба-2;2;Факультет кадастра и строительства (ФКС);Кафедра «Кадастры и техносферная безопасность» (КТБ);20.03.01;Техносферная безопасность;Безопасность жизнедеятельности в техносфере;Заочная форма;Бакалавриат
3039;Обучается;3БЖба-2;2;Факультет кадастра и строительства (ФКС);Кафедра «Кадастры и техносферная безопасность» (КТБ);20.03.01;Техносферная безопасность;Безопасность жизнедеятельности в техносфере;Заочная форма;Бакалавриат
3040;Обучается;3БЖба-2;2;Факультет кадастра и строительства (ФКС);Кафедра «Кадастры и техносферная безопасность» (КТБ);20.03.01;Техносферная безопасность;Безопасность жизнедеятельности в техносфере;Заочная форма;Бакалавриат
3041;Обучается;3БЖба-2;2;Факультет кадастра и строительства (ФКС);Кафедра «Кадастры и техносферная безопасность» (КТБ);20.03.01;Техносферная безопасность;Безопасность жизнедеятельности в техносфере;Заочная форма;Бакалавриат
3042;Обучается;3БЖба-2;2;Факультет кадастра и строительства (ФКС);Кафедра «Кадастры и техносферная безопасность» (КТБ);20.03.01;Техносферная безопасность;Безопасность жизнедеятельности в техносфере;Заочная форма;Бакалавриат
3043;Обучается;3БЖба-2;2;Факультет кадастра и строительства (ФКС);Кафедра «Кадастры и техносферная безопасность» (КТБ);20.03.01;Техносферная безопасность;Безопасность жизнедеятельности в техносфере;Заочная форма;Бакалавриат
3044;Обучается;2БЖба-1;3;Факультет кадастра и строительства (ФКС);Кафедра «Кадастры и техносферная безопасность» (КТБ);20.03.01;Техносферная безопасность;Безопасность жизнедеятельности в техносфере;Заочная форма;Бакалавриат
3045;Обучается;2БЖба-1;3;Факультет кадастра и строительства (ФКС);Кафедра «Кадастры и техносферная безопасность» (КТБ);20.03.01;Техносферная безопасность;Безопасность жизнедеятельности в техносфере;Заочная форма;Бакалавриат
3046;Обучается;2БЖба-1;3;Факультет кадастра и строительства (ФКС);Кафедра «Кадастры и техносферная безопасность» (КТБ);20.03.01;Техносферная безопасность;Безопасность жизнедеятельности в техносфере;Заочная форма;Бакалавриат
3047;Обучается;2БЖба-1;3;Факультет кадастра и строительства (ФКС);Кафедра «Кадастры и техносферная безопасность» (КТБ);20.03.01;Техносферная безопасность;Безопасность жизнедеятельности в техносфере;Заочная форма;Бакалавриат
3048;Обучается;2БЖба-1;3;Факультет кадастра и строительства (ФКС);Кафедра «Кадастры и техносферная безопасность» (КТБ);20.03.01;Техносферная безопасность;Безопасность жизнедеятельности в техносфере;Заочная форма;Бакалавриат
3049;Обучается;2БЖба-1;3;Факультет кадастра и строительства (ФКС);Кафедра «Кадастры и техносферная безопасность» (КТБ);20.03.01;Техносферная безопасность;Безопасность жизнедеятельности в техносфере;Заочная форма;Бакалавриат
3050;Обучается;2БЖба-1;3;Факультет кадастра и строительства (ФКС);Кафедра «Кадастры и техносферная безопасность» (КТБ);20.03.01;Техносферная безопасность;Безопасность жизнедеятельности в техносфере;Заочная форма;Бакалавриат
3051;Обучается;2БЖба-1;3;Факультет кадастра и строительства (ФКС);Кафедра «Кадастры и техносферная безопасность» (КТБ);20.03.01;Техносферная безопасность;Безопасность жизнедеятельности в техносфере;Заочная форма;Бакалавриат
3052;Обучается;2БЖба-1;3;Факультет кадастра и строительства (ФКС);Кафедра «Кадастры и техносферная безопасность» (КТБ);20.03.01;Техносферная безопасность;Безопасность жизнедеятельности в техносфере;Заочная форма;Бакалавриат
3053;Обучается;2БЖба-1;3;Факультет кадастра и строительства (ФКС);Кафедра «Кадастры и техносферная безопасность» (КТБ);20.03.01;Техносферная безопасность;Безопасность жизнедеятельности в техносфере;Заочная форма;Бакалавриат
3054;Обучается;2БЖба-1;3;Факультет кадастра и строительства (ФКС);Кафедра «Кадастры и техносферная безопасность» (КТБ);20.03.01;Техносферная безопасность;Безопасность жизнедеятельности в техносфере;Заочная форма;Бакалавриат
3055;Обучается;2БЖба-1;3;Факультет кадастра и строительства (ФКС);Кафедра «Кадастры и техносферная безопасность» (КТБ);20.03.01;Техносферная безопасность;Безопасность жизнедеятельности в техносфере;Заочная форма;Бакалавриат
3056;Обучается;2БЖба-1;3;Факультет кадастра и строительства (ФКС);Кафедра «Кадастры и техносферная безопасность» (КТБ);20.03.01;Техносферная безопасность;Безопасность жизнедеятельности в техносфере;Заочная форма;Бакалавриат
3057;Обучается;2БЖба-1;3;Факультет кадастра и строительства (ФКС);Кафедра «Кадастры и техносферная безопасность» (КТБ);20.03.01;Техносферная безопасность;Безопасность жизнедеятельности в техносфере;Заочная форма;Бакалавриат
3058;Обучается;2БЖба-1;3;Факультет кадастра и строительства (ФКС);Кафедра «Кадастры и техносферная безопасность» (КТБ);20.03.01;Техносферная безопасность;Безопасность жизнедеятельности в техносфере;Заочная форма;Бакалавриат
3059;Обучается;2БЖба-1;3;Факультет кадастра и строительства (ФКС);Кафедра «Кадастры и техносферная безопасность» (КТБ);20.03.01;Техносферная безопасность;Безопасность жизнедеятельности в техносфере;Заочная форма;Бакалавриат
3060;Обучается;2БЖба-1;3;Факультет кадастра и строительства (ФКС);Кафедра «Кадастры и техносферная безопасность» (КТБ);20.03.01;Техносферная безопасность;Безопасность жизнедеятельности в техносфере;Заочная форма;Бакалавриат
3061;Обучается;2БЖба-1;3;Факультет кадастра и строительства (ФКС);Кафедра «Кадастры и техносферная безопасность» (КТБ);20.03.01;Техносферная безопасность;Безопасность жизнедеятельности в техносфере;Заочная форма;Бакалавриат
3062;Обучается;2БЖба-1;3;Факультет кадастра и строительства (ФКС);Кафедра «Кадастры и техносферная безопасность» (КТБ);20.03.01;Техносферная безопасность;Безопасность жизнедеятельности в техносфере;Заочная форма;Бакалавриат
3063;Обучается;2БЖба-1;3;Факультет кадастра и строительства (ФКС);Кафедра «Кадастры и техносферная безопасность» (КТБ);20.03.01;Техносферная безопасность;Безопасность жизнедеятельности в техносфере;Заочная форма;Бакалавриат
3064;Обучается;2БЖба-1;3;Факультет кадастра и строительства (ФКС);Кафедра «Кадастры и техносферная безопасность» (КТБ);20.03.01;Техносферная безопасность;Безопасность жизнедеятельности в техносфере;Заочная форма;Бакалавриат
3065;Обучается;2БЖба-1;3;Факультет кадастра и строительства (ФКС);Кафедра «Кадастры и техносферная безопасность» (КТБ);20.03.01;Техносферная безопасность;Безопасность жизнедеятельности в техносфере;Заочная форма;Бакалавриат
3066;Академический отпуск;2БЖба-1;3;Факультет кадастра и строительства (ФКС);Кафедра «Кадастры и техносферная безопасность» (КТБ);20.03.01;Техносферная безопасность;Безопасность жизнедеятельности в техносфере;Заочная форма;Бакалавриат
3067;Обучается;2БЖба-1;3;Факультет кадастра и строительства (ФКС);Кафедра «Кадастры и техносферная безопасность» (КТБ);20.03.01;Техносферная безопасность;Безопасность жизнедеятельности в техносфере;Заочная форма;Бакалавриат
3068;Академический отпуск;2БЖба-1;3;Факультет кадастра и строительства (ФКС);Кафедра «Кадастры и техносферная безопасность» (КТБ);20.03.01;Техносферная безопасность;Безопасность жизнедеятельности в техносфере;Заочная форма;Бакалавриат
3069;Обучается;2БЖба-1;3;Факультет кадастра и строительства (ФКС);Кафедра «Кадастры и техносферная безопасность» (КТБ);20.03.01;Техносферная безопасность;Безопасность жизнедеятельности в техносфере;Заочная форма;Бакалавриат
3070;Обучается;2БЖба-1;3;Факультет кадастра и строительства (ФКС);Кафедра «Кадастры и техносферная безопасность» (КТБ);20.03.01;Техносферная безопасность;Безопасность жизнедеятельности в техносфере;Заочная форма;Бакалавриат
3071;Обучается;2БЖба-1;3;Факультет кадастра и строительства (ФКС);Кафедра «Кадастры и техносферная безопасность» (КТБ);20.03.01;Техносферная безопасность;Безопасность жизнедеятельности в техносфере;Заочная форма;Бакалавриат
3072;Обучается;2БЖба-1;3;Факультет кадастра и строительства (ФКС);Кафедра «Кадастры и техносферная безопасность» (КТБ);20.03.01;Техносферная безопасность;Безопасность жизнедеятельности в техносфере;Заочная форма;Бакалавриат
3073;Обучается;2БЖба-1;3;Факультет кадастра и строительства (ФКС);Кафедра «Кадастры и техносферная безопасность» (КТБ);20.03.01;Техносферная безопасность;Безопасность жизнедеятельности в техносфере;Заочная форма;Бакалавриат
3074;Обучается;2БЖба-1;3;Факультет кадастра и строительства (ФКС);Кафедра «Кадастры и техносферная безопасность» (КТБ);20.03.01;Техносферная безопасность;Безопасность жизнедеятельности в техносфере;Заочная форма;Бакалавриат
3075;Обучается;2БЖба-1;3;Факультет кадастра и строительства (ФКС);Кафедра «Кадастры и техносферная безопасность» (КТБ);20.03.01;Техносферная безопасность;Безопасность жизнедеятельности в техносфере;Заочная форма;Бакалавриат
3076;Обучается;2БЖба-1;3;Факультет кадастра и строительства (ФКС);Кафедра «Кадастры и техносферная безопасность» (КТБ);20.03.01;Техносферная безопасность;Безопасность жизнедеятельности в техносфере;Заочная форма;Бакалавриат
3077;Академический отпуск;1БЖба-1;4;Факультет кадастра и строительства (ФКС);Кафедра «Кадастры и техносферная безопасность» (КТБ);20.03.01;Техносферная безопасность;Безопасность жизнедеятельности в техносфере;Заочная форма;Бакалавриат
3078;Обучается;1БЖба-1;4;Факультет кадастра и строительства (ФКС);Кафедра «Кадастры и техносферная безопасность» (КТБ);20.03.01;Техносферная безопасность;Безопасность жизнедеятельности в техносфере;Заочная форма;Бакалавриат
3079;Обучается;1БЖба-1;4;Факультет кадастра и строительства (ФКС);Кафедра «Кадастры и техносферная безопасность» (КТБ);20.03.01;Техносферная безопасность;Безопасность жизнедеятельности в техносфере;Заочная форма;Бакалавриат
3080;Обучается;1БЖба-1;4;Факультет кадастра и строительства (ФКС);Кафедра «Кадастры и техносферная безопасность» (КТБ);20.03.01;Техносферная безопасность;Безопасность жизнедеятельности в техносфере;Заочная форма;Бакалавриат
3081;Обучается;1БЖба-1;4;Факультет кадастра и строительства (ФКС);Кафедра «Кадастры и техносферная безопасность» (КТБ);20.03.01;Техносферная безопасность;Безопасность жизнедеятельности в техносфере;Заочная форма;Бакалавриат
3082;Обучается;1БЖба-1;4;Факультет кадастра и строительства (ФКС);Кафедра «Кадастры и техносферная безопасность» (КТБ);20.03.01;Техносферная безопасность;Безопасность жизнедеятельности в техносфере;Заочная форма;Бакалавриат
3083;Обучается;1БЖба-1;4;Факультет кадастра и строительства (ФКС);Кафедра «Кадастры и техносферная безопасность» (КТБ);20.03.01;Техносферная безопасность;Безопасность жизнедеятельности в техносфере;Заочная форма;Бакалавриат
3084;Обучается;1БЖба-1;4;Факультет кадастра и строительства (ФКС);Кафедра «Кадастры и техносферная безопасность» (КТБ);20.03.01;Техносферная безопасность;Безопасность жизнедеятельности в техносфере;Заочная форма;Бакалавриат
3085;Обучается;1БЖба-1;4;Факультет кадастра и строительства (ФКС);Кафедра «Кадастры и техносферная безопасность» (КТБ);20.03.01;Техносферная безопасность;Безопасность жизнедеятельности в техносфере;Заочная форма;Бакалавриат
3086;Обучается;1БЖба-1;4;Факультет кадастра и строительства (ФКС);Кафедра «Кадастры и техносферная безопасность» (КТБ);20.03.01;Техносферная безопасность;Безопасность жизнедеятельности в техносфере;Заочная форма;Бакалавриат
3087;Академический отпуск;1БЖба-1;4;Факультет кадастра и строительства (ФКС);Кафедра «Кадастры и техносферная безопасность» (КТБ);20.03.01;Техносферная безопасность;Безопасность жизнедеятельности в техносфере;Заочная форма;Бакалавриат
3088;Обучается;1БЖба-1;4;Факультет кадастра и строительства (ФКС);Кафедра «Кадастры и техносферная безопасность» (КТБ);20.03.01;Техносферная безопасность;Безопасность жизнедеятельности в техносфере;Заочная форма;Бакалавриат
3089;Обучается;1БЖба-1;4;Факультет кадастра и строительства (ФКС);Кафедра «Кадастры и техносферная безопасность» (КТБ);20.03.01;Техносферная безопасность;Безопасность жизнедеятельности в техносфере;Заочная форма;Бакалавриат
3090;Обучается;1БЖба-1;4;Факультет кадастра и строительства (ФКС);Кафедра «Кадастры и техносферная безопасность» (КТБ);20.03.01;Техносферная безопасность;Безопасность жизнедеятельности в техносфере;Заочная форма;Бакалавриат
3091;Академический отпуск;1БЖба-1;4;Факультет кадастра и строительства (ФКС);Кафедра «Кадастры и техносферная безопасность» (КТБ);20.03.01;Техносферная безопасность;Безопасность жизнедеятельности в техносфере;Заочная форма;Бакалавриат
3092;Обучается;1БЖба-1;4;Факультет кадастра и строительства (ФКС);Кафедра «Кадастры и техносферная безопасность» (КТБ);20.03.01;Техносферная безопасность;Безопасность жизнедеятельности в техносфере;Заочная форма;Бакалавриат
3093;Обучается;1БЖба-1;4;Факультет кадастра и строительства (ФКС);Кафедра «Кадастры и техносферная безопасность» (КТБ);20.03.01;Техносферная безопасность;Безопасность жизнедеятельности в техносфере;Заочная форма;Бакалавриат
3094;Обучается;1БЖба-1;4;Факультет кадастра и строительства (ФКС);Кафедра «Кадастры и техносферная безопасность» (КТБ);20.03.01;Техносферная безопасность;Безопасность жизнедеятельности в техносфере;Заочная форма;Бакалавриат
3095;Обучается;4КЗба-1;1;Факультет кадастра и строительства (ФКС);Кафедра «Кадастры и техносферная безопасность» (КТБ);21.03.02;Землеустройство и кадастры;Геодезическое сопровождение землеустройства и кадастров;Заочная форма;Бакалавриат
3096;Академический отпуск;4КЗба-1;1;Факультет кадастра и строительства (ФКС);Кафедра «Кадастры и техносферная безопасность» (КТБ);21.03.02;Землеустройство и кадастры;Геодезическое сопровождение землеустройства и кадастров;Заочная форма;Бакалавриат
3097;Обучается;4КЗба-1;1;Факультет кадастра и строительства (ФКС);Кафедра «Кадастры и техносферная безопасность» (КТБ);21.03.02;Землеустройство и кадастры;Геодезическое сопровождение землеустройства и кадастров;Заочная форма;Бакалавриат
3098;Обучается;4КЗба-1;1;Факультет кадастра и строительства (ФКС);Кафедра «Кадастры и техносферная безопасность» (КТБ);21.03.02;Землеустройство и кадастры;Геодезическое сопровождение землеустройства и кадастров;Заочная форма;Бакалавриат
3099;Обучается;4КЗба-1;1;Факультет кадастра и строительства (ФКС);Кафедра «Кадастры и техносферная безопасность» (КТБ);21.03.02;Землеустройство и кадастры;Геодезическое сопровождение землеустройства и кадастров;Заочная форма;Бакалавриат
3100;Академический отпуск;4ВТба-1;1;Факультет компьютерных технологий (ФКТ);Кафедра «Проектирование, управление и разработка информационных систем» (ПУРИС);09.03.01;Информатика и вычислительная техника;Программное обеспечение средств вычислительной техники и автоматизированных систем;Заочная форма;Бакалавриат
3101;Обучается;4ВТба-1;1;Факультет компьютерных технологий (ФКТ);Кафедра «Проектирование, управление и разработка информационных систем» (ПУРИС);09.03.01;Информатика и вычислительная техника;Программное обеспечение средств вычислительной техники и автоматизированных систем;Заочная форма;Бакалавриат
3102;Обучается;4ВТба-1;1;Факультет компьютерных технологий (ФКТ);Кафедра «Проектирование, управление и разработка информационных систем» (ПУРИС);09.03.01;Информатика и вычислительная техника;Программное обеспечение средств вычислительной техники и автоматизированных систем;Заочная форма;Бакалавриат
3103;Обучается;4ВТба-1;1;Факультет компьютерных технологий (ФКТ);Кафедра «Проектирование, управление и разработка информационных систем» (ПУРИС);09.03.01;Информатика и вычислительная техника;Программное обеспечение средств вычислительной техники и автоматизированных систем;Заочная форма;Бакалавриат
3104;Академический отпуск;4ВТба-1;1;Факультет компьютерных технологий (ФКТ);Кафедра «Проектирование, управление и разработка информационных систем» (ПУРИС);09.03.01;Информатика и вычислительная техника;Программное обеспечение средств вычислительной техники и автоматизированных систем;Заочная форма;Бакалавриат
3105;Обучается;4ВТба-1;1;Факультет компьютерных технологий (ФКТ);Кафедра «Проектирование, управление и разработка информационных систем» (ПУРИС);09.03.01;Информатика и вычислительная техника;Программное обеспечение средств вычислительной техники и автоматизированных систем;Заочная форма;Бакалавриат
3106;Обучается;4ВТба-1;1;Факультет компьютерных технологий (ФКТ);Кафедра «Проектирование, управление и разработка информационных систем» (ПУРИС);09.03.01;Информатика и вычислительная техника;Программное обеспечение средств вычислительной техники и автоматизированных систем;Заочная форма;Бакалавриат
3107;Обучается;4ВТба-1;1;Факультет компьютерных технологий (ФКТ);Кафедра «Проектирование, управление и разработка информационных систем» (ПУРИС);09.03.01;Информатика и вычислительная техника;Программное обеспечение средств вычислительной техники и автоматизированных систем;Заочная форма;Бакалавриат
3108;Обучается;4ВТба-1;1;Факультет компьютерных технологий (ФКТ);Кафедра «Проектирование, управление и разработка информационных систем» (ПУРИС);09.03.01;Информатика и вычислительная техника;Программное обеспечение средств вычислительной техники и автоматизированных систем;Заочная форма;Бакалавриат
3109;Обучается;4ВТба-1;1;Факультет компьютерных технологий (ФКТ);Кафедра «Проектирование, управление и разработка информационных систем» (ПУРИС);09.03.01;Информатика и вычислительная техника;Программное обеспечение средств вычислительной техники и автоматизированных систем;Заочная форма;Бакалавриат
3110;Обучается;4ВТба-1;1;Факультет компьютерных технологий (ФКТ);Кафедра «Проектирование, управление и разработка информационных систем» (ПУРИС);09.03.01;Информатика и вычислительная техника;Программное обеспечение средств вычислительной техники и автоматизированных систем;Заочная форма;Бакалавриат
3111;Обучается;4ВТба-1;1;Факультет компьютерных технологий (ФКТ);Кафедра «Проектирование, управление и разработка информационных систем» (ПУРИС);09.03.01;Информатика и вычислительная техника;Программное обеспечение средств вычислительной техники и автоматизированных систем;Заочная форма;Бакалавриат
3112;Обучается;4ВТба-1;1;Факультет компьютерных технологий (ФКТ);Кафедра «Проектирование, управление и разработка информационных систем» (ПУРИС);09.03.01;Информатика и вычислительная техника;Программное обеспечение средств вычислительной техники и автоматизированных систем;Заочная форма;Бакалавриат
3113;Обучается;4ВТба-1;1;Факультет компьютерных технологий (ФКТ);Кафедра «Проектирование, управление и разработка информационных систем» (ПУРИС);09.03.01;Информатика и вычислительная техника;Программное обеспечение средств вычислительной техники и автоматизированных систем;Заочная форма;Бакалавриат
3114;Обучается;4ВТба-1;1;Факультет компьютерных технологий (ФКТ);Кафедра «Проектирование, управление и разработка информационных систем» (ПУРИС);09.03.01;Информатика и вычислительная техника;Программное обеспечение средств вычислительной техники и автоматизированных систем;Заочная форма;Бакалавриат
3115;Академический отпуск;4ВТба-1;1;Факультет компьютерных технологий (ФКТ);Кафедра «Проектирование, управление и разработка информационных систем» (ПУРИС);09.03.01;Информатика и вычислительная техника;Программное обеспечение средств вычислительной техники и автоматизированных систем;Заочная форма;Бакалавриат
3116;Обучается;4ВТба-1;1;Факультет компьютерных технологий (ФКТ);Кафедра «Проектирование, управление и разработка информационных систем» (ПУРИС);09.03.01;Информатика и вычислительная техника;Программное обеспечение средств вычислительной техники и автоматизированных систем;Заочная форма;Бакалавриат
3117;Обучается;4ВТба-1;1;Факультет компьютерных технологий (ФКТ);Кафедра «Проектирование, управление и разработка информационных систем» (ПУРИС);09.03.01;Информатика и вычислительная техника;Программное обеспечение средств вычислительной техники и автоматизированных систем;Заочная форма;Бакалавриат
3118;Обучается;4ВТба-1;1;Факультет компьютерных технологий (ФКТ);Кафедра «Проектирование, управление и разработка информационных систем» (ПУРИС);09.03.01;Информатика и вычислительная техника;Программное обеспечение средств вычислительной техники и автоматизированных систем;Заочная форма;Бакалавриат
3119;Обучается;4ВТба-1;1;Факультет компьютерных технологий (ФКТ);Кафедра «Проектирование, управление и разработка информационных систем» (ПУРИС);09.03.01;Информатика и вычислительная техника;Программное обеспечение средств вычислительной техники и автоматизированных систем;Заочная форма;Бакалавриат
3120;Обучается;4ВТба-1;1;Факультет компьютерных технологий (ФКТ);Кафедра «Проектирование, управление и разработка информационных систем» (ПУРИС);09.03.01;Информатика и вычислительная техника;Программное обеспечение средств вычислительной техники и автоматизированных систем;Заочная форма;Бакалавриат
3121;Обучается;4ВТба-1;1;Факультет компьютерных технологий (ФКТ);Кафедра «Проектирование, управление и разработка информационных систем» (ПУРИС);09.03.01;Информатика и вычислительная техника;Программное обеспечение средств вычислительной техники и автоматизированных систем;Заочная форма;Бакалавриат
3122;Обучается;4ВТба-1;1;Факультет компьютерных технологий (ФКТ);Кафедра «Проектирование, управление и разработка информационных систем» (ПУРИС);09.03.01;Информатика и вычислительная техника;Программное обеспечение средств вычислительной техники и автоматизированных систем;Заочная форма;Бакалавриат
3123;Обучается;4ВТба-1;1;Факультет компьютерных технологий (ФКТ);Кафедра «Проектирование, управление и разработка информационных систем» (ПУРИС);09.03.01;Информатика и вычислительная техника;Программное обеспечение средств вычислительной техники и автоматизированных систем;Заочная форма;Бакалавриат
3124;Обучается;4ВТба-1;1;Факультет компьютерных технологий (ФКТ);Кафедра «Проектирование, управление и разработка информационных систем» (ПУРИС);09.03.01;Информатика и вычислительная техника;Программное обеспечение средств вычислительной техники и автоматизированных систем;Заочная форма;Бакалавриат
3125;Обучается;4ВТба-1;1;Факультет компьютерных технологий (ФКТ);Кафедра «Проектирование, управление и разработка информационных систем» (ПУРИС);09.03.01;Информатика и вычислительная техника;Программное обеспечение средств вычислительной техники и автоматизированных систем;Заочная форма;Бакалавриат
3126;Обучается;4ВТба-1;1;Факультет компьютерных технологий (ФКТ);Кафедра «Проектирование, управление и разработка информационных систем» (ПУРИС);09.03.01;Информатика и вычислительная техника;Программное обеспечение средств вычислительной техники и автоматизированных систем;Заочная форма;Бакалавриат
3127;Обучается;4ВТба-1;1;Факультет компьютерных технологий (ФКТ);Кафедра «Проектирование, управление и разработка информационных систем» (ПУРИС);09.03.01;Информатика и вычислительная техника;Программное обеспечение средств вычислительной техники и автоматизированных систем;Заочная форма;Бакалавриат
3128;Обучается;4ВТба-1;1;Факультет компьютерных технологий (ФКТ);Кафедра «Проектирование, управление и разработка информационных систем» (ПУРИС);09.03.01;Информатика и вычислительная техника;Программное обеспечение средств вычислительной техники и автоматизированных систем;Заочная форма;Бакалавриат
3129;Обучается;4ВТба-1;1;Факультет компьютерных технологий (ФКТ);Кафедра «Проектирование, управление и разработка информационных систем» (ПУРИС);09.03.01;Информатика и вычислительная техника;Программное обеспечение средств вычислительной техники и автоматизированных систем;Заочная форма;Бакалавриат
3130;Обучается;4ВТба-1;1;Факультет компьютерных технологий (ФКТ);Кафедра «Проектирование, управление и разработка информационных систем» (ПУРИС);09.03.01;Информатика и вычислительная техника;Программное обеспечение средств вычислительной техники и автоматизированных систем;Заочная форма;Бакалавриат
3131;Академический отпуск;4ВТба-1;1;Факультет компьютерных технологий (ФКТ);Кафедра «Проектирование, управление и разработка информационных систем» (ПУРИС);09.03.01;Информатика и вычислительная техника;Программное обеспечение средств вычислительной техники и автоматизированных систем;Заочная форма;Бакалавриат
3132;Обучается;4ВТба-1;1;Факультет компьютерных технологий (ФКТ);Кафедра «Проектирование, управление и разработка информационных систем» (ПУРИС);09.03.01;Информатика и вычислительная техника;Программное обеспечение средств вычислительной техники и автоматизированных систем;Заочная форма;Бакалавриат
3133;Обучается;4ВТба-1;1;Факультет компьютерных технологий (ФКТ);Кафедра «Проектирование, управление и разработка информационных систем» (ПУРИС);09.03.01;Информатика и вычислительная техника;Программное обеспечение средств вычислительной техники и автоматизированных систем;Заочная форма;Бакалавриат
3134;Обучается;4ВТба-1;1;Факультет компьютерных технологий (ФКТ);Кафедра «Проектирование, управление и разработка информационных систем» (ПУРИС);09.03.01;Информатика и вычислительная техника;Программное обеспечение средств вычислительной техники и автоматизированных систем;Заочная форма;Бакалавриат
3135;Обучается;4ВТба-1;1;Факультет компьютерных технологий (ФКТ);Кафедра «Проектирование, управление и разработка информационных систем» (ПУРИС);09.03.01;Информатика и вычислительная техника;Программное обеспечение средств вычислительной техники и автоматизированных систем;Заочная форма;Бакалавриат
3136;Обучается;4ВТба-1;1;Факультет компьютерных технологий (ФКТ);Кафедра «Проектирование, управление и разработка информационных систем» (ПУРИС);09.03.01;Информатика и вычислительная техника;Программное обеспечение средств вычислительной техники и автоматизированных систем;Заочная форма;Бакалавриат
3137;Обучается;4ВТба-1;1;Факультет компьютерных технологий (ФКТ);Кафедра «Проектирование, управление и разработка информационных систем» (ПУРИС);09.03.01;Информатика и вычислительная техника;Программное обеспечение средств вычислительной техники и автоматизированных систем;Заочная форма;Бакалавриат
3138;Академический отпуск;3ВТба-1;2;Факультет компьютерных технологий (ФКТ);Кафедра «Проектирование, управление и разработка информационных систем» (ПУРИС);09.03.01;Информатика и вычислительная техника;Программное обеспечение средств вычислительной техники и автоматизированных систем;Заочная форма;Бакалавриат
3139;Академический отпуск;3ВТба-1;2;Факультет компьютерных технологий (ФКТ);Кафедра «Проектирование, управление и разработка информационных систем» (ПУРИС);09.03.01;Информатика и вычислительная техника;Программное обеспечение средств вычислительной техники и автоматизированных систем;Заочная форма;Бакалавриат
3140;Обучается;3ВТба-1;2;Факультет компьютерных технологий (ФКТ);Кафедра «Проектирование, управление и разработка информационных систем» (ПУРИС);09.03.01;Информатика и вычислительная техника;Программное обеспечение средств вычислительной техники и автоматизированных систем;Заочная форма;Бакалавриат
3141;Обучается;3ВТба-1;2;Факультет компьютерных технологий (ФКТ);Кафедра «Проектирование, управление и разработка информационных систем» (ПУРИС);09.03.01;Информатика и вычислительная техника;Программное обеспечение средств вычислительной техники и автоматизированных систем;Заочная форма;Бакалавриат
3142;Обучается;3ВТба-1;2;Факультет компьютерных технологий (ФКТ);Кафедра «Проектирование, управление и разработка информационных систем» (ПУРИС);09.03.01;Информатика и вычислительная техника;Программное обеспечение средств вычислительной техники и автоматизированных систем;Заочная форма;Бакалавриат
3143;Обучается;3ВТба-1;2;Факультет компьютерных технологий (ФКТ);Кафедра «Проектирование, управление и разработка информационных систем» (ПУРИС);09.03.01;Информатика и вычислительная техника;Программное обеспечение средств вычислительной техники и автоматизированных систем;Заочная форма;Бакалавриат
3144;Обучается;3ВТба-1;2;Факультет компьютерных технологий (ФКТ);Кафедра «Проектирование, управление и разработка информационных систем» (ПУРИС);09.03.01;Информатика и вычислительная техника;Программное обеспечение средств вычислительной техники и автоматизированных систем;Заочная форма;Бакалавриат
3145;Обучается;3ВТба-1;2;Факультет компьютерных технологий (ФКТ);Кафедра «Проектирование, управление и разработка информационных систем» (ПУРИС);09.03.01;Информатика и вычислительная техника;Программное обеспечение средств вычислительной техники и автоматизированных систем;Заочная форма;Бакалавриат
3146;Обучается;3ВТба-1;2;Факультет компьютерных технологий (ФКТ);Кафедра «Проектирование, управление и разработка информационных систем» (ПУРИС);09.03.01;Информатика и вычислительная техника;Программное обеспечение средств вычислительной техники и автоматизированных систем;Заочная форма;Бакалавриат
3147;Обучается;3ВТба-1;2;Факультет компьютерных технологий (ФКТ);Кафедра «Проектирование, управление и разработка информационных систем» (ПУРИС);09.03.01;Информатика и вычислительная техника;Программное обеспечение средств вычислительной техники и автоматизированных систем;Заочная форма;Бакалавриат
3148;Обучается;3ВТба-1;2;Факультет компьютерных технологий (ФКТ);Кафедра «Проектирование, управление и разработка информационных систем» (ПУРИС);09.03.01;Информатика и вычислительная техника;Программное обеспечение средств вычислительной техники и автоматизированных систем;Заочная форма;Бакалавриат
3149;Обучается;3ВТба-1;2;Факультет компьютерных технологий (ФКТ);Кафедра «Проектирование, управление и разработка информационных систем» (ПУРИС);09.03.01;Информатика и вычислительная техника;Программное обеспечение средств вычислительной техники и автоматизированных систем;Заочная форма;Бакалавриат
3150;Обучается;3ВТба-1;2;Факультет компьютерных технологий (ФКТ);Кафедра «Проектирование, управление и разработка информационных систем» (ПУРИС);09.03.01;Информатика и вычислительная техника;Программное обеспечение средств вычислительной техники и автоматизированных систем;Заочная форма;Бакалавриат
3151;Обучается;3ВТба-1;2;Факультет компьютерных технологий (ФКТ);Кафедра «Проектирование, управление и разработка информационных систем» (ПУРИС);09.03.01;Информатика и вычислительная техника;Программное обеспечение средств вычислительной техники и автоматизированных систем;Заочная форма;Бакалавриат
3152;Обучается;3ВТба-1;2;Факультет компьютерных технологий (ФКТ);Кафедра «Проектирование, управление и разработка информационных систем» (ПУРИС);09.03.01;Информатика и вычислительная техника;Программное обеспечение средств вычислительной техники и автоматизированных систем;Заочная форма;Бакалавриат
3153;Обучается;3ВТба-1;2;Факультет компьютерных технологий (ФКТ);Кафедра «Проектирование, управление и разработка информационных систем» (ПУРИС);09.03.01;Информатика и вычислительная техника;Программное обеспечение средств вычислительной техники и автоматизированных систем;Заочная форма;Бакалавриат
3154;Обучается;3ВТба-1;2;Факультет компьютерных технологий (ФКТ);Кафедра «Проектирование, управление и разработка информационных систем» (ПУРИС);09.03.01;Информатика и вычислительная техника;Программное обеспечение средств вычислительной техники и автоматизированных систем;Заочная форма;Бакалавриат
3155;Обучается;3ВТба-1;2;Факультет компьютерных технологий (ФКТ);Кафедра «Проектирование, управление и разработка информационных систем» (ПУРИС);09.03.01;Информатика и вычислительная техника;Программное обеспечение средств вычислительной техники и автоматизированных систем;Заочная форма;Бакалавриат
3156;Обучается;3ВТба-1;2;Факультет компьютерных технологий (ФКТ);Кафедра «Проектирование, управление и разработка информационных систем» (ПУРИС);09.03.01;Информатика и вычислительная техника;Программное обеспечение средств вычислительной техники и автоматизированных систем;Заочная форма;Бакалавриат
3157;Обучается;3ВТба-1;2;Факультет компьютерных технологий (ФКТ);Кафедра «Проектирование, управление и разработка информационных систем» (ПУРИС);09.03.01;Информатика и вычислительная техника;Программное обеспечение средств вычислительной техники и автоматизированных систем;Заочная форма;Бакалавриат
3158;Обучается;3ВТба-1;2;Факультет компьютерных технологий (ФКТ);Кафедра «Проектирование, управление и разработка информационных систем» (ПУРИС);09.03.01;Информатика и вычислительная техника;Программное обеспечение средств вычислительной техники и автоматизированных систем;Заочная форма;Бакалавриат
3159;Обучается;3ВТба-1;2;Факультет компьютерных технологий (ФКТ);Кафедра «Проектирование, управление и разработка информационных систем» (ПУРИС);09.03.01;Информатика и вычислительная техника;Программное обеспечение средств вычислительной техники и автоматизированных систем;Заочная форма;Бакалавриат
3160;Академический отпуск;3ВТба-1;2;Факультет компьютерных технологий (ФКТ);Кафедра «Проектирование, управление и разработка информационных систем» (ПУРИС);09.03.01;Информатика и вычислительная техника;Программное обеспечение средств вычислительной техники и автоматизированных систем;Заочная форма;Бакалавриат
3161;Обучается;2ВТба-1;3;Факультет компьютерных технологий (ФКТ);Кафедра «Проектирование, управление и разработка информационных систем» (ПУРИС);09.03.01;Информатика и вычислительная техника;Программное обеспечение средств вычислительной техники и автоматизированных систем;Заочная форма;Бакалавриат
3162;Обучается;2ВТба-1;3;Факультет компьютерных технологий (ФКТ);Кафедра «Проектирование, управление и разработка информационных систем» (ПУРИС);09.03.01;Информатика и вычислительная техника;Программное обеспечение средств вычислительной техники и автоматизированных систем;Заочная форма;Бакалавриат
3163;Обучается;2ВТба-1;3;Факультет компьютерных технологий (ФКТ);Кафедра «Проектирование, управление и разработка информационных систем» (ПУРИС);09.03.01;Информатика и вычислительная техника;Программное обеспечение средств вычислительной техники и автоматизированных систем;Заочная форма;Бакалавриат
3164;Обучается;2ВТба-1;3;Факультет компьютерных технологий (ФКТ);Кафедра «Проектирование, управление и разработка информационных систем» (ПУРИС);09.03.01;Информатика и вычислительная техника;Программное обеспечение средств вычислительной техники и автоматизированных систем;Заочная форма;Бакалавриат
3165;Обучается;2ВТба-1;3;Факультет компьютерных технологий (ФКТ);Кафедра «Проектирование, управление и разработка информационных систем» (ПУРИС);09.03.01;Информатика и вычислительная техника;Программное обеспечение средств вычислительной техники и автоматизированных систем;Заочная форма;Бакалавриат
3166;Обучается;2ВТба-1;3;Факультет компьютерных технологий (ФКТ);Кафедра «Проектирование, управление и разработка информационных систем» (ПУРИС);09.03.01;Информатика и вычислительная техника;Программное обеспечение средств вычислительной техники и автоматизированных систем;Заочная форма;Бакалавриат
3167;Обучается;2ВТба-1;3;Факультет компьютерных технологий (ФКТ);Кафедра «Проектирование, управление и разработка информационных систем» (ПУРИС);09.03.01;Информатика и вычислительная техника;Программное обеспечение средств вычислительной техники и автоматизированных систем;Заочная форма;Бакалавриат
3168;Обучается;2ВТба-1;3;Факультет компьютерных технологий (ФКТ);Кафедра «Проектирование, управление и разработка информационных систем» (ПУРИС);09.03.01;Информатика и вычислительная техника;Программное обеспечение средств вычислительной техники и автоматизированных систем;Заочная форма;Бакалавриат
3169;Обучается;2ВТба-1;3;Факультет компьютерных технологий (ФКТ);Кафедра «Проектирование, управление и разработка информационных систем» (ПУРИС);09.03.01;Информатика и вычислительная техника;Программное обеспечение средств вычислительной техники и автоматизированных систем;Заочная форма;Бакалавриат
3170;Обучается;2ВТба-1;3;Факультет компьютерных технологий (ФКТ);Кафедра «Проектирование, управление и разработка информационных систем» (ПУРИС);09.03.01;Информатика и вычислительная техника;Программное обеспечение средств вычислительной техники и автоматизированных систем;Заочная форма;Бакалавриат
3171;Обучается;2ВТба-1;3;Факультет компьютерных технологий (ФКТ);Кафедра «Проектирование, управление и разработка информационных систем» (ПУРИС);09.03.01;Информатика и вычислительная техника;Программное обеспечение средств вычислительной техники и автоматизированных систем;Заочная форма;Бакалавриат
3172;Обучается;2ВТба-1;3;Факультет компьютерных технологий (ФКТ);Кафедра «Проектирование, управление и разработка информационных систем» (ПУРИС);09.03.01;Информатика и вычислительная техника;Программное обеспечение средств вычислительной техники и автоматизированных систем;Заочная форма;Бакалавриат
3173;Академический отпуск;2ВТба-1;3;Факультет компьютерных технологий (ФКТ);Кафедра «Проектирование, управление и разработка информационных систем» (ПУРИС);09.03.01;Информатика и вычислительная техника;Программное обеспечение средств вычислительной техники и автоматизированных систем;Заочная форма;Бакалавриат
3174;Обучается;2ВТба-1;3;Факультет компьютерных технологий (ФКТ);Кафедра «Проектирование, управление и разработка информационных систем» (ПУРИС);09.03.01;Информатика и вычислительная техника;Программное обеспечение средств вычислительной техники и автоматизированных систем;Заочная форма;Бакалавриат
3175;Обучается;1ВТба-1;4;Факультет компьютерных технологий (ФКТ);Кафедра «Проектирование, управление и разработка информационных систем» (ПУРИС);09.03.01;Информатика и вычислительная техника;Программное обеспечение средств вычислительной техники и автоматизированных систем;Заочная форма;Бакалавриат
3176;Обучается;1ВТба-1;4;Факультет компьютерных технологий (ФКТ);Кафедра «Проектирование, управление и разработка информационных систем» (ПУРИС);09.03.01;Информатика и вычислительная техника;Программное обеспечение средств вычислительной техники и автоматизированных систем;Заочная форма;Бакалавриат
3177;Обучается;1ВТба-1;4;Факультет компьютерных технологий (ФКТ);Кафедра «Проектирование, управление и разработка информационных систем» (ПУРИС);09.03.01;Информатика и вычислительная техника;Программное обеспечение средств вычислительной техники и автоматизированных систем;Заочная форма;Бакалавриат
3178;Обучается;1ВТба-1;4;Факультет компьютерных технологий (ФКТ);Кафедра «Проектирование, управление и разработка информационных систем» (ПУРИС);09.03.01;Информатика и вычислительная техника;Программное обеспечение средств вычислительной техники и автоматизированных систем;Заочная форма;Бакалавриат
3179;Обучается;1ВТба-1;4;Факультет компьютерных технологий (ФКТ);Кафедра «Проектирование, управление и разработка информационных систем» (ПУРИС);09.03.01;Информатика и вычислительная техника;Программное обеспечение средств вычислительной техники и автоматизированных систем;Заочная форма;Бакалавриат
3180;Обучается;1ВТба-1;4;Факультет компьютерных технологий (ФКТ);Кафедра «Проектирование, управление и разработка информационных систем» (ПУРИС);09.03.01;Информатика и вычислительная техника;Программное обеспечение средств вычислительной техники и автоматизированных систем;Заочная форма;Бакалавриат
3181;Обучается;1ВТба-1;4;Факультет компьютерных технологий (ФКТ);Кафедра «Проектирование, управление и разработка информационных систем» (ПУРИС);09.03.01;Информатика и вычислительная техника;Программное обеспечение средств вычислительной техники и автоматизированных систем;Заочная форма;Бакалавриат
3182;Обучается;1ВТба-1;4;Факультет компьютерных технологий (ФКТ);Кафедра «Проектирование, управление и разработка информационных систем» (ПУРИС);09.03.01;Информатика и вычислительная техника;Программное обеспечение средств вычислительной техники и автоматизированных систем;Заочная форма;Бакалавриат
3183;Обучается;1ВТба-1;4;Факультет компьютерных технологий (ФКТ);Кафедра «Проектирование, управление и разработка информационных систем» (ПУРИС);09.03.01;Информатика и вычислительная техника;Программное обеспечение средств вычислительной техники и автоматизированных систем;Заочная форма;Бакалавриат
3184;Академический отпуск;1ВТба-1;4;Факультет компьютерных технологий (ФКТ);Кафедра «Проектирование, управление и разработка информационных систем» (ПУРИС);09.03.01;Информатика и вычислительная техника;Программное обеспечение средств вычислительной техники и автоматизированных систем;Заочная форма;Бакалавриат
3185;Обучается;1ВТба-1;4;Факультет компьютерных технологий (ФКТ);Кафедра «Проектирование, управление и разработка информационных систем» (ПУРИС);09.03.01;Информатика и вычислительная техника;Программное обеспечение средств вычислительной техники и автоматизированных систем;Заочная форма;Бакалавриат
3186;Обучается;1ВТба-1;4;Факультет компьютерных технологий (ФКТ);Кафедра «Проектирование, управление и разработка информационных систем» (ПУРИС);09.03.01;Информатика и вычислительная техника;Программное обеспечение средств вычислительной техники и автоматизированных систем;Заочная форма;Бакалавриат
3187;Академический отпуск;1ВТба-1;4;Факультет компьютерных технологий (ФКТ);Кафедра «Проектирование, управление и разработка информационных систем» (ПУРИС);09.03.01;Информатика и вычислительная техника;Программное обеспечение средств вычислительной техники и автоматизированных систем;Заочная форма;Бакалавриат
3188;Обучается;1ВТба-1;4;Факультет компьютерных технологий (ФКТ);Кафедра «Проектирование, управление и разработка информационных систем» (ПУРИС);09.03.01;Информатика и вычислительная техника;Программное обеспечение средств вычислительной техники и автоматизированных систем;Заочная форма;Бакалавриат
3189;Обучается;1ВТба-1;4;Факультет компьютерных технологий (ФКТ);Кафедра «Проектирование, управление и разработка информационных систем» (ПУРИС);09.03.01;Информатика и вычислительная техника;Программное обеспечение средств вычислительной техники и автоматизированных систем;Заочная форма;Бакалавриат
3190;Академический отпуск;3ПИба-1;2;Факультет компьютерных технологий (ФКТ);Кафедра «Проектирование, управление и разработка информационных систем» (ПУРИС);09.03.03;Прикладная информатика;Прикладная информатика в экономике;Заочная форма;Бакалавриат
3191;Обучается;3ПИба-1;2;Факультет компьютерных технологий (ФКТ);Кафедра «Проектирование, управление и разработка информационных систем» (ПУРИС);09.03.03;Прикладная информатика;Прикладная информатика в экономике;Заочная форма;Бакалавриат
3192;Академический отпуск;3ПИба-1;2;Факультет компьютерных технологий (ФКТ);Кафедра «Проектирование, управление и разработка информационных систем» (ПУРИС);09.03.03;Прикладная информатика;Прикладная информатика в экономике;Заочная форма;Бакалавриат
3193;Обучается;3ПИба-1;2;Факультет компьютерных технологий (ФКТ);Кафедра «Проектирование, управление и разработка информационных систем» (ПУРИС);09.03.03;Прикладная информатика;Прикладная информатика в экономике;Заочная форма;Бакалавриат
3194;Обучается;3ПИба-1;2;Факультет компьютерных технологий (ФКТ);Кафедра «Проектирование, управление и разработка информационных систем» (ПУРИС);09.03.03;Прикладная информатика;Прикладная информатика в экономике;Заочная форма;Бакалавриат
3195;Обучается;3ПИба-1;2;Факультет компьютерных технологий (ФКТ);Кафедра «Проектирование, управление и разработка информационных систем» (ПУРИС);09.03.03;Прикладная информатика;Прикладная информатика в экономике;Заочная форма;Бакалавриат
3196;Обучается;3ПИба-1;2;Факультет компьютерных технологий (ФКТ);Кафедра «Проектирование, управление и разработка информационных систем» (ПУРИС);09.03.03;Прикладная информатика;Прикладная информатика в экономике;Заочная форма;Бакалавриат
3197;Обучается;3ПИба-1;2;Факультет компьютерных технологий (ФКТ);Кафедра «Проектирование, управление и разработка информационных систем» (ПУРИС);09.03.03;Прикладная информатика;Прикладная информатика в экономике;Заочная форма;Бакалавриат
3198;Обучается;3ПИба-1;2;Факультет компьютерных технологий (ФКТ);Кафедра «Проектирование, управление и разработка информационных систем» (ПУРИС);09.03.03;Прикладная информатика;Прикладная информатика в экономике;Заочная форма;Бакалавриат
3199;Обучается;3ПИба-1;2;Факультет компьютерных технологий (ФКТ);Кафедра «Проектирование, управление и разработка информационных систем» (ПУРИС);09.03.03;Прикладная информатика;Прикладная информатика в экономике;Заочная форма;Бакалавриат
3200;Обучается;2ПИба-1;3;Факультет компьютерных технологий (ФКТ);Кафедра «Проектирование, управление и разработка информационных систем» (ПУРИС);09.03.03;Прикладная информатика;Прикладная информатика в экономике;Заочная форма;Бакалавриат
3201;Обучается;2ПИба-1;3;Факультет компьютерных технологий (ФКТ);Кафедра «Проектирование, управление и разработка информационных систем» (ПУРИС);09.03.03;Прикладная информатика;Прикладная информатика в экономике;Заочная форма;Бакалавриат
3202;Обучается;2ПИба-1;3;Факультет компьютерных технологий (ФКТ);Кафедра «Проектирование, управление и разработка информационных систем» (ПУРИС);09.03.03;Прикладная информатика;Прикладная информатика в экономике;Заочная форма;Бакалавриат
3203;Обучается;2ПИба-1;3;Факультет компьютерных технологий (ФКТ);Кафедра «Проектирование, управление и разработка информационных систем» (ПУРИС);09.03.03;Прикладная информатика;Прикладная информатика в экономике;Заочная форма;Бакалавриат
3204;Обучается;2ПИба-1;3;Факультет компьютерных технологий (ФКТ);Кафедра «Проектирование, управление и разработка информационных систем» (ПУРИС);09.03.03;Прикладная информатика;Прикладная информатика в экономике;Заочная форма;Бакалавриат
3205;Обучается;2ПИба-1;3;Факультет компьютерных технологий (ФКТ);Кафедра «Проектирование, управление и разработка информационных систем» (ПУРИС);09.03.03;Прикладная информатика;Прикладная информатика в экономике;Заочная форма;Бакалавриат
3206;Обучается;2ПИба-1;3;Факультет компьютерных технологий (ФКТ);Кафедра «Проектирование, управление и разработка информационных систем» (ПУРИС);09.03.03;Прикладная информатика;Прикладная информатика в экономике;Заочная форма;Бакалавриат
3207;Обучается;2ПИба-1;3;Факультет компьютерных технологий (ФКТ);Кафедра «Проектирование, управление и разработка информационных систем» (ПУРИС);09.03.03;Прикладная информатика;Прикладная информатика в экономике;Заочная форма;Бакалавриат
3208;Обучается;2ПИба-1;3;Факультет компьютерных технологий (ФКТ);Кафедра «Проектирование, управление и разработка информационных систем» (ПУРИС);09.03.03;Прикладная информатика;Прикладная информатика в экономике;Заочная форма;Бакалавриат
3209;Обучается;2ПИба-1;3;Факультет компьютерных технологий (ФКТ);Кафедра «Проектирование, управление и разработка информационных систем» (ПУРИС);09.03.03;Прикладная информатика;Прикладная информатика в экономике;Заочная форма;Бакалавриат
3210;Академический отпуск;2ПИба-1;3;Факультет компьютерных технологий (ФКТ);Кафедра «Проектирование, управление и разработка информационных систем» (ПУРИС);09.03.03;Прикладная информатика;Прикладная информатика в экономике;Заочная форма;Бакалавриат
3211;Обучается;2ПИба-1;3;Факультет компьютерных технологий (ФКТ);Кафедра «Проектирование, управление и разработка информационных систем» (ПУРИС);09.03.03;Прикладная информатика;Прикладная информатика в экономике;Заочная форма;Бакалавриат
3212;Обучается;1ПИба-1;4;Факультет компьютерных технологий (ФКТ);Кафедра «Проектирование, управление и разработка информационных систем» (ПУРИС);09.03.03;Прикладная информатика;Прикладная информатика в экономике;Заочная форма;Бакалавриат
3213;Обучается;1ПИба-1;4;Факультет компьютерных технологий (ФКТ);Кафедра «Проектирование, управление и разработка информационных систем» (ПУРИС);09.03.03;Прикладная информатика;Прикладная информатика в экономике;Заочная форма;Бакалавриат
3214;Академический отпуск;1ПИба-1;4;Факультет компьютерных технологий (ФКТ);Кафедра «Проектирование, управление и разработка информационных систем» (ПУРИС);09.03.03;Прикладная информатика;Прикладная информатика в экономике;Заочная форма;Бакалавриат
3215;Обучается;1ПИба-1;4;Факультет компьютерных технологий (ФКТ);Кафедра «Проектирование, управление и разработка информационных систем» (ПУРИС);09.03.03;Прикладная информатика;Прикладная информатика в экономике;Заочная форма;Бакалавриат
3216;Обучается;1ПИба-1;4;Факультет компьютерных технологий (ФКТ);Кафедра «Проектирование, управление и разработка информационных систем» (ПУРИС);09.03.03;Прикладная информатика;Прикладная информатика в экономике;Заочная форма;Бакалавриат
3217;Академический отпуск;1ПИба-1;4;Факультет компьютерных технологий (ФКТ);Кафедра «Проектирование, управление и разработка информационных систем» (ПУРИС);09.03.03;Прикладная информатика;Прикладная информатика в экономике;Заочная форма;Бакалавриат
3218;Обучается;1ПИба-1;4;Факультет компьютерных технологий (ФКТ);Кафедра «Проектирование, управление и разработка информационных систем» (ПУРИС);09.03.03;Прикладная информатика;Прикладная информатика в экономике;Заочная форма;Бакалавриат
3219;Академический отпуск;1ПИба-1;4;Факультет компьютерных технологий (ФКТ);Кафедра «Проектирование, управление и разработка информационных систем» (ПУРИС);09.03.03;Прикладная информатика;Прикладная информатика в экономике;Заочная форма;Бакалавриат
3220;Обучается;1ПИба-1;4;Факультет компьютерных технологий (ФКТ);Кафедра «Проектирование, управление и разработка информационных систем» (ПУРИС);09.03.03;Прикладная информатика;Прикладная информатика в экономике;Заочная форма;Бакалавриат
3221;Обучается;1ПИба-1;4;Факультет компьютерных технологий (ФКТ);Кафедра «Проектирование, управление и разработка информационных систем» (ПУРИС);09.03.03;Прикладная информатика;Прикладная информатика в экономике;Заочная форма;Бакалавриат
3222;Обучается;1ПИба-1;4;Факультет компьютерных технологий (ФКТ);Кафедра «Проектирование, управление и разработка информационных систем» (ПУРИС);09.03.03;Прикладная информатика;Прикладная информатика в экономике;Заочная форма;Бакалавриат
3223;Академический отпуск;1ПИба-1;4;Факультет компьютерных технологий (ФКТ);Кафедра «Проектирование, управление и разработка информационных систем» (ПУРИС);09.03.03;Прикладная информатика;Прикладная информатика в экономике;Заочная форма;Бакалавриат
3224;Обучается;1ПИба-1;4;Факультет компьютерных технологий (ФКТ);Кафедра «Проектирование, управление и разработка информационных систем» (ПУРИС);09.03.03;Прикладная информатика;Прикладная информатика в экономике;Заочная форма;Бакалавриат
3225;Обучается;4ТМба-1;1;Факультет машиностроительных и химических технологий (ФМХТ);Кафедра «Машиностроение» (МС);15.03.01;Машиностроение;Технология машиностроения;Заочная форма;Бакалавриат
3226;Обучается;4ТМба-1;1;Факультет машиностроительных и химических технологий (ФМХТ);Кафедра «Машиностроение» (МС);15.03.01;Машиностроение;Технология машиностроения;Заочная форма;Бакалавриат
3227;Обучается;4ТМба-1;1;Факультет машиностроительных и химических технологий (ФМХТ);Кафедра «Машиностроение» (МС);15.03.01;Машиностроение;Технология машиностроения;Заочная форма;Бакалавриат
3228;Обучается;4ТМба-1;1;Факультет машиностроительных и химических технологий (ФМХТ);Кафедра «Машиностроение» (МС);15.03.01;Машиностроение;Технология машиностроения;Заочная форма;Бакалавриат
3229;Обучается;4ТМба-1;1;Факультет машиностроительных и химических технологий (ФМХТ);Кафедра «Машиностроение» (МС);15.03.01;Машиностроение;Технология машиностроения;Заочная форма;Бакалавриат
3230;Обучается;4ТМба-1;1;Факультет машиностроительных и химических технологий (ФМХТ);Кафедра «Машиностроение» (МС);15.03.01;Машиностроение;Технология машиностроения;Заочная форма;Бакалавриат
3231;Обучается;4ТМба-1;1;Факультет машиностроительных и химических технологий (ФМХТ);Кафедра «Машиностроение» (МС);15.03.01;Машиностроение;Технология машиностроения;Заочная форма;Бакалавриат
3232;Обучается;4ТМба-1;1;Факультет машиностроительных и химических технологий (ФМХТ);Кафедра «Машиностроение» (МС);15.03.01;Машиностроение;Технология машиностроения;Заочная форма;Бакалавриат
3233;Обучается;4ТМба-1;1;Факультет машиностроительных и химических технологий (ФМХТ);Кафедра «Машиностроение» (МС);15.03.01;Машиностроение;Технология машиностроения;Заочная форма;Бакалавриат
3234;Обучается;4ТМба-1;1;Факультет машиностроительных и химических технологий (ФМХТ);Кафедра «Машиностроение» (МС);15.03.01;Машиностроение;Технология машиностроения;Заочная форма;Бакалавриат
3235;Обучается;4ТМба-1;1;Факультет машиностроительных и химических технологий (ФМХТ);Кафедра «Машиностроение» (МС);15.03.01;Машиностроение;Технология машиностроения;Заочная форма;Бакалавриат
3236;Обучается;4ТМба-1;1;Факультет машиностроительных и химических технологий (ФМХТ);Кафедра «Машиностроение» (МС);15.03.01;Машиностроение;Технология машиностроения;Заочная форма;Бакалавриат
3237;Обучается;4ТМба-1;1;Факультет машиностроительных и химических технологий (ФМХТ);Кафедра «Машиностроение» (МС);15.03.01;Машиностроение;Технология машиностроения;Заочная форма;Бакалавриат
3238;Обучается;4ТМба-1;1;Факультет машиностроительных и химических технологий (ФМХТ);Кафедра «Машиностроение» (МС);15.03.01;Машиностроение;Технология машиностроения;Заочная форма;Бакалавриат
3239;Обучается;4ТМба-1;1;Факультет машиностроительных и химических технологий (ФМХТ);Кафедра «Машиностроение» (МС);15.03.01;Машиностроение;Технология машиностроения;Заочная форма;Бакалавриат
3240;Обучается;4ТМба-1;1;Факультет машиностроительных и химических технологий (ФМХТ);Кафедра «Машиностроение» (МС);15.03.01;Машиностроение;Технология машиностроения;Заочная форма;Бакалавриат
3241;Обучается;4ТМба-1;1;Факультет машиностроительных и химических технологий (ФМХТ);Кафедра «Машиностроение» (МС);15.03.01;Машиностроение;Технология машиностроения;Заочная форма;Бакалавриат
3242;Обучается;4ТМба-1;1;Факультет машиностроительных и химических технологий (ФМХТ);Кафедра «Машиностроение» (МС);15.03.01;Машиностроение;Технология машиностроения;Заочная форма;Бакалавриат
3243;Обучается;4ТМба-1;1;Факультет машиностроительных и химических технологий (ФМХТ);Кафедра «Машиностроение» (МС);15.03.01;Машиностроение;Технология машиностроения;Заочная форма;Бакалавриат
3244;Обучается;4ТМба-1;1;Факультет машиностроительных и химических технологий (ФМХТ);Кафедра «Машиностроение» (МС);15.03.01;Машиностроение;Технология машиностроения;Заочная форма;Бакалавриат
3245;Обучается;4ТМба-1;1;Факультет машиностроительных и химических технологий (ФМХТ);Кафедра «Машиностроение» (МС);15.03.01;Машиностроение;Технология машиностроения;Заочная форма;Бакалавриат
3246;Обучается;4ТМба-1;1;Факультет машиностроительных и химических технологий (ФМХТ);Кафедра «Машиностроение» (МС);15.03.01;Машиностроение;Технология машиностроения;Заочная форма;Бакалавриат
3247;Обучается;4ТМба-1;1;Факультет машиностроительных и химических технологий (ФМХТ);Кафедра «Машиностроение» (МС);15.03.01;Машиностроение;Технология машиностроения;Заочная форма;Бакалавриат
3248;Обучается;4ТМба-1;1;Факультет машиностроительных и химических технологий (ФМХТ);Кафедра «Машиностроение» (МС);15.03.01;Машиностроение;Технология машиностроения;Заочная форма;Бакалавриат
3249;Обучается;4ТМба-1;1;Факультет машиностроительных и химических технологий (ФМХТ);Кафедра «Машиностроение» (МС);15.03.01;Машиностроение;Технология машиностроения;Заочная форма;Бакалавриат
3250;Обучается;4ТМба-1;1;Факультет машиностроительных и химических технологий (ФМХТ);Кафедра «Машиностроение» (МС);15.03.01;Машиностроение;Технология машиностроения;Заочная форма;Бакалавриат
3251;Обучается;4ТМба-1;1;Факультет машиностроительных и химических технологий (ФМХТ);Кафедра «Машиностроение» (МС);15.03.01;Машиностроение;Технология машиностроения;Заочная форма;Бакалавриат
3252;Обучается;4ТМба-2;1;Факультет машиностроительных и химических технологий (ФМХТ);Кафедра «Машиностроение» (МС);15.03.01;Машиностроение;Технология машиностроения;Заочная форма;Бакалавриат
3253;Обучается;4ТМба-2;1;Факультет машиностроительных и химических технологий (ФМХТ);Кафедра «Машиностроение» (МС);15.03.01;Машиностроение;Технология машиностроения;Заочная форма;Бакалавриат
3254;Обучается;4ТМба-2;1;Факультет машиностроительных и химических технологий (ФМХТ);Кафедра «Машиностроение» (МС);15.03.01;Машиностроение;Технология машиностроения;Заочная форма;Бакалавриат
3255;Обучается;4ТМба-2;1;Факультет машиностроительных и химических технологий (ФМХТ);Кафедра «Машиностроение» (МС);15.03.01;Машиностроение;Технология машиностроения;Заочная форма;Бакалавриат
3256;Обучается;4ТМба-2;1;Факультет машиностроительных и химических технологий (ФМХТ);Кафедра «Машиностроение» (МС);15.03.01;Машиностроение;Технология машиностроения;Заочная форма;Бакалавриат
3257;Обучается;4ТМба-2;1;Факультет машиностроительных и химических технологий (ФМХТ);Кафедра «Машиностроение» (МС);15.03.01;Машиностроение;Технология машиностроения;Заочная форма;Бакалавриат
3258;Обучается;4ТМба-2;1;Факультет машиностроительных и химических технологий (ФМХТ);Кафедра «Машиностроение» (МС);15.03.01;Машиностроение;Технология машиностроения;Заочная форма;Бакалавриат
3259;Обучается;4ТМба-2;1;Факультет машиностроительных и химических технологий (ФМХТ);Кафедра «Машиностроение» (МС);15.03.01;Машиностроение;Технология машиностроения;Заочная форма;Бакалавриат
3260;Обучается;4ТМба-2;1;Факультет машиностроительных и химических технологий (ФМХТ);Кафедра «Машиностроение» (МС);15.03.01;Машиностроение;Технология машиностроения;Заочная форма;Бакалавриат
3261;Обучается;4ТМба-2;1;Факультет машиностроительных и химических технологий (ФМХТ);Кафедра «Машиностроение» (МС);15.03.01;Машиностроение;Технология машиностроения;Заочная форма;Бакалавриат
3262;Обучается;4ТМба-2;1;Факультет машиностроительных и химических технологий (ФМХТ);Кафедра «Машиностроение» (МС);15.03.01;Машиностроение;Технология машиностроения;Заочная форма;Бакалавриат
3263;Обучается;4ТМба-2;1;Факультет машиностроительных и химических технологий (ФМХТ);Кафедра «Машиностроение» (МС);15.03.01;Машиностроение;Технология машиностроения;Заочная форма;Бакалавриат
3264;Обучается;4ТМба-2;1;Факультет машиностроительных и химических технологий (ФМХТ);Кафедра «Машиностроение» (МС);15.03.01;Машиностроение;Технология машиностроения;Заочная форма;Бакалавриат
3265;Обучается;4ТМба-2;1;Факультет машиностроительных и химических технологий (ФМХТ);Кафедра «Машиностроение» (МС);15.03.01;Машиностроение;Технология машиностроения;Заочная форма;Бакалавриат
3266;Обучается;4ТМба-2;1;Факультет машиностроительных и химических технологий (ФМХТ);Кафедра «Машиностроение» (МС);15.03.01;Машиностроение;Технология машиностроения;Заочная форма;Бакалавриат
3267;Обучается;4ТМба-2;1;Факультет машиностроительных и химических технологий (ФМХТ);Кафедра «Машиностроение» (МС);15.03.01;Машиностроение;Технология машиностроения;Заочная форма;Бакалавриат
3268;Обучается;4ТМба-2;1;Факультет машиностроительных и химических технологий (ФМХТ);Кафедра «Машиностроение» (МС);15.03.01;Машиностроение;Технология машиностроения;Заочная форма;Бакалавриат
3269;Обучается;4ТМба-2;1;Факультет машиностроительных и химических технологий (ФМХТ);Кафедра «Машиностроение» (МС);15.03.01;Машиностроение;Технология машиностроения;Заочная форма;Бакалавриат
3270;Обучается;4ТМба-2;1;Факультет машиностроительных и химических технологий (ФМХТ);Кафедра «Машиностроение» (МС);15.03.01;Машиностроение;Технология машиностроения;Заочная форма;Бакалавриат
3271;Обучается;4ТМба-2;1;Факультет машиностроительных и химических технологий (ФМХТ);Кафедра «Машиностроение» (МС);15.03.01;Машиностроение;Технология машиностроения;Заочная форма;Бакалавриат
3272;Обучается;4ТМба-2;1;Факультет машиностроительных и химических технологий (ФМХТ);Кафедра «Машиностроение» (МС);15.03.01;Машиностроение;Технология машиностроения;Заочная форма;Бакалавриат
3273;Обучается;4ТМба-2;1;Факультет машиностроительных и химических технологий (ФМХТ);Кафедра «Машиностроение» (МС);15.03.01;Машиностроение;Технология машиностроения;Заочная форма;Бакалавриат
3274;Обучается;4ТМба-2;1;Факультет машиностроительных и химических технологий (ФМХТ);Кафедра «Машиностроение» (МС);15.03.01;Машиностроение;Технология машиностроения;Заочная форма;Бакалавриат
3275;Обучается;4ТМба-2;1;Факультет машиностроительных и химических технологий (ФМХТ);Кафедра «Машиностроение» (МС);15.03.01;Машиностроение;Технология машиностроения;Заочная форма;Бакалавриат
3276;Обучается;4ТМба-2;1;Факультет машиностроительных и химических технологий (ФМХТ);Кафедра «Машиностроение» (МС);15.03.01;Машиностроение;Технология машиностроения;Заочная форма;Бакалавриат
3277;Обучается;4ТМба-2;1;Факультет машиностроительных и химических технологий (ФМХТ);Кафедра «Машиностроение» (МС);15.03.01;Машиностроение;Технология машиностроения;Заочная форма;Бакалавриат
3278;Обучается;4ТМба-2;1;Факультет машиностроительных и химических технологий (ФМХТ);Кафедра «Машиностроение» (МС);15.03.01;Машиностроение;Технология машиностроения;Заочная форма;Бакалавриат
3279;Обучается;4ТМба-2;1;Факультет машиностроительных и химических технологий (ФМХТ);Кафедра «Машиностроение» (МС);15.03.01;Машиностроение;Технология машиностроения;Заочная форма;Бакалавриат
3280;Обучается;3ТМба-1;2;Факультет машиностроительных и химических технологий (ФМХТ);Кафедра «Машиностроение» (МС);15.03.01;Машиностроение;Технология машиностроения;Заочная форма;Бакалавриат
3281;Обучается;3ТМба-1;2;Факультет машиностроительных и химических технологий (ФМХТ);Кафедра «Машиностроение» (МС);15.03.01;Машиностроение;Технология машиностроения;Заочная форма;Бакалавриат
3282;Обучается;3ТМба-1;2;Факультет машиностроительных и химических технологий (ФМХТ);Кафедра «Машиностроение» (МС);15.03.01;Машиностроение;Технология машиностроения;Заочная форма;Бакалавриат
3283;Обучается;3ТМба-1;2;Факультет машиностроительных и химических технологий (ФМХТ);Кафедра «Машиностроение» (МС);15.03.01;Машиностроение;Технология машиностроения;Заочная форма;Бакалавриат
3284;Обучается;3ТМба-1;2;Факультет машиностроительных и химических технологий (ФМХТ);Кафедра «Машиностроение» (МС);15.03.01;Машиностроение;Технология машиностроения;Заочная форма;Бакалавриат
3285;Обучается;3ТМба-1;2;Факультет машиностроительных и химических технологий (ФМХТ);Кафедра «Машиностроение» (МС);15.03.01;Машиностроение;Технология машиностроения;Заочная форма;Бакалавриат
3286;Обучается;3ТМба-1;2;Факультет машиностроительных и химических технологий (ФМХТ);Кафедра «Машиностроение» (МС);15.03.01;Машиностроение;Технология машиностроения;Заочная форма;Бакалавриат
3287;Обучается;3ТМба-1;2;Факультет машиностроительных и химических технологий (ФМХТ);Кафедра «Машиностроение» (МС);15.03.01;Машиностроение;Технология машиностроения;Заочная форма;Бакалавриат
3288;Обучается;3ТМба-1;2;Факультет машиностроительных и химических технологий (ФМХТ);Кафедра «Машиностроение» (МС);15.03.01;Машиностроение;Технология машиностроения;Заочная форма;Бакалавриат
3289;Обучается;3ТМба-1;2;Факультет машиностроительных и химических технологий (ФМХТ);Кафедра «Машиностроение» (МС);15.03.01;Машиностроение;Технология машиностроения;Заочная форма;Бакалавриат
3290;Обучается;3ТМба-1;2;Факультет машиностроительных и химических технологий (ФМХТ);Кафедра «Машиностроение» (МС);15.03.01;Машиностроение;Технология машиностроения;Заочная форма;Бакалавриат
3291;Обучается;3ТМба-1;2;Факультет машиностроительных и химических технологий (ФМХТ);Кафедра «Машиностроение» (МС);15.03.01;Машиностроение;Технология машиностроения;Заочная форма;Бакалавриат
3292;Обучается;3ТМба-1;2;Факультет машиностроительных и химических технологий (ФМХТ);Кафедра «Машиностроение» (МС);15.03.01;Машиностроение;Технология машиностроения;Заочная форма;Бакалавриат
3293;Академический отпуск;3ТМба-1;2;Факультет машиностроительных и химических технологий (ФМХТ);Кафедра «Машиностроение» (МС);15.03.01;Машиностроение;Технология машиностроения;Заочная форма;Бакалавриат
3294;Обучается;3ТМба-1;2;Факультет машиностроительных и химических технологий (ФМХТ);Кафедра «Машиностроение» (МС);15.03.01;Машиностроение;Технология машиностроения;Заочная форма;Бакалавриат
3295;Обучается;3ТМба-1;2;Факультет машиностроительных и химических технологий (ФМХТ);Кафедра «Машиностроение» (МС);15.03.01;Машиностроение;Технология машиностроения;Заочная форма;Бакалавриат
3296;Обучается;3ТМба-1;2;Факультет машиностроительных и химических технологий (ФМХТ);Кафедра «Машиностроение» (МС);15.03.01;Машиностроение;Технология машиностроения;Заочная форма;Бакалавриат
3297;Обучается;3ТМба-1;2;Факультет машиностроительных и химических технологий (ФМХТ);Кафедра «Машиностроение» (МС);15.03.01;Машиностроение;Технология машиностроения;Заочная форма;Бакалавриат
3298;Академический отпуск;3ТМба-1;2;Факультет машиностроительных и химических технологий (ФМХТ);Кафедра «Машиностроение» (МС);15.03.01;Машиностроение;Технология машиностроения;Заочная форма;Бакалавриат
3299;Обучается;3ТМба-1;2;Факультет машиностроительных и химических технологий (ФМХТ);Кафедра «Машиностроение» (МС);15.03.01;Машиностроение;Технология машиностроения;Заочная форма;Бакалавриат
3300;Обучается;3ТМба-1;2;Факультет машиностроительных и химических технологий (ФМХТ);Кафедра «Машиностроение» (МС);15.03.01;Машиностроение;Технология машиностроения;Заочная форма;Бакалавриат
3301;Обучается;3ТМба-1;2;Факультет машиностроительных и химических технологий (ФМХТ);Кафедра «Машиностроение» (МС);15.03.01;Машиностроение;Технология машиностроения;Заочная форма;Бакалавриат
3302;Обучается;3ТМба-1;2;Факультет машиностроительных и химических технологий (ФМХТ);Кафедра «Машиностроение» (МС);15.03.01;Машиностроение;Технология машиностроения;Заочная форма;Бакалавриат
3303;Обучается;3ТМба-1;2;Факультет машиностроительных и химических технологий (ФМХТ);Кафедра «Машиностроение» (МС);15.03.01;Машиностроение;Технология машиностроения;Заочная форма;Бакалавриат
3304;Обучается;3ТМба-1;2;Факультет машиностроительных и химических технологий (ФМХТ);Кафедра «Машиностроение» (МС);15.03.01;Машиностроение;Технология машиностроения;Заочная форма;Бакалавриат
3305;Академический отпуск;3ТМба-1;2;Факультет машиностроительных и химических технологий (ФМХТ);Кафедра «Машиностроение» (МС);15.03.01;Машиностроение;Технология машиностроения;Заочная форма;Бакалавриат
3306;Обучается;3ТМба-1;2;Факультет машиностроительных и химических технологий (ФМХТ);Кафедра «Машиностроение» (МС);15.03.01;Машиностроение;Технология машиностроения;Заочная форма;Бакалавриат
3307;Обучается;3ТМба-1;2;Факультет машиностроительных и химических технологий (ФМХТ);Кафедра «Машиностроение» (МС);15.03.01;Машиностроение;Технология машиностроения;Заочная форма;Бакалавриат
3308;Академический отпуск;3ТМба-1;2;Факультет машиностроительных и химических технологий (ФМХТ);Кафедра «Машиностроение» (МС);15.03.01;Машиностроение;Технология машиностроения;Заочная форма;Бакалавриат
3309;Академический отпуск;3ТМба-1;2;Факультет машиностроительных и химических технологий (ФМХТ);Кафедра «Машиностроение» (МС);15.03.01;Машиностроение;Технология машиностроения;Заочная форма;Бакалавриат
3310;Обучается;3ТМба-1;2;Факультет машиностроительных и химических технологий (ФМХТ);Кафедра «Машиностроение» (МС);15.03.01;Машиностроение;Технология машиностроения;Заочная форма;Бакалавриат
3311;Обучается;3ТМба-1;2;Факультет машиностроительных и химических технологий (ФМХТ);Кафедра «Машиностроение» (МС);15.03.01;Машиностроение;Технология машиностроения;Заочная форма;Бакалавриат
3312;Обучается;3ТМба-1;2;Факультет машиностроительных и химических технологий (ФМХТ);Кафедра «Машиностроение» (МС);15.03.01;Машиностроение;Технология машиностроения;Заочная форма;Бакалавриат
3313;Обучается;2ТМба-1;3;Факультет машиностроительных и химических технологий (ФМХТ);Кафедра «Машиностроение» (МС);15.03.01;Машиностроение;Технология машиностроения;Заочная форма;Бакалавриат
3314;Обучается;2ТМба-1;3;Факультет машиностроительных и химических технологий (ФМХТ);Кафедра «Машиностроение» (МС);15.03.01;Машиностроение;Технология машиностроения;Заочная форма;Бакалавриат
3315;Обучается;2ТМба-1;3;Факультет машиностроительных и химических технологий (ФМХТ);Кафедра «Машиностроение» (МС);15.03.01;Машиностроение;Технология машиностроения;Заочная форма;Бакалавриат
3316;Обучается;2ТМба-1;3;Факультет машиностроительных и химических технологий (ФМХТ);Кафедра «Машиностроение» (МС);15.03.01;Машиностроение;Технология машиностроения;Заочная форма;Бакалавриат
3317;Обучается;2ТМба-1;3;Факультет машиностроительных и химических технологий (ФМХТ);Кафедра «Машиностроение» (МС);15.03.01;Машиностроение;Технология машиностроения;Заочная форма;Бакалавриат
3318;Обучается;2ТМба-1;3;Факультет машиностроительных и химических технологий (ФМХТ);Кафедра «Машиностроение» (МС);15.03.01;Машиностроение;Технология машиностроения;Заочная форма;Бакалавриат
3319;Обучается;2ТМба-1;3;Факультет машиностроительных и химических технологий (ФМХТ);Кафедра «Машиностроение» (МС);15.03.01;Машиностроение;Технология машиностроения;Заочная форма;Бакалавриат
3320;Обучается;2ТМба-1;3;Факультет машиностроительных и химических технологий (ФМХТ);Кафедра «Машиностроение» (МС);15.03.01;Машиностроение;Технология машиностроения;Заочная форма;Бакалавриат
3321;Обучается;2ТМба-1;3;Факультет машиностроительных и химических технологий (ФМХТ);Кафедра «Машиностроение» (МС);15.03.01;Машиностроение;Технология машиностроения;Заочная форма;Бакалавриат
3322;Академический отпуск;2ТМба-1;3;Факультет машиностроительных и химических технологий (ФМХТ);Кафедра «Машиностроение» (МС);15.03.01;Машиностроение;Технология машиностроения;Заочная форма;Бакалавриат
3323;Обучается;2ТМба-1;3;Факультет машиностроительных и химических технологий (ФМХТ);Кафедра «Машиностроение» (МС);15.03.01;Машиностроение;Технология машиностроения;Заочная форма;Бакалавриат
3324;Обучается;2ТМба-1;3;Факультет машиностроительных и химических технологий (ФМХТ);Кафедра «Машиностроение» (МС);15.03.01;Машиностроение;Технология машиностроения;Заочная форма;Бакалавриат
3325;Обучается;2ТМба-1;3;Факультет машиностроительных и химических технологий (ФМХТ);Кафедра «Машиностроение» (МС);15.03.01;Машиностроение;Технология машиностроения;Заочная форма;Бакалавриат
3326;Обучается;2ТМба-1;3;Факультет машиностроительных и химических технологий (ФМХТ);Кафедра «Машиностроение» (МС);15.03.01;Машиностроение;Технология машиностроения;Заочная форма;Бакалавриат
3327;Обучается;2ТМба-1;3;Факультет машиностроительных и химических технологий (ФМХТ);Кафедра «Машиностроение» (МС);15.03.01;Машиностроение;Технология машиностроения;Заочная форма;Бакалавриат
3328;Обучается;2ТМба-1;3;Факультет машиностроительных и химических технологий (ФМХТ);Кафедра «Машиностроение» (МС);15.03.01;Машиностроение;Технология машиностроения;Заочная форма;Бакалавриат
3329;Обучается;2ТМба-1;3;Факультет машиностроительных и химических технологий (ФМХТ);Кафедра «Машиностроение» (МС);15.03.01;Машиностроение;Технология машиностроения;Заочная форма;Бакалавриат
3330;Обучается;2ТМба-1;3;Факультет машиностроительных и химических технологий (ФМХТ);Кафедра «Машиностроение» (МС);15.03.01;Машиностроение;Технология машиностроения;Заочная форма;Бакалавриат
3331;Обучается;2ТМба-1;3;Факультет машиностроительных и химических технологий (ФМХТ);Кафедра «Машиностроение» (МС);15.03.01;Машиностроение;Технология машиностроения;Заочная форма;Бакалавриат
3332;Обучается;2ТМба-1;3;Факультет машиностроительных и химических технологий (ФМХТ);Кафедра «Машиностроение» (МС);15.03.01;Машиностроение;Технология машиностроения;Заочная форма;Бакалавриат
3333;Обучается;2ТМба-1;3;Факультет машиностроительных и химических технологий (ФМХТ);Кафедра «Машиностроение» (МС);15.03.01;Машиностроение;Технология машиностроения;Заочная форма;Бакалавриат
3334;Обучается;2ТМба-1;3;Факультет машиностроительных и химических технологий (ФМХТ);Кафедра «Машиностроение» (МС);15.03.01;Машиностроение;Технология машиностроения;Заочная форма;Бакалавриат
3335;Обучается;2ТМба-1;3;Факультет машиностроительных и химических технологий (ФМХТ);Кафедра «Машиностроение» (МС);15.03.01;Машиностроение;Технология машиностроения;Заочная форма;Бакалавриат
3336;Обучается;2ТМба-1;3;Факультет машиностроительных и химических технологий (ФМХТ);Кафедра «Машиностроение» (МС);15.03.01;Машиностроение;Технология машиностроения;Заочная форма;Бакалавриат
3337;Обучается;2ТМба-1;3;Факультет машиностроительных и химических технологий (ФМХТ);Кафедра «Машиностроение» (МС);15.03.01;Машиностроение;Технология машиностроения;Заочная форма;Бакалавриат
3338;Обучается;2ТМба-1;3;Факультет машиностроительных и химических технологий (ФМХТ);Кафедра «Машиностроение» (МС);15.03.01;Машиностроение;Технология машиностроения;Заочная форма;Бакалавриат
3339;Обучается;1ТМба-1;4;Факультет машиностроительных и химических технологий (ФМХТ);Кафедра «Машиностроение» (МС);15.03.01;Машиностроение;Технология машиностроения;Заочная форма;Бакалавриат
3340;Обучается;1ТМба-1;4;Факультет машиностроительных и химических технологий (ФМХТ);Кафедра «Машиностроение» (МС);15.03.01;Машиностроение;Технология машиностроения;Заочная форма;Бакалавриат
3341;Академический отпуск;1ТМба-1;4;Факультет машиностроительных и химических технологий (ФМХТ);Кафедра «Машиностроение» (МС);15.03.01;Машиностроение;Технология машиностроения;Заочная форма;Бакалавриат
3342;Обучается;1ТМба-1;4;Факультет машиностроительных и химических технологий (ФМХТ);Кафедра «Машиностроение» (МС);15.03.01;Машиностроение;Технология машиностроения;Заочная форма;Бакалавриат
3343;Обучается;1ТМба-1;4;Факультет машиностроительных и химических технологий (ФМХТ);Кафедра «Машиностроение» (МС);15.03.01;Машиностроение;Технология машиностроения;Заочная форма;Бакалавриат
3344;Обучается;1ТМба-1;4;Факультет машиностроительных и химических технологий (ФМХТ);Кафедра «Машиностроение» (МС);15.03.01;Машиностроение;Технология машиностроения;Заочная форма;Бакалавриат
3345;Обучается;1ТМба-1;4;Факультет машиностроительных и химических технологий (ФМХТ);Кафедра «Машиностроение» (МС);15.03.01;Машиностроение;Технология машиностроения;Заочная форма;Бакалавриат
3346;Обучается;1ТМба-1;4;Факультет машиностроительных и химических технологий (ФМХТ);Кафедра «Машиностроение» (МС);15.03.01;Машиностроение;Технология машиностроения;Заочная форма;Бакалавриат
3347;Обучается;1ТМба-1;4;Факультет машиностроительных и химических технологий (ФМХТ);Кафедра «Машиностроение» (МС);15.03.01;Машиностроение;Технология машиностроения;Заочная форма;Бакалавриат
3348;Обучается;1ТМба-1;4;Факультет машиностроительных и химических технологий (ФМХТ);Кафедра «Машиностроение» (МС);15.03.01;Машиностроение;Технология машиностроения;Заочная форма;Бакалавриат
3349;Обучается;1ТМба-1;4;Факультет машиностроительных и химических технологий (ФМХТ);Кафедра «Машиностроение» (МС);15.03.01;Машиностроение;Технология машиностроения;Заочная форма;Бакалавриат
3350;Обучается;1ТМба-1;4;Факультет машиностроительных и химических технологий (ФМХТ);Кафедра «Машиностроение» (МС);15.03.01;Машиностроение;Технология машиностроения;Заочная форма;Бакалавриат
3351;Обучается;1ТМба-1;4;Факультет машиностроительных и химических технологий (ФМХТ);Кафедра «Машиностроение» (МС);15.03.01;Машиностроение;Технология машиностроения;Заочная форма;Бакалавриат
3352;Обучается;1ТМба-1;4;Факультет машиностроительных и химических технологий (ФМХТ);Кафедра «Машиностроение» (МС);15.03.01;Машиностроение;Технология машиностроения;Заочная форма;Бакалавриат
3353;Обучается;1ТМба-1;4;Факультет машиностроительных и химических технологий (ФМХТ);Кафедра «Машиностроение» (МС);15.03.01;Машиностроение;Технология машиностроения;Заочная форма;Бакалавриат
3354;Обучается;1ТМба-1;4;Факультет машиностроительных и химических технологий (ФМХТ);Кафедра «Машиностроение» (МС);15.03.01;Машиностроение;Технология машиностроения;Заочная форма;Бакалавриат
3355;Обучается;1ТМба-1;4;Факультет машиностроительных и химических технологий (ФМХТ);Кафедра «Машиностроение» (МС);15.03.01;Машиностроение;Технология машиностроения;Заочная форма;Бакалавриат
3356;Обучается;1ТМба-1;4;Факультет машиностроительных и химических технологий (ФМХТ);Кафедра «Машиностроение» (МС);15.03.01;Машиностроение;Технология машиностроения;Заочная форма;Бакалавриат
3357;Обучается;1ТМба-1;4;Факультет машиностроительных и химических технологий (ФМХТ);Кафедра «Машиностроение» (МС);15.03.01;Машиностроение;Технология машиностроения;Заочная форма;Бакалавриат
3358;Обучается;1ТМба-1;4;Факультет машиностроительных и химических технологий (ФМХТ);Кафедра «Машиностроение» (МС);15.03.01;Машиностроение;Технология машиностроения;Заочная форма;Бакалавриат
3359;Обучается;1ТМба-1;4;Факультет машиностроительных и химических технологий (ФМХТ);Кафедра «Машиностроение» (МС);15.03.01;Машиностроение;Технология машиностроения;Заочная форма;Бакалавриат
3360;Академический отпуск;1ТМба-1;4;Факультет машиностроительных и химических технологий (ФМХТ);Кафедра «Машиностроение» (МС);15.03.01;Машиностроение;Технология машиностроения;Заочная форма;Бакалавриат
3361;Обучается;1ТМба-1;4;Факультет машиностроительных и химических технологий (ФМХТ);Кафедра «Машиностроение» (МС);15.03.01;Машиностроение;Технология машиностроения;Заочная форма;Бакалавриат
3362;Обучается;1ТМба-1;4;Факультет машиностроительных и химических технологий (ФМХТ);Кафедра «Машиностроение» (МС);15.03.01;Машиностроение;Технология машиностроения;Заочная форма;Бакалавриат
3363;Обучается;1ТМба-1;4;Факультет машиностроительных и химических технологий (ФМХТ);Кафедра «Машиностроение» (МС);15.03.01;Машиностроение;Технология машиностроения;Заочная форма;Бакалавриат
3364;Обучается;1ТМба-1;4;Факультет машиностроительных и химических технологий (ФМХТ);Кафедра «Машиностроение» (МС);15.03.01;Машиностроение;Технология машиностроения;Заочная форма;Бакалавриат
3365;Обучается;3ОНба-1;2;Факультет машиностроительных и химических технологий (ФМХТ);Кафедра «Машиностроение» (МС);15.03.02;Технологические машины и оборудование;Оборудование нефтегазопереработки;Заочная форма;Бакалавриат
3366;Обучается;3ОНба-1;2;Факультет машиностроительных и химических технологий (ФМХТ);Кафедра «Машиностроение» (МС);15.03.02;Технологические машины и оборудование;Оборудование нефтегазопереработки;Заочная форма;Бакалавриат
3367;Обучается;3ОНба-1;2;Факультет машиностроительных и химических технологий (ФМХТ);Кафедра «Машиностроение» (МС);15.03.02;Технологические машины и оборудование;Оборудование нефтегазопереработки;Заочная форма;Бакалавриат
3368;Обучается;3ОНба-1;2;Факультет машиностроительных и химических технологий (ФМХТ);Кафедра «Машиностроение» (МС);15.03.02;Технологические машины и оборудование;Оборудование нефтегазопереработки;Заочная форма;Бакалавриат
3369;Обучается;3ОНба-1;2;Факультет машиностроительных и химических технологий (ФМХТ);Кафедра «Машиностроение» (МС);15.03.02;Технологические машины и оборудование;Оборудование нефтегазопереработки;Заочная форма;Бакалавриат
3370;Обучается;3ОНба-1;2;Факультет машиностроительных и химических технологий (ФМХТ);Кафедра «Машиностроение» (МС);15.03.02;Технологические машины и оборудование;Оборудование нефтегазопереработки;Заочная форма;Бакалавриат
3371;Обучается;3ОНба-1;2;Факультет машиностроительных и химических технологий (ФМХТ);Кафедра «Машиностроение» (МС);15.03.02;Технологические машины и оборудование;Оборудование нефтегазопереработки;Заочная форма;Бакалавриат
3372;Обучается;3ОНба-1;2;Факультет машиностроительных и химических технологий (ФМХТ);Кафедра «Машиностроение» (МС);15.03.02;Технологические машины и оборудование;Оборудование нефтегазопереработки;Заочная форма;Бакалавриат
3373;Обучается;3ОНба-1;2;Факультет машиностроительных и химических технологий (ФМХТ);Кафедра «Машиностроение» (МС);15.03.02;Технологические машины и оборудование;Оборудование нефтегазопереработки;Заочная форма;Бакалавриат
3374;Обучается;3ОНба-1;2;Факультет машиностроительных и химических технологий (ФМХТ);Кафедра «Машиностроение» (МС);15.03.02;Технологические машины и оборудование;Оборудование нефтегазопереработки;Заочная форма;Бакалавриат
3375;Обучается;3ОНба-1;2;Факультет машиностроительных и химических технологий (ФМХТ);Кафедра «Машиностроение» (МС);15.03.02;Технологические машины и оборудование;Оборудование нефтегазопереработки;Заочная форма;Бакалавриат
3376;Обучается;3ОНба-1;2;Факультет машиностроительных и химических технологий (ФМХТ);Кафедра «Машиностроение» (МС);15.03.02;Технологические машины и оборудование;Оборудование нефтегазопереработки;Заочная форма;Бакалавриат
3377;Обучается;3ОНба-1;2;Факультет машиностроительных и химических технологий (ФМХТ);Кафедра «Машиностроение» (МС);15.03.02;Технологические машины и оборудование;Оборудование нефтегазопереработки;Заочная форма;Бакалавриат
3378;Обучается;3ОНба-1;2;Факультет машиностроительных и химических технологий (ФМХТ);Кафедра «Машиностроение» (МС);15.03.02;Технологические машины и оборудование;Оборудование нефтегазопереработки;Заочная форма;Бакалавриат
3379;Обучается;3ОНба-1;2;Факультет машиностроительных и химических технологий (ФМХТ);Кафедра «Машиностроение» (МС);15.03.02;Технологические машины и оборудование;Оборудование нефтегазопереработки;Заочная форма;Бакалавриат
3380;Обучается;3ОНба-1;2;Факультет машиностроительных и химических технологий (ФМХТ);Кафедра «Машиностроение» (МС);15.03.02;Технологические машины и оборудование;Оборудование нефтегазопереработки;Заочная форма;Бакалавриат
3381;Обучается;3ОНба-1;2;Факультет машиностроительных и химических технологий (ФМХТ);Кафедра «Машиностроение» (МС);15.03.02;Технологические машины и оборудование;Оборудование нефтегазопереработки;Заочная форма;Бакалавриат
3382;Обучается;2ОНба-1;3;Факультет машиностроительных и химических технологий (ФМХТ);Кафедра «Машиностроение» (МС);15.03.02;Технологические машины и оборудование;Оборудование нефтегазопереработки;Заочная форма;Бакалавриат
3383;Обучается;2ОНба-1;3;Факультет машиностроительных и химических технологий (ФМХТ);Кафедра «Машиностроение» (МС);15.03.02;Технологические машины и оборудование;Оборудование нефтегазопереработки;Заочная форма;Бакалавриат
3384;Обучается;2ОНба-1;3;Факультет машиностроительных и химических технологий (ФМХТ);Кафедра «Машиностроение» (МС);15.03.02;Технологические машины и оборудование;Оборудование нефтегазопереработки;Заочная форма;Бакалавриат
3385;Обучается;2ОНба-1;3;Факультет машиностроительных и химических технологий (ФМХТ);Кафедра «Машиностроение» (МС);15.03.02;Технологические машины и оборудование;Оборудование нефтегазопереработки;Заочная форма;Бакалавриат
3386;Обучается;2ОНба-1;3;Факультет машиностроительных и химических технологий (ФМХТ);Кафедра «Машиностроение» (МС);15.03.02;Технологические машины и оборудование;Оборудование нефтегазопереработки;Заочная форма;Бакалавриат
3387;Обучается;2ОНба-1;3;Факультет машиностроительных и химических технологий (ФМХТ);Кафедра «Машиностроение» (МС);15.03.02;Технологические машины и оборудование;Оборудование нефтегазопереработки;Заочная форма;Бакалавриат
3388;Обучается;2ОНба-1;3;Факультет машиностроительных и химических технологий (ФМХТ);Кафедра «Машиностроение» (МС);15.03.02;Технологические машины и оборудование;Оборудование нефтегазопереработки;Заочная форма;Бакалавриат
3389;Обучается;2ОНба-1;3;Факультет машиностроительных и химических технологий (ФМХТ);Кафедра «Машиностроение» (МС);15.03.02;Технологические машины и оборудование;Оборудование нефтегазопереработки;Заочная форма;Бакалавриат
3390;Обучается;2ОНба-1;3;Факультет машиностроительных и химических технологий (ФМХТ);Кафедра «Машиностроение» (МС);15.03.02;Технологические машины и оборудование;Оборудование нефтегазопереработки;Заочная форма;Бакалавриат
3391;Обучается;2ОНба-1;3;Факультет машиностроительных и химических технологий (ФМХТ);Кафедра «Машиностроение» (МС);15.03.02;Технологические машины и оборудование;Оборудование нефтегазопереработки;Заочная форма;Бакалавриат
3392;Обучается;2ОНба-1;3;Факультет машиностроительных и химических технологий (ФМХТ);Кафедра «Машиностроение» (МС);15.03.02;Технологические машины и оборудование;Оборудование нефтегазопереработки;Заочная форма;Бакалавриат
3393;Обучается;2ОНба-1;3;Факультет машиностроительных и химических технологий (ФМХТ);Кафедра «Машиностроение» (МС);15.03.02;Технологические машины и оборудование;Оборудование нефтегазопереработки;Заочная форма;Бакалавриат
3394;Обучается;2ОНба-1;3;Факультет машиностроительных и химических технологий (ФМХТ);Кафедра «Машиностроение» (МС);15.03.02;Технологические машины и оборудование;Оборудование нефтегазопереработки;Заочная форма;Бакалавриат
3395;Обучается;2ОНба-1;3;Факультет машиностроительных и химических технологий (ФМХТ);Кафедра «Машиностроение» (МС);15.03.02;Технологические машины и оборудование;Оборудование нефтегазопереработки;Заочная форма;Бакалавриат
3396;Обучается;2ОНба-1;3;Факультет машиностроительных и химических технологий (ФМХТ);Кафедра «Машиностроение» (МС);15.03.02;Технологические машины и оборудование;Оборудование нефтегазопереработки;Заочная форма;Бакалавриат
3397;Обучается;2ОНба-1;3;Факультет машиностроительных и химических технологий (ФМХТ);Кафедра «Машиностроение» (МС);15.03.02;Технологические машины и оборудование;Оборудование нефтегазопереработки;Заочная форма;Бакалавриат
3398;Обучается;2ОНба-1;3;Факультет машиностроительных и химических технологий (ФМХТ);Кафедра «Машиностроение» (МС);15.03.02;Технологические машины и оборудование;Оборудование нефтегазопереработки;Заочная форма;Бакалавриат
3399;Обучается;1ОНба-1;4;Факультет машиностроительных и химических технологий (ФМХТ);Кафедра «Машиностроение» (МС);15.03.02;Технологические машины и оборудование;Оборудование нефтегазопереработки;Заочная форма;Бакалавриат
3400;Обучается;1ОНба-1;4;Факультет машиностроительных и химических технологий (ФМХТ);Кафедра «Машиностроение» (МС);15.03.02;Технологические машины и оборудование;Оборудование нефтегазопереработки;Заочная форма;Бакалавриат
3401;Обучается;1ОНба-1;4;Факультет машиностроительных и химических технологий (ФМХТ);Кафедра «Машиностроение» (МС);15.03.02;Технологические машины и оборудование;Оборудование нефтегазопереработки;Заочная форма;Бакалавриат
3402;Обучается;1ОНба-1;4;Факультет машиностроительных и химических технологий (ФМХТ);Кафедра «Машиностроение» (МС);15.03.02;Технологические машины и оборудование;Оборудование нефтегазопереработки;Заочная форма;Бакалавриат
3403;Обучается;1ОНба-1;4;Факультет машиностроительных и химических технологий (ФМХТ);Кафедра «Машиностроение» (МС);15.03.02;Технологические машины и оборудование;Оборудование нефтегазопереработки;Заочная форма;Бакалавриат
3404;Обучается;1ОНба-1;4;Факультет машиностроительных и химических технологий (ФМХТ);Кафедра «Машиностроение» (МС);15.03.02;Технологические машины и оборудование;Оборудование нефтегазопереработки;Заочная форма;Бакалавриат
3405;Обучается;1ОНба-1;4;Факультет машиностроительных и химических технологий (ФМХТ);Кафедра «Машиностроение» (МС);15.03.02;Технологические машины и оборудование;Оборудование нефтегазопереработки;Заочная форма;Бакалавриат
3406;Обучается;1ОНба-1;4;Факультет машиностроительных и химических технологий (ФМХТ);Кафедра «Машиностроение» (МС);15.03.02;Технологические машины и оборудование;Оборудование нефтегазопереработки;Заочная форма;Бакалавриат
3407;Обучается;1ОНба-1;4;Факультет машиностроительных и химических технологий (ФМХТ);Кафедра «Машиностроение» (МС);15.03.02;Технологические машины и оборудование;Оборудование нефтегазопереработки;Заочная форма;Бакалавриат
3408;Обучается;1ОНба-1;4;Факультет машиностроительных и химических технологий (ФМХТ);Кафедра «Машиностроение» (МС);15.03.02;Технологические машины и оборудование;Оборудование нефтегазопереработки;Заочная форма;Бакалавриат
3409;Обучается;1ОНба-1;4;Факультет машиностроительных и химических технологий (ФМХТ);Кафедра «Машиностроение» (МС);15.03.02;Технологические машины и оборудование;Оборудование нефтегазопереработки;Заочная форма;Бакалавриат
3410;Обучается;1ОНба-1;4;Факультет машиностроительных и химических технологий (ФМХТ);Кафедра «Машиностроение» (МС);15.03.02;Технологические машины и оборудование;Оборудование нефтегазопереработки;Заочная форма;Бакалавриат
3411;Обучается;1ОНба-1;4;Факультет машиностроительных и химических технологий (ФМХТ);Кафедра «Машиностроение» (МС);15.03.02;Технологические машины и оборудование;Оборудование нефтегазопереработки;Заочная форма;Бакалавриат
3412;Обучается;1ОНба-1;4;Факультет машиностроительных и химических технологий (ФМХТ);Кафедра «Машиностроение» (МС);15.03.02;Технологические машины и оборудование;Оборудование нефтегазопереработки;Заочная форма;Бакалавриат
3413;Обучается;1ОНба-1;4;Факультет машиностроительных и химических технологий (ФМХТ);Кафедра «Машиностроение» (МС);15.03.02;Технологические машины и оборудование;Оборудование нефтегазопереработки;Заочная форма;Бакалавриат
3414;Обучается;1ОНба-1;4;Факультет машиностроительных и химических технологий (ФМХТ);Кафедра «Машиностроение» (МС);15.03.02;Технологические машины и оборудование;Оборудование нефтегазопереработки;Заочная форма;Бакалавриат
3415;Обучается;1ОНба-1;4;Факультет машиностроительных и химических технологий (ФМХТ);Кафедра «Машиностроение» (МС);15.03.02;Технологические машины и оборудование;Оборудование нефтегазопереработки;Заочная форма;Бакалавриат
3416;Обучается;1ОНба-1;4;Факультет машиностроительных и химических технологий (ФМХТ);Кафедра «Машиностроение» (МС);15.03.02;Технологические машины и оборудование;Оборудование нефтегазопереработки;Заочная форма;Бакалавриат
3417;Обучается;1ОНба-1;4;Факультет машиностроительных и химических технологий (ФМХТ);Кафедра «Машиностроение» (МС);15.03.02;Технологические машины и оборудование;Оборудование нефтегазопереработки;Заочная форма;Бакалавриат
3418;Обучается;1ОНба-1;4;Факультет машиностроительных и химических технологий (ФМХТ);Кафедра «Машиностроение» (МС);15.03.02;Технологические машины и оборудование;Оборудование нефтегазопереработки;Заочная форма;Бакалавриат
3419;Академический отпуск;0ТМба-1;;Факультет машиностроительных и химических технологий (ФМХТ);Кафедра «Машиностроение» (МС);15.03.05;Конструкторско-технологическое обеспечение машиностроительных производств;Технология машиностроения;Заочная форма;Бакалавриат
3420;Академический отпуск;0ТМба-1;;Факультет машиностроительных и химических технологий (ФМХТ);Кафедра «Машиностроение» (МС);15.03.05;Конструкторско-технологическое обеспечение машиностроительных производств;Технология машиностроения;Заочная форма;Бакалавриат
3421;Обучается;4ОНба-1;1;Факультет машиностроительных и химических технологий (ФМХТ);Кафедра «Машиностроение» (МС);18.03.02;Энерго- и ресурсосберегающие процессы в химической технологии, нефтехимии и биотехнологии;Оборудование нефтегазопереработки;Заочная форма;Бакалавриат
3422;Обучается;4ОНба-1;1;Факультет машиностроительных и химических технологий (ФМХТ);Кафедра «Машиностроение» (МС);18.03.02;Энерго- и ресурсосберегающие процессы в химической технологии, нефтехимии и биотехнологии;Оборудование нефтегазопереработки;Заочная форма;Бакалавриат
3423;Обучается;4ОНба-1;1;Факультет машиностроительных и химических технологий (ФМХТ);Кафедра «Машиностроение» (МС);18.03.02;Энерго- и ресурсосберегающие процессы в химической технологии, нефтехимии и биотехнологии;Оборудование нефтегазопереработки;Заочная форма;Бакалавриат
3424;Обучается;4ОНба-1;1;Факультет машиностроительных и химических технологий (ФМХТ);Кафедра «Машиностроение» (МС);18.03.02;Энерго- и ресурсосберегающие процессы в химической технологии, нефтехимии и биотехнологии;Оборудование нефтегазопереработки;Заочная форма;Бакалавриат
3425;Обучается;4ОНба-1;1;Факультет машиностроительных и химических технологий (ФМХТ);Кафедра «Машиностроение» (МС);18.03.02;Энерго- и ресурсосберегающие процессы в химической технологии, нефтехимии и биотехнологии;Оборудование нефтегазопереработки;Заочная форма;Бакалавриат
3426;Обучается;4ОНба-1;1;Факультет машиностроительных и химических технологий (ФМХТ);Кафедра «Машиностроение» (МС);18.03.02;Энерго- и ресурсосберегающие процессы в химической технологии, нефтехимии и биотехнологии;Оборудование нефтегазопереработки;Заочная форма;Бакалавриат
3427;Обучается;4ОНба-1;1;Факультет машиностроительных и химических технологий (ФМХТ);Кафедра «Машиностроение» (МС);18.03.02;Энерго- и ресурсосберегающие процессы в химической технологии, нефтехимии и биотехнологии;Оборудование нефтегазопереработки;Заочная форма;Бакалавриат
3428;Обучается;4ОНба-1;1;Факультет машиностроительных и химических технологий (ФМХТ);Кафедра «Машиностроение» (МС);18.03.02;Энерго- и ресурсосберегающие процессы в химической технологии, нефтехимии и биотехнологии;Оборудование нефтегазопереработки;Заочная форма;Бакалавриат
3429;Обучается;4ОНма-1;1;Факультет машиностроительных и химических технологий (ФМХТ);Кафедра «Машиностроение» (МС);15.04.02;Технологические машины и оборудование;Оборудование нефтегазопереработки;Заочная форма;Магистратура
3430;Обучается;4ОНма-1;1;Факультет машиностроительных и химических технологий (ФМХТ);Кафедра «Машиностроение» (МС);15.04.02;Технологические машины и оборудование;Оборудование нефтегазопереработки;Заочная форма;Магистратура
3431;Обучается;4ОНма-1;1;Факультет машиностроительных и химических технологий (ФМХТ);Кафедра «Машиностроение» (МС);15.04.02;Технологические машины и оборудование;Оборудование нефтегазопереработки;Заочная форма;Магистратура
3432;Обучается;4ОНма-1;1;Факультет машиностроительных и химических технологий (ФМХТ);Кафедра «Машиностроение» (МС);15.04.02;Технологические машины и оборудование;Оборудование нефтегазопереработки;Заочная форма;Магистратура
3433;Обучается;4ОНма-1;1;Факультет машиностроительных и химических технологий (ФМХТ);Кафедра «Машиностроение» (МС);15.04.02;Технологические машины и оборудование;Оборудование нефтегазопереработки;Заочная форма;Магистратура
3434;Обучается;4ОНма-1;1;Факультет машиностроительных и химических технологий (ФМХТ);Кафедра «Машиностроение» (МС);15.04.02;Технологические машины и оборудование;Оборудование нефтегазопереработки;Заочная форма;Магистратура
3435;Обучается;3ОНма-1;2;Факультет машиностроительных и химических технологий (ФМХТ);Кафедра «Машиностроение» (МС);15.04.02;Технологические машины и оборудование;Оборудование нефтегазопереработки;Заочная форма;Магистратура
3436;Обучается;3ОНма-1;2;Факультет машиностроительных и химических технологий (ФМХТ);Кафедра «Машиностроение» (МС);15.04.02;Технологические машины и оборудование;Оборудование нефтегазопереработки;Заочная форма;Магистратура
3437;Обучается;3ОНма-1;2;Факультет машиностроительных и химических технологий (ФМХТ);Кафедра «Машиностроение» (МС);15.04.02;Технологические машины и оборудование;Оборудование нефтегазопереработки;Заочная форма;Магистратура
3438;Обучается;3ОНма-1;2;Факультет машиностроительных и химических технологий (ФМХТ);Кафедра «Машиностроение» (МС);15.04.02;Технологические машины и оборудование;Оборудование нефтегазопереработки;Заочная форма;Магистратура
3439;Обучается;3ОНма-1;2;Факультет машиностроительных и химических технологий (ФМХТ);Кафедра «Машиностроение» (МС);15.04.02;Технологические машины и оборудование;Оборудование нефтегазопереработки;Заочная форма;Магистратура
3440;Обучается;3ОНма-1;2;Факультет машиностроительных и химических технологий (ФМХТ);Кафедра «Машиностроение» (МС);15.04.02;Технологические машины и оборудование;Оборудование нефтегазопереработки;Заочная форма;Магистратура
3441;Академический отпуск;0ОСба-1;;Факультет машиностроительных и химических технологий (ФМХТ);Кафедра «Технология сварочного и металлургического производства имени В.И. Муравьева» (ТСМП имени В.И. Муравьева);15.03.01;Машиностроение;Оборудование и технология сварочного производства;Заочная форма;Бакалавриат
3442;Обучается;4ОСба-1;1;Факультет машиностроительных и химических технологий (ФМХТ);Кафедра «Технология сварочного и металлургического производства имени В.И. Муравьева» (ТСМП имени В.И. Муравьева);15.03.01;Машиностроение;Оборудование и технология сварочного производства;Заочная форма;Бакалавриат
3443;Обучается;4ОСба-1;1;Факультет машиностроительных и химических технологий (ФМХТ);Кафедра «Технология сварочного и металлургического производства имени В.И. Муравьева» (ТСМП имени В.И. Муравьева);15.03.01;Машиностроение;Оборудование и технология сварочного производства;Заочная форма;Бакалавриат
3444;Обучается;4ОСба-1;1;Факультет машиностроительных и химических технологий (ФМХТ);Кафедра «Технология сварочного и металлургического производства имени В.И. Муравьева» (ТСМП имени В.И. Муравьева);15.03.01;Машиностроение;Оборудование и технология сварочного производства;Заочная форма;Бакалавриат
3445;Обучается;4ОСба-1;1;Факультет машиностроительных и химических технологий (ФМХТ);Кафедра «Технология сварочного и металлургического производства имени В.И. Муравьева» (ТСМП имени В.И. Муравьева);15.03.01;Машиностроение;Оборудование и технология сварочного производства;Заочная форма;Бакалавриат
3446;Обучается;4ОСба-1;1;Факультет машиностроительных и химических технологий (ФМХТ);Кафедра «Технология сварочного и металлургического производства имени В.И. Муравьева» (ТСМП имени В.И. Муравьева);15.03.01;Машиностроение;Оборудование и технология сварочного производства;Заочная форма;Бакалавриат
3447;Обучается;4ОСба-1;1;Факультет машиностроительных и химических технологий (ФМХТ);Кафедра «Технология сварочного и металлургического производства имени В.И. Муравьева» (ТСМП имени В.И. Муравьева);15.03.01;Машиностроение;Оборудование и технология сварочного производства;Заочная форма;Бакалавриат
3448;Обучается;4ОСба-1;1;Факультет машиностроительных и химических технологий (ФМХТ);Кафедра «Технология сварочного и металлургического производства имени В.И. Муравьева» (ТСМП имени В.И. Муравьева);15.03.01;Машиностроение;Оборудование и технология сварочного производства;Заочная форма;Бакалавриат
3449;Обучается;4ОСба-1;1;Факультет машиностроительных и химических технологий (ФМХТ);Кафедра «Технология сварочного и металлургического производства имени В.И. Муравьева» (ТСМП имени В.И. Муравьева);15.03.01;Машиностроение;Оборудование и технология сварочного производства;Заочная форма;Бакалавриат
3450;Обучается;4ОСба-1;1;Факультет машиностроительных и химических технологий (ФМХТ);Кафедра «Технология сварочного и металлургического производства имени В.И. Муравьева» (ТСМП имени В.И. Муравьева);15.03.01;Машиностроение;Оборудование и технология сварочного производства;Заочная форма;Бакалавриат
3451;Обучается;4ОСба-1;1;Факультет машиностроительных и химических технологий (ФМХТ);Кафедра «Технология сварочного и металлургического производства имени В.И. Муравьева» (ТСМП имени В.И. Муравьева);15.03.01;Машиностроение;Оборудование и технология сварочного производства;Заочная форма;Бакалавриат
3452;Обучается;4ОСба-1;1;Факультет машиностроительных и химических технологий (ФМХТ);Кафедра «Технология сварочного и металлургического производства имени В.И. Муравьева» (ТСМП имени В.И. Муравьева);15.03.01;Машиностроение;Оборудование и технология сварочного производства;Заочная форма;Бакалавриат
3453;Обучается;4ОСба-1;1;Факультет машиностроительных и химических технологий (ФМХТ);Кафедра «Технология сварочного и металлургического производства имени В.И. Муравьева» (ТСМП имени В.И. Муравьева);15.03.01;Машиностроение;Оборудование и технология сварочного производства;Заочная форма;Бакалавриат
3454;Обучается;4ОСба-1;1;Факультет машиностроительных и химических технологий (ФМХТ);Кафедра «Технология сварочного и металлургического производства имени В.И. Муравьева» (ТСМП имени В.И. Муравьева);15.03.01;Машиностроение;Оборудование и технология сварочного производства;Заочная форма;Бакалавриат
3455;Обучается;4ОСба-1;1;Факультет машиностроительных и химических технологий (ФМХТ);Кафедра «Технология сварочного и металлургического производства имени В.И. Муравьева» (ТСМП имени В.И. Муравьева);15.03.01;Машиностроение;Оборудование и технология сварочного производства;Заочная форма;Бакалавриат
3456;Обучается;4ОСба-1;1;Факультет машиностроительных и химических технологий (ФМХТ);Кафедра «Технология сварочного и металлургического производства имени В.И. Муравьева» (ТСМП имени В.И. Муравьева);15.03.01;Машиностроение;Оборудование и технология сварочного производства;Заочная форма;Бакалавриат
3457;Обучается;4ОСба-1;1;Факультет машиностроительных и химических технологий (ФМХТ);Кафедра «Технология сварочного и металлургического производства имени В.И. Муравьева» (ТСМП имени В.И. Муравьева);15.03.01;Машиностроение;Оборудование и технология сварочного производства;Заочная форма;Бакалавриат
3458;Обучается;4ОСба-1;1;Факультет машиностроительных и химических технологий (ФМХТ);Кафедра «Технология сварочного и металлургического производства имени В.И. Муравьева» (ТСМП имени В.И. Муравьева);15.03.01;Машиностроение;Оборудование и технология сварочного производства;Заочная форма;Бакалавриат
3459;Обучается;4ОСба-1;1;Факультет машиностроительных и химических технологий (ФМХТ);Кафедра «Технология сварочного и металлургического производства имени В.И. Муравьева» (ТСМП имени В.И. Муравьева);15.03.01;Машиностроение;Оборудование и технология сварочного производства;Заочная форма;Бакалавриат
3460;Обучается;3ОСба-1;2;Факультет машиностроительных и химических технологий (ФМХТ);Кафедра «Технология сварочного и металлургического производства имени В.И. Муравьева» (ТСМП имени В.И. Муравьева);15.03.01;Машиностроение;Оборудование и технология сварочного производства;Заочная форма;Бакалавриат
3461;Обучается;3ОСба-1;2;Факультет машиностроительных и химических технологий (ФМХТ);Кафедра «Технология сварочного и металлургического производства имени В.И. Муравьева» (ТСМП имени В.И. Муравьева);15.03.01;Машиностроение;Оборудование и технология сварочного производства;Заочная форма;Бакалавриат
3462;Обучается;3ОСба-1;2;Факультет машиностроительных и химических технологий (ФМХТ);Кафедра «Технология сварочного и металлургического производства имени В.И. Муравьева» (ТСМП имени В.И. Муравьева);15.03.01;Машиностроение;Оборудование и технология сварочного производства;Заочная форма;Бакалавриат
3463;Обучается;3ОСба-1;2;Факультет машиностроительных и химических технологий (ФМХТ);Кафедра «Технология сварочного и металлургического производства имени В.И. Муравьева» (ТСМП имени В.И. Муравьева);15.03.01;Машиностроение;Оборудование и технология сварочного производства;Заочная форма;Бакалавриат
3464;Обучается;3ОСба-1;2;Факультет машиностроительных и химических технологий (ФМХТ);Кафедра «Технология сварочного и металлургического производства имени В.И. Муравьева» (ТСМП имени В.И. Муравьева);15.03.01;Машиностроение;Оборудование и технология сварочного производства;Заочная форма;Бакалавриат
3465;Обучается;3ОСба-1;2;Факультет машиностроительных и химических технологий (ФМХТ);Кафедра «Технология сварочного и металлургического производства имени В.И. Муравьева» (ТСМП имени В.И. Муравьева);15.03.01;Машиностроение;Оборудование и технология сварочного производства;Заочная форма;Бакалавриат
3466;Обучается;3ОСба-1;2;Факультет машиностроительных и химических технологий (ФМХТ);Кафедра «Технология сварочного и металлургического производства имени В.И. Муравьева» (ТСМП имени В.И. Муравьева);15.03.01;Машиностроение;Оборудование и технология сварочного производства;Заочная форма;Бакалавриат
3467;Обучается;3ОСба-1;2;Факультет машиностроительных и химических технологий (ФМХТ);Кафедра «Технология сварочного и металлургического производства имени В.И. Муравьева» (ТСМП имени В.И. Муравьева);15.03.01;Машиностроение;Оборудование и технология сварочного производства;Заочная форма;Бакалавриат
3468;Обучается;3ОСба-1;2;Факультет машиностроительных и химических технологий (ФМХТ);Кафедра «Технология сварочного и металлургического производства имени В.И. Муравьева» (ТСМП имени В.И. Муравьева);15.03.01;Машиностроение;Оборудование и технология сварочного производства;Заочная форма;Бакалавриат
3469;Обучается;3ОСба-1;2;Факультет машиностроительных и химических технологий (ФМХТ);Кафедра «Технология сварочного и металлургического производства имени В.И. Муравьева» (ТСМП имени В.И. Муравьева);15.03.01;Машиностроение;Оборудование и технология сварочного производства;Заочная форма;Бакалавриат
3470;Обучается;3ОСба-1;2;Факультет машиностроительных и химических технологий (ФМХТ);Кафедра «Технология сварочного и металлургического производства имени В.И. Муравьева» (ТСМП имени В.И. Муравьева);15.03.01;Машиностроение;Оборудование и технология сварочного производства;Заочная форма;Бакалавриат
3471;Обучается;3ОСба-1;2;Факультет машиностроительных и химических технологий (ФМХТ);Кафедра «Технология сварочного и металлургического производства имени В.И. Муравьева» (ТСМП имени В.И. Муравьева);15.03.01;Машиностроение;Оборудование и технология сварочного производства;Заочная форма;Бакалавриат
3472;Обучается;3ОСба-1;2;Факультет машиностроительных и химических технологий (ФМХТ);Кафедра «Технология сварочного и металлургического производства имени В.И. Муравьева» (ТСМП имени В.И. Муравьева);15.03.01;Машиностроение;Оборудование и технология сварочного производства;Заочная форма;Бакалавриат
3473;Обучается;3ОСба-1;2;Факультет машиностроительных и химических технологий (ФМХТ);Кафедра «Технология сварочного и металлургического производства имени В.И. Муравьева» (ТСМП имени В.И. Муравьева);15.03.01;Машиностроение;Оборудование и технология сварочного производства;Заочная форма;Бакалавриат
3474;Обучается;3ОСба-1;2;Факультет машиностроительных и химических технологий (ФМХТ);Кафедра «Технология сварочного и металлургического производства имени В.И. Муравьева» (ТСМП имени В.И. Муравьева);15.03.01;Машиностроение;Оборудование и технология сварочного производства;Заочная форма;Бакалавриат
3475;Обучается;3ОСба-1;2;Факультет машиностроительных и химических технологий (ФМХТ);Кафедра «Технология сварочного и металлургического производства имени В.И. Муравьева» (ТСМП имени В.И. Муравьева);15.03.01;Машиностроение;Оборудование и технология сварочного производства;Заочная форма;Бакалавриат
3476;Обучается;3ОСба-1;2;Факультет машиностроительных и химических технологий (ФМХТ);Кафедра «Технология сварочного и металлургического производства имени В.И. Муравьева» (ТСМП имени В.И. Муравьева);15.03.01;Машиностроение;Оборудование и технология сварочного производства;Заочная форма;Бакалавриат
3477;Обучается;3ОСба-1;2;Факультет машиностроительных и химических технологий (ФМХТ);Кафедра «Технология сварочного и металлургического производства имени В.И. Муравьева» (ТСМП имени В.И. Муравьева);15.03.01;Машиностроение;Оборудование и технология сварочного производства;Заочная форма;Бакалавриат
3478;Академический отпуск;3ОСба-1;2;Факультет машиностроительных и химических технологий (ФМХТ);Кафедра «Технология сварочного и металлургического производства имени В.И. Муравьева» (ТСМП имени В.И. Муравьева);15.03.01;Машиностроение;Оборудование и технология сварочного производства;Заочная форма;Бакалавриат
3479;Обучается;3ОСба-1;2;Факультет машиностроительных и химических технологий (ФМХТ);Кафедра «Технология сварочного и металлургического производства имени В.И. Муравьева» (ТСМП имени В.И. Муравьева);15.03.01;Машиностроение;Оборудование и технология сварочного производства;Заочная форма;Бакалавриат
3480;Обучается;3ОСба-1;2;Факультет машиностроительных и химических технологий (ФМХТ);Кафедра «Технология сварочного и металлургического производства имени В.И. Муравьева» (ТСМП имени В.И. Муравьева);15.03.01;Машиностроение;Оборудование и технология сварочного производства;Заочная форма;Бакалавриат
3481;Обучается;3ОСба-1;2;Факультет машиностроительных и химических технологий (ФМХТ);Кафедра «Технология сварочного и металлургического производства имени В.И. Муравьева» (ТСМП имени В.И. Муравьева);15.03.01;Машиностроение;Оборудование и технология сварочного производства;Заочная форма;Бакалавриат
3482;Обучается;3ОСба-1;2;Факультет машиностроительных и химических технологий (ФМХТ);Кафедра «Технология сварочного и металлургического производства имени В.И. Муравьева» (ТСМП имени В.И. Муравьева);15.03.01;Машиностроение;Оборудование и технология сварочного производства;Заочная форма;Бакалавриат
3483;Обучается;3ОСба-1;2;Факультет машиностроительных и химических технологий (ФМХТ);Кафедра «Технология сварочного и металлургического производства имени В.И. Муравьева» (ТСМП имени В.И. Муравьева);15.03.01;Машиностроение;Оборудование и технология сварочного производства;Заочная форма;Бакалавриат
3484;Обучается;2ОСба-1;3;Факультет машиностроительных и химических технологий (ФМХТ);Кафедра «Технология сварочного и металлургического производства имени В.И. Муравьева» (ТСМП имени В.И. Муравьева);15.03.01;Машиностроение;Оборудование и технология сварочного производства;Заочная форма;Бакалавриат
3485;Обучается;2ОСба-1;3;Факультет машиностроительных и химических технологий (ФМХТ);Кафедра «Технология сварочного и металлургического производства имени В.И. Муравьева» (ТСМП имени В.И. Муравьева);15.03.01;Машиностроение;Оборудование и технология сварочного производства;Заочная форма;Бакалавриат
3486;Обучается;2ОСба-1;3;Факультет машиностроительных и химических технологий (ФМХТ);Кафедра «Технология сварочного и металлургического производства имени В.И. Муравьева» (ТСМП имени В.И. Муравьева);15.03.01;Машиностроение;Оборудование и технология сварочного производства;Заочная форма;Бакалавриат
3487;Обучается;2ОСба-1;3;Факультет машиностроительных и химических технологий (ФМХТ);Кафедра «Технология сварочного и металлургического производства имени В.И. Муравьева» (ТСМП имени В.И. Муравьева);15.03.01;Машиностроение;Оборудование и технология сварочного производства;Заочная форма;Бакалавриат
3488;Обучается;2ОСба-1;3;Факультет машиностроительных и химических технологий (ФМХТ);Кафедра «Технология сварочного и металлургического производства имени В.И. Муравьева» (ТСМП имени В.И. Муравьева);15.03.01;Машиностроение;Оборудование и технология сварочного производства;Заочная форма;Бакалавриат
3489;Обучается;2ОСба-1;3;Факультет машиностроительных и химических технологий (ФМХТ);Кафедра «Технология сварочного и металлургического производства имени В.И. Муравьева» (ТСМП имени В.И. Муравьева);15.03.01;Машиностроение;Оборудование и технология сварочного производства;Заочная форма;Бакалавриат
3490;Обучается;2ОСба-1;3;Факультет машиностроительных и химических технологий (ФМХТ);Кафедра «Технология сварочного и металлургического производства имени В.И. Муравьева» (ТСМП имени В.И. Муравьева);15.03.01;Машиностроение;Оборудование и технология сварочного производства;Заочная форма;Бакалавриат
3491;Обучается;2ОСба-1;3;Факультет машиностроительных и химических технологий (ФМХТ);Кафедра «Технология сварочного и металлургического производства имени В.И. Муравьева» (ТСМП имени В.И. Муравьева);15.03.01;Машиностроение;Оборудование и технология сварочного производства;Заочная форма;Бакалавриат
3492;Обучается;2ОСба-1;3;Факультет машиностроительных и химических технологий (ФМХТ);Кафедра «Технология сварочного и металлургического производства имени В.И. Муравьева» (ТСМП имени В.И. Муравьева);15.03.01;Машиностроение;Оборудование и технология сварочного производства;Заочная форма;Бакалавриат
3493;Обучается;2ОСба-1;3;Факультет машиностроительных и химических технологий (ФМХТ);Кафедра «Технология сварочного и металлургического производства имени В.И. Муравьева» (ТСМП имени В.И. Муравьева);15.03.01;Машиностроение;Оборудование и технология сварочного производства;Заочная форма;Бакалавриат
3494;Обучается;2ОСба-1;3;Факультет машиностроительных и химических технологий (ФМХТ);Кафедра «Технология сварочного и металлургического производства имени В.И. Муравьева» (ТСМП имени В.И. Муравьева);15.03.01;Машиностроение;Оборудование и технология сварочного производства;Заочная форма;Бакалавриат
3495;Обучается;2ОСба-1;3;Факультет машиностроительных и химических технологий (ФМХТ);Кафедра «Технология сварочного и металлургического производства имени В.И. Муравьева» (ТСМП имени В.И. Муравьева);15.03.01;Машиностроение;Оборудование и технология сварочного производства;Заочная форма;Бакалавриат
3496;Обучается;2ОСба-1;3;Факультет машиностроительных и химических технологий (ФМХТ);Кафедра «Технология сварочного и металлургического производства имени В.И. Муравьева» (ТСМП имени В.И. Муравьева);15.03.01;Машиностроение;Оборудование и технология сварочного производства;Заочная форма;Бакалавриат
3497;Обучается;2ОСба-1;3;Факультет машиностроительных и химических технологий (ФМХТ);Кафедра «Технология сварочного и металлургического производства имени В.И. Муравьева» (ТСМП имени В.И. Муравьева);15.03.01;Машиностроение;Оборудование и технология сварочного производства;Заочная форма;Бакалавриат
3498;Обучается;2ОСба-1;3;Факультет машиностроительных и химических технологий (ФМХТ);Кафедра «Технология сварочного и металлургического производства имени В.И. Муравьева» (ТСМП имени В.И. Муравьева);15.03.01;Машиностроение;Оборудование и технология сварочного производства;Заочная форма;Бакалавриат
3499;Обучается;2ОСба-1;3;Факультет машиностроительных и химических технологий (ФМХТ);Кафедра «Технология сварочного и металлургического производства имени В.И. Муравьева» (ТСМП имени В.И. Муравьева);15.03.01;Машиностроение;Оборудование и технология сварочного производства;Заочная форма;Бакалавриат
3500;Обучается;2ОСба-1;3;Факультет машиностроительных и химических технологий (ФМХТ);Кафедра «Технология сварочного и металлургического производства имени В.И. Муравьева» (ТСМП имени В.И. Муравьева);15.03.01;Машиностроение;Оборудование и технология сварочного производства;Заочная форма;Бакалавриат
3501;Обучается;2ОСба-1;3;Факультет машиностроительных и химических технологий (ФМХТ);Кафедра «Технология сварочного и металлургического производства имени В.И. Муравьева» (ТСМП имени В.И. Муравьева);15.03.01;Машиностроение;Оборудование и технология сварочного производства;Заочная форма;Бакалавриат
3502;Обучается;2ОСба-1;3;Факультет машиностроительных и химических технологий (ФМХТ);Кафедра «Технология сварочного и металлургического производства имени В.И. Муравьева» (ТСМП имени В.И. Муравьева);15.03.01;Машиностроение;Оборудование и технология сварочного производства;Заочная форма;Бакалавриат
3503;Академический отпуск;2ОСба-1;3;Факультет машиностроительных и химических технологий (ФМХТ);Кафедра «Технология сварочного и металлургического производства имени В.И. Муравьева» (ТСМП имени В.И. Муравьева);15.03.01;Машиностроение;Оборудование и технология сварочного производства;Заочная форма;Бакалавриат
3504;Обучается;2ОСба-1;3;Факультет машиностроительных и химических технологий (ФМХТ);Кафедра «Технология сварочного и металлургического производства имени В.И. Муравьева» (ТСМП имени В.И. Муравьева);15.03.01;Машиностроение;Оборудование и технология сварочного производства;Заочная форма;Бакалавриат
3505;Обучается;2ОСба-1;3;Факультет машиностроительных и химических технологий (ФМХТ);Кафедра «Технология сварочного и металлургического производства имени В.И. Муравьева» (ТСМП имени В.И. Муравьева);15.03.01;Машиностроение;Оборудование и технология сварочного производства;Заочная форма;Бакалавриат
3506;Обучается;2ОСба-1;3;Факультет машиностроительных и химических технологий (ФМХТ);Кафедра «Технология сварочного и металлургического производства имени В.И. Муравьева» (ТСМП имени В.И. Муравьева);15.03.01;Машиностроение;Оборудование и технология сварочного производства;Заочная форма;Бакалавриат
3507;Обучается;2ОСба-1;3;Факультет машиностроительных и химических технологий (ФМХТ);Кафедра «Технология сварочного и металлургического производства имени В.И. Муравьева» (ТСМП имени В.И. Муравьева);15.03.01;Машиностроение;Оборудование и технология сварочного производства;Заочная форма;Бакалавриат
3508;Обучается;2ОСба-1;3;Факультет машиностроительных и химических технологий (ФМХТ);Кафедра «Технология сварочного и металлургического производства имени В.И. Муравьева» (ТСМП имени В.И. Муравьева);15.03.01;Машиностроение;Оборудование и технология сварочного производства;Заочная форма;Бакалавриат
3509;Обучается;1ОСба-1;4;Факультет машиностроительных и химических технологий (ФМХТ);Кафедра «Технология сварочного и металлургического производства имени В.И. Муравьева» (ТСМП имени В.И. Муравьева);15.03.01;Машиностроение;Оборудование и технология сварочного производства;Заочная форма;Бакалавриат
3510;Обучается;1ОСба-1;4;Факультет машиностроительных и химических технологий (ФМХТ);Кафедра «Технология сварочного и металлургического производства имени В.И. Муравьева» (ТСМП имени В.И. Муравьева);15.03.01;Машиностроение;Оборудование и технология сварочного производства;Заочная форма;Бакалавриат
3511;Обучается;1ОСба-1;4;Факультет машиностроительных и химических технологий (ФМХТ);Кафедра «Технология сварочного и металлургического производства имени В.И. Муравьева» (ТСМП имени В.И. Муравьева);15.03.01;Машиностроение;Оборудование и технология сварочного производства;Заочная форма;Бакалавриат
3512;Обучается;1ОСба-1;4;Факультет машиностроительных и химических технологий (ФМХТ);Кафедра «Технология сварочного и металлургического производства имени В.И. Муравьева» (ТСМП имени В.И. Муравьева);15.03.01;Машиностроение;Оборудование и технология сварочного производства;Заочная форма;Бакалавриат
3513;Обучается;1ОСба-1;4;Факультет машиностроительных и химических технологий (ФМХТ);Кафедра «Технология сварочного и металлургического производства имени В.И. Муравьева» (ТСМП имени В.И. Муравьева);15.03.01;Машиностроение;Оборудование и технология сварочного производства;Заочная форма;Бакалавриат
3514;Обучается;1ОСба-1;4;Факультет машиностроительных и химических технологий (ФМХТ);Кафедра «Технология сварочного и металлургического производства имени В.И. Муравьева» (ТСМП имени В.И. Муравьева);15.03.01;Машиностроение;Оборудование и технология сварочного производства;Заочная форма;Бакалавриат
3515;Обучается;1ОСба-1;4;Факультет машиностроительных и химических технологий (ФМХТ);Кафедра «Технология сварочного и металлургического производства имени В.И. Муравьева» (ТСМП имени В.И. Муравьева);15.03.01;Машиностроение;Оборудование и технология сварочного производства;Заочная форма;Бакалавриат
3516;Обучается;1ОСба-1;4;Факультет машиностроительных и химических технологий (ФМХТ);Кафедра «Технология сварочного и металлургического производства имени В.И. Муравьева» (ТСМП имени В.И. Муравьева);15.03.01;Машиностроение;Оборудование и технология сварочного производства;Заочная форма;Бакалавриат
3517;Обучается;1ОСба-1;4;Факультет машиностроительных и химических технологий (ФМХТ);Кафедра «Технология сварочного и металлургического производства имени В.И. Муравьева» (ТСМП имени В.И. Муравьева);15.03.01;Машиностроение;Оборудование и технология сварочного производства;Заочная форма;Бакалавриат
3518;Обучается;1ОСба-1;4;Факультет машиностроительных и химических технологий (ФМХТ);Кафедра «Технология сварочного и металлургического производства имени В.И. Муравьева» (ТСМП имени В.И. Муравьева);15.03.01;Машиностроение;Оборудование и технология сварочного производства;Заочная форма;Бакалавриат
3519;Обучается;1ОСба-1;4;Факультет машиностроительных и химических технологий (ФМХТ);Кафедра «Технология сварочного и металлургического производства имени В.И. Муравьева» (ТСМП имени В.И. Муравьева);15.03.01;Машиностроение;Оборудование и технология сварочного производства;Заочная форма;Бакалавриат
3520;Обучается;1ОСба-1;4;Факультет машиностроительных и химических технологий (ФМХТ);Кафедра «Технология сварочного и металлургического производства имени В.И. Муравьева» (ТСМП имени В.И. Муравьева);15.03.01;Машиностроение;Оборудование и технология сварочного производства;Заочная форма;Бакалавриат
3521;Обучается;1ОСба-1;4;Факультет машиностроительных и химических технологий (ФМХТ);Кафедра «Технология сварочного и металлургического производства имени В.И. Муравьева» (ТСМП имени В.И. Муравьева);15.03.01;Машиностроение;Оборудование и технология сварочного производства;Заочная форма;Бакалавриат
3522;Академический отпуск;1ОСба-1;4;Факультет машиностроительных и химических технологий (ФМХТ);Кафедра «Технология сварочного и металлургического производства имени В.И. Муравьева» (ТСМП имени В.И. Муравьева);15.03.01;Машиностроение;Оборудование и технология сварочного производства;Заочная форма;Бакалавриат
3523;Обучается;1ОСба-1;4;Факультет машиностроительных и химических технологий (ФМХТ);Кафедра «Технология сварочного и металлургического производства имени В.И. Муравьева» (ТСМП имени В.И. Муравьева);15.03.01;Машиностроение;Оборудование и технология сварочного производства;Заочная форма;Бакалавриат
3524;Академический отпуск;1ОСба-1;4;Факультет машиностроительных и химических технологий (ФМХТ);Кафедра «Технология сварочного и металлургического производства имени В.И. Муравьева» (ТСМП имени В.И. Муравьева);15.03.01;Машиностроение;Оборудование и технология сварочного производства;Заочная форма;Бакалавриат
3525;Обучается;4ПЭба-1;1;Факультет энергетики и управления (ФЭУ);Кафедра «Промышленная электроника и инновационные технологии» (ПЭИТ);11.03.04;Электроника и наноэлектроника;Промышленная электроника;Заочная форма;Бакалавриат
3526;Обучается;4ПЭба-1;1;Факультет энергетики и управления (ФЭУ);Кафедра «Промышленная электроника и инновационные технологии» (ПЭИТ);11.03.04;Электроника и наноэлектроника;Промышленная электроника;Заочная форма;Бакалавриат
3527;Академический отпуск;4ПЭба-1;1;Факультет энергетики и управления (ФЭУ);Кафедра «Промышленная электроника и инновационные технологии» (ПЭИТ);11.03.04;Электроника и наноэлектроника;Промышленная электроника;Заочная форма;Бакалавриат
3528;Обучается;4ПЭба-1;1;Факультет энергетики и управления (ФЭУ);Кафедра «Промышленная электроника и инновационные технологии» (ПЭИТ);11.03.04;Электроника и наноэлектроника;Промышленная электроника;Заочная форма;Бакалавриат
3529;Обучается;4ПЭба-1;1;Факультет энергетики и управления (ФЭУ);Кафедра «Промышленная электроника и инновационные технологии» (ПЭИТ);11.03.04;Электроника и наноэлектроника;Промышленная электроника;Заочная форма;Бакалавриат
3530;Академический отпуск;4ПЭба-1;1;Факультет энергетики и управления (ФЭУ);Кафедра «Промышленная электроника и инновационные технологии» (ПЭИТ);11.03.04;Электроника и наноэлектроника;Промышленная электроника;Заочная форма;Бакалавриат
3531;Обучается;4ПЭба-1;1;Факультет энергетики и управления (ФЭУ);Кафедра «Промышленная электроника и инновационные технологии» (ПЭИТ);11.03.04;Электроника и наноэлектроника;Промышленная электроника;Заочная форма;Бакалавриат
3532;Обучается;4ПЭба-1;1;Факультет энергетики и управления (ФЭУ);Кафедра «Промышленная электроника и инновационные технологии» (ПЭИТ);11.03.04;Электроника и наноэлектроника;Промышленная электроника;Заочная форма;Бакалавриат
3533;Обучается;4ПЭба-1;1;Факультет энергетики и управления (ФЭУ);Кафедра «Промышленная электроника и инновационные технологии» (ПЭИТ);11.03.04;Электроника и наноэлектроника;Промышленная электроника;Заочная форма;Бакалавриат
3534;Обучается;4ПЭба-1;1;Факультет энергетики и управления (ФЭУ);Кафедра «Промышленная электроника и инновационные технологии» (ПЭИТ);11.03.04;Электроника и наноэлектроника;Промышленная электроника;Заочная форма;Бакалавриат
3535;Обучается;4ПЭба-1;1;Факультет энергетики и управления (ФЭУ);Кафедра «Промышленная электроника и инновационные технологии» (ПЭИТ);11.03.04;Электроника и наноэлектроника;Промышленная электроника;Заочная форма;Бакалавриат
3536;Обучается;4ПЭба-1;1;Факультет энергетики и управления (ФЭУ);Кафедра «Промышленная электроника и инновационные технологии» (ПЭИТ);11.03.04;Электроника и наноэлектроника;Промышленная электроника;Заочная форма;Бакалавриат
3537;Обучается;4ПЭба-1;1;Факультет энергетики и управления (ФЭУ);Кафедра «Промышленная электроника и инновационные технологии» (ПЭИТ);11.03.04;Электроника и наноэлектроника;Промышленная электроника;Заочная форма;Бакалавриат
3538;Обучается;4ПЭба-1;1;Факультет энергетики и управления (ФЭУ);Кафедра «Промышленная электроника и инновационные технологии» (ПЭИТ);11.03.04;Электроника и наноэлектроника;Промышленная электроника;Заочная форма;Бакалавриат
3539;Академический отпуск;4ПЭба-1;1;Факультет энергетики и управления (ФЭУ);Кафедра «Промышленная электроника и инновационные технологии» (ПЭИТ);11.03.04;Электроника и наноэлектроника;Промышленная электроника;Заочная форма;Бакалавриат
3540;Обучается;4ПЭба-1;1;Факультет энергетики и управления (ФЭУ);Кафедра «Промышленная электроника и инновационные технологии» (ПЭИТ);11.03.04;Электроника и наноэлектроника;Промышленная электроника;Заочная форма;Бакалавриат
3541;Обучается;4ПЭба-1;1;Факультет энергетики и управления (ФЭУ);Кафедра «Промышленная электроника и инновационные технологии» (ПЭИТ);11.03.04;Электроника и наноэлектроника;Промышленная электроника;Заочная форма;Бакалавриат
3542;Обучается;4ПЭба-1;1;Факультет энергетики и управления (ФЭУ);Кафедра «Промышленная электроника и инновационные технологии» (ПЭИТ);11.03.04;Электроника и наноэлектроника;Промышленная электроника;Заочная форма;Бакалавриат
3543;Обучается;4ПЭба-1;1;Факультет энергетики и управления (ФЭУ);Кафедра «Промышленная электроника и инновационные технологии» (ПЭИТ);11.03.04;Электроника и наноэлектроника;Промышленная электроника;Заочная форма;Бакалавриат
3544;Обучается;4ПЭба-1;1;Факультет энергетики и управления (ФЭУ);Кафедра «Промышленная электроника и инновационные технологии» (ПЭИТ);11.03.04;Электроника и наноэлектроника;Промышленная электроника;Заочная форма;Бакалавриат
3545;Обучается;4ПЭба-1;1;Факультет энергетики и управления (ФЭУ);Кафедра «Промышленная электроника и инновационные технологии» (ПЭИТ);11.03.04;Электроника и наноэлектроника;Промышленная электроника;Заочная форма;Бакалавриат
3546;Обучается;4ПЭба-1;1;Факультет энергетики и управления (ФЭУ);Кафедра «Промышленная электроника и инновационные технологии» (ПЭИТ);11.03.04;Электроника и наноэлектроника;Промышленная электроника;Заочная форма;Бакалавриат
3547;Обучается;4ПЭба-1;1;Факультет энергетики и управления (ФЭУ);Кафедра «Промышленная электроника и инновационные технологии» (ПЭИТ);11.03.04;Электроника и наноэлектроника;Промышленная электроника;Заочная форма;Бакалавриат
3548;Академический отпуск;4ПЭба-1;1;Факультет энергетики и управления (ФЭУ);Кафедра «Промышленная электроника и инновационные технологии» (ПЭИТ);11.03.04;Электроника и наноэлектроника;Промышленная электроника;Заочная форма;Бакалавриат
3549;Обучается;4ПЭба-1;1;Факультет энергетики и управления (ФЭУ);Кафедра «Промышленная электроника и инновационные технологии» (ПЭИТ);11.03.04;Электроника и наноэлектроника;Промышленная электроника;Заочная форма;Бакалавриат
3550;Академический отпуск;4ПЭба-1;1;Факультет энергетики и управления (ФЭУ);Кафедра «Промышленная электроника и инновационные технологии» (ПЭИТ);11.03.04;Электроника и наноэлектроника;Промышленная электроника;Заочная форма;Бакалавриат
3551;Обучается;4ПЭба-1;1;Факультет энергетики и управления (ФЭУ);Кафедра «Промышленная электроника и инновационные технологии» (ПЭИТ);11.03.04;Электроника и наноэлектроника;Промышленная электроника;Заочная форма;Бакалавриат
3552;Обучается;4ПЭба-1;1;Факультет энергетики и управления (ФЭУ);Кафедра «Промышленная электроника и инновационные технологии» (ПЭИТ);11.03.04;Электроника и наноэлектроника;Промышленная электроника;Заочная форма;Бакалавриат
3553;Обучается;4ПЭба-1;1;Факультет энергетики и управления (ФЭУ);Кафедра «Промышленная электроника и инновационные технологии» (ПЭИТ);11.03.04;Электроника и наноэлектроника;Промышленная электроника;Заочная форма;Бакалавриат
3554;Обучается;4ПЭба-1;1;Факультет энергетики и управления (ФЭУ);Кафедра «Промышленная электроника и инновационные технологии» (ПЭИТ);11.03.04;Электроника и наноэлектроника;Промышленная электроника;Заочная форма;Бакалавриат
3555;Обучается;4ПЭба-1;1;Факультет энергетики и управления (ФЭУ);Кафедра «Промышленная электроника и инновационные технологии» (ПЭИТ);11.03.04;Электроника и наноэлектроника;Промышленная электроника;Заочная форма;Бакалавриат
3556;Обучается;4ПЭба-1;1;Факультет энергетики и управления (ФЭУ);Кафедра «Промышленная электроника и инновационные технологии» (ПЭИТ);11.03.04;Электроника и наноэлектроника;Промышленная электроника;Заочная форма;Бакалавриат
3557;Обучается;4ПЭба-1;1;Факультет энергетики и управления (ФЭУ);Кафедра «Промышленная электроника и инновационные технологии» (ПЭИТ);11.03.04;Электроника и наноэлектроника;Промышленная электроника;Заочная форма;Бакалавриат
3558;Обучается;3ПЭба-1;2;Факультет энергетики и управления (ФЭУ);Кафедра «Промышленная электроника и инновационные технологии» (ПЭИТ);11.03.04;Электроника и наноэлектроника;Промышленная электроника;Заочная форма;Бакалавриат
3559;Обучается;3ПЭба-1;2;Факультет энергетики и управления (ФЭУ);Кафедра «Промышленная электроника и инновационные технологии» (ПЭИТ);11.03.04;Электроника и наноэлектроника;Промышленная электроника;Заочная форма;Бакалавриат
3560;Обучается;3ПЭба-1;2;Факультет энергетики и управления (ФЭУ);Кафедра «Промышленная электроника и инновационные технологии» (ПЭИТ);11.03.04;Электроника и наноэлектроника;Промышленная электроника;Заочная форма;Бакалавриат
3561;Обучается;3ПЭба-1;2;Факультет энергетики и управления (ФЭУ);Кафедра «Промышленная электроника и инновационные технологии» (ПЭИТ);11.03.04;Электроника и наноэлектроника;Промышленная электроника;Заочная форма;Бакалавриат
3562;Обучается;3ПЭба-1;2;Факультет энергетики и управления (ФЭУ);Кафедра «Промышленная электроника и инновационные технологии» (ПЭИТ);11.03.04;Электроника и наноэлектроника;Промышленная электроника;Заочная форма;Бакалавриат
3563;Обучается;3ПЭба-1;2;Факультет энергетики и управления (ФЭУ);Кафедра «Промышленная электроника и инновационные технологии» (ПЭИТ);11.03.04;Электроника и наноэлектроника;Промышленная электроника;Заочная форма;Бакалавриат
3564;Академический отпуск;3ПЭба-1;2;Факультет энергетики и управления (ФЭУ);Кафедра «Промышленная электроника и инновационные технологии» (ПЭИТ);11.03.04;Электроника и наноэлектроника;Промышленная электроника;Заочная форма;Бакалавриат
3565;Обучается;3ПЭба-1;2;Факультет энергетики и управления (ФЭУ);Кафедра «Промышленная электроника и инновационные технологии» (ПЭИТ);11.03.04;Электроника и наноэлектроника;Промышленная электроника;Заочная форма;Бакалавриат
3566;Обучается;3ПЭба-1;2;Факультет энергетики и управления (ФЭУ);Кафедра «Промышленная электроника и инновационные технологии» (ПЭИТ);11.03.04;Электроника и наноэлектроника;Промышленная электроника;Заочная форма;Бакалавриат
3567;Обучается;3ПЭба-1;2;Факультет энергетики и управления (ФЭУ);Кафедра «Промышленная электроника и инновационные технологии» (ПЭИТ);11.03.04;Электроника и наноэлектроника;Промышленная электроника;Заочная форма;Бакалавриат
3568;Обучается;3ПЭба-1;2;Факультет энергетики и управления (ФЭУ);Кафедра «Промышленная электроника и инновационные технологии» (ПЭИТ);11.03.04;Электроника и наноэлектроника;Промышленная электроника;Заочная форма;Бакалавриат
3569;Обучается;3ПЭба-1;2;Факультет энергетики и управления (ФЭУ);Кафедра «Промышленная электроника и инновационные технологии» (ПЭИТ);11.03.04;Электроника и наноэлектроника;Промышленная электроника;Заочная форма;Бакалавриат
3570;Академический отпуск;3ПЭба-1;2;Факультет энергетики и управления (ФЭУ);Кафедра «Промышленная электроника и инновационные технологии» (ПЭИТ);11.03.04;Электроника и наноэлектроника;Промышленная электроника;Заочная форма;Бакалавриат
3571;Обучается;3ПЭба-1;2;Факультет энергетики и управления (ФЭУ);Кафедра «Промышленная электроника и инновационные технологии» (ПЭИТ);11.03.04;Электроника и наноэлектроника;Промышленная электроника;Заочная форма;Бакалавриат
3572;Обучается;3ПЭба-1;2;Факультет энергетики и управления (ФЭУ);Кафедра «Промышленная электроника и инновационные технологии» (ПЭИТ);11.03.04;Электроника и наноэлектроника;Промышленная электроника;Заочная форма;Бакалавриат
3573;Обучается;3ПЭба-1;2;Факультет энергетики и управления (ФЭУ);Кафедра «Промышленная электроника и инновационные технологии» (ПЭИТ);11.03.04;Электроника и наноэлектроника;Промышленная электроника;Заочная форма;Бакалавриат
3574;Обучается;3ПЭба-1;2;Факультет энергетики и управления (ФЭУ);Кафедра «Промышленная электроника и инновационные технологии» (ПЭИТ);11.03.04;Электроника и наноэлектроника;Промышленная электроника;Заочная форма;Бакалавриат
3575;Обучается;3ПЭба-1;2;Факультет энергетики и управления (ФЭУ);Кафедра «Промышленная электроника и инновационные технологии» (ПЭИТ);11.03.04;Электроника и наноэлектроника;Промышленная электроника;Заочная форма;Бакалавриат
3576;Обучается;3ПЭба-1;2;Факультет энергетики и управления (ФЭУ);Кафедра «Промышленная электроника и инновационные технологии» (ПЭИТ);11.03.04;Электроника и наноэлектроника;Промышленная электроника;Заочная форма;Бакалавриат
3577;Обучается;3ПЭба-1;2;Факультет энергетики и управления (ФЭУ);Кафедра «Промышленная электроника и инновационные технологии» (ПЭИТ);11.03.04;Электроника и наноэлектроника;Промышленная электроника;Заочная форма;Бакалавриат
3578;Обучается;3ПЭба-1;2;Факультет энергетики и управления (ФЭУ);Кафедра «Промышленная электроника и инновационные технологии» (ПЭИТ);11.03.04;Электроника и наноэлектроника;Промышленная электроника;Заочная форма;Бакалавриат
3579;Обучается;3ПЭба-1;2;Факультет энергетики и управления (ФЭУ);Кафедра «Промышленная электроника и инновационные технологии» (ПЭИТ);11.03.04;Электроника и наноэлектроника;Промышленная электроника;Заочная форма;Бакалавриат
3580;Обучается;2ПЭба-1;3;Факультет энергетики и управления (ФЭУ);Кафедра «Промышленная электроника и инновационные технологии» (ПЭИТ);11.03.04;Электроника и наноэлектроника;Промышленная электроника;Заочная форма;Бакалавриат
3581;Обучается;2ПЭба-1;3;Факультет энергетики и управления (ФЭУ);Кафедра «Промышленная электроника и инновационные технологии» (ПЭИТ);11.03.04;Электроника и наноэлектроника;Промышленная электроника;Заочная форма;Бакалавриат
3582;Обучается;2ПЭба-1;3;Факультет энергетики и управления (ФЭУ);Кафедра «Промышленная электроника и инновационные технологии» (ПЭИТ);11.03.04;Электроника и наноэлектроника;Промышленная электроника;Заочная форма;Бакалавриат
3583;Обучается;2ПЭба-1;3;Факультет энергетики и управления (ФЭУ);Кафедра «Промышленная электроника и инновационные технологии» (ПЭИТ);11.03.04;Электроника и наноэлектроника;Промышленная электроника;Заочная форма;Бакалавриат
3584;Обучается;2ПЭба-1;3;Факультет энергетики и управления (ФЭУ);Кафедра «Промышленная электроника и инновационные технологии» (ПЭИТ);11.03.04;Электроника и наноэлектроника;Промышленная электроника;Заочная форма;Бакалавриат
3585;Обучается;2ПЭба-1;3;Факультет энергетики и управления (ФЭУ);Кафедра «Промышленная электроника и инновационные технологии» (ПЭИТ);11.03.04;Электроника и наноэлектроника;Промышленная электроника;Заочная форма;Бакалавриат
3586;Обучается;2ПЭба-1;3;Факультет энергетики и управления (ФЭУ);Кафедра «Промышленная электроника и инновационные технологии» (ПЭИТ);11.03.04;Электроника и наноэлектроника;Промышленная электроника;Заочная форма;Бакалавриат
3587;Академический отпуск;2ПЭба-1;3;Факультет энергетики и управления (ФЭУ);Кафедра «Промышленная электроника и инновационные технологии» (ПЭИТ);11.03.04;Электроника и наноэлектроника;Промышленная электроника;Заочная форма;Бакалавриат
3588;Обучается;2ПЭба-1;3;Факультет энергетики и управления (ФЭУ);Кафедра «Промышленная электроника и инновационные технологии» (ПЭИТ);11.03.04;Электроника и наноэлектроника;Промышленная электроника;Заочная форма;Бакалавриат
3589;Обучается;2ПЭба-1;3;Факультет энергетики и управления (ФЭУ);Кафедра «Промышленная электроника и инновационные технологии» (ПЭИТ);11.03.04;Электроника и наноэлектроника;Промышленная электроника;Заочная форма;Бакалавриат
3590;Обучается;2ПЭба-1;3;Факультет энергетики и управления (ФЭУ);Кафедра «Промышленная электроника и инновационные технологии» (ПЭИТ);11.03.04;Электроника и наноэлектроника;Промышленная электроника;Заочная форма;Бакалавриат
3591;Обучается;2ПЭба-1;3;Факультет энергетики и управления (ФЭУ);Кафедра «Промышленная электроника и инновационные технологии» (ПЭИТ);11.03.04;Электроника и наноэлектроника;Промышленная электроника;Заочная форма;Бакалавриат
3592;Обучается;1ПЭба-1;4;Факультет энергетики и управления (ФЭУ);Кафедра «Промышленная электроника и инновационные технологии» (ПЭИТ);11.03.04;Электроника и наноэлектроника;Промышленная электроника;Заочная форма;Бакалавриат
3593;Обучается;1ПЭба-1;4;Факультет энергетики и управления (ФЭУ);Кафедра «Промышленная электроника и инновационные технологии» (ПЭИТ);11.03.04;Электроника и наноэлектроника;Промышленная электроника;Заочная форма;Бакалавриат
3594;Обучается;1ПЭба-1;4;Факультет энергетики и управления (ФЭУ);Кафедра «Промышленная электроника и инновационные технологии» (ПЭИТ);11.03.04;Электроника и наноэлектроника;Промышленная электроника;Заочная форма;Бакалавриат
3595;Обучается;1ПЭба-1;4;Факультет энергетики и управления (ФЭУ);Кафедра «Промышленная электроника и инновационные технологии» (ПЭИТ);11.03.04;Электроника и наноэлектроника;Промышленная электроника;Заочная форма;Бакалавриат
3596;Обучается;1ПЭба-1;4;Факультет энергетики и управления (ФЭУ);Кафедра «Промышленная электроника и инновационные технологии» (ПЭИТ);11.03.04;Электроника и наноэлектроника;Промышленная электроника;Заочная форма;Бакалавриат
3597;Обучается;1ПЭба-1;4;Факультет энергетики и управления (ФЭУ);Кафедра «Промышленная электроника и инновационные технологии» (ПЭИТ);11.03.04;Электроника и наноэлектроника;Промышленная электроника;Заочная форма;Бакалавриат
3598;Обучается;1ПЭба-1;4;Факультет энергетики и управления (ФЭУ);Кафедра «Промышленная электроника и инновационные технологии» (ПЭИТ);11.03.04;Электроника и наноэлектроника;Промышленная электроника;Заочная форма;Бакалавриат
3599;Обучается;1ПЭба-1;4;Факультет энергетики и управления (ФЭУ);Кафедра «Промышленная электроника и инновационные технологии» (ПЭИТ);11.03.04;Электроника и наноэлектроника;Промышленная электроника;Заочная форма;Бакалавриат
3600;Обучается;1ПЭба-1;4;Факультет энергетики и управления (ФЭУ);Кафедра «Промышленная электроника и инновационные технологии» (ПЭИТ);11.03.04;Электроника и наноэлектроника;Промышленная электроника;Заочная форма;Бакалавриат
3601;Обучается;1ПЭба-1;4;Факультет энергетики и управления (ФЭУ);Кафедра «Промышленная электроника и инновационные технологии» (ПЭИТ);11.03.04;Электроника и наноэлектроника;Промышленная электроника;Заочная форма;Бакалавриат
3602;Обучается;1ПЭба-1;4;Факультет энергетики и управления (ФЭУ);Кафедра «Промышленная электроника и инновационные технологии» (ПЭИТ);11.03.04;Электроника и наноэлектроника;Промышленная электроника;Заочная форма;Бакалавриат
3603;Обучается;1ПЭба-1;4;Факультет энергетики и управления (ФЭУ);Кафедра «Промышленная электроника и инновационные технологии» (ПЭИТ);11.03.04;Электроника и наноэлектроника;Промышленная электроника;Заочная форма;Бакалавриат
3604;Обучается;1ПЭба-1;4;Факультет энергетики и управления (ФЭУ);Кафедра «Промышленная электроника и инновационные технологии» (ПЭИТ);11.03.04;Электроника и наноэлектроника;Промышленная электроника;Заочная форма;Бакалавриат
3605;Обучается;1ПЭба-1;4;Факультет энергетики и управления (ФЭУ);Кафедра «Промышленная электроника и инновационные технологии» (ПЭИТ);11.03.04;Электроника и наноэлектроника;Промышленная электроника;Заочная форма;Бакалавриат
3606;Обучается;2ИНба-1;3;Факультет энергетики и управления (ФЭУ);Кафедра «Промышленная электроника и инновационные технологии» (ПЭИТ);27.03.05;Инноватика;Управление инновационными проектами;Заочная форма;Бакалавриат
3607;Обучается;2ИНба-1;3;Факультет энергетики и управления (ФЭУ);Кафедра «Промышленная электроника и инновационные технологии» (ПЭИТ);27.03.05;Инноватика;Управление инновационными проектами;Заочная форма;Бакалавриат
3608;Обучается;2ИНба-1;3;Факультет энергетики и управления (ФЭУ);Кафедра «Промышленная электроника и инновационные технологии» (ПЭИТ);27.03.05;Инноватика;Управление инновационными проектами;Заочная форма;Бакалавриат
3609;Обучается;2ИНба-1;3;Факультет энергетики и управления (ФЭУ);Кафедра «Промышленная электроника и инновационные технологии» (ПЭИТ);27.03.05;Инноватика;Управление инновационными проектами;Заочная форма;Бакалавриат
3610;Академический отпуск;2ИНба-1;3;Факультет энергетики и управления (ФЭУ);Кафедра «Промышленная электроника и инновационные технологии» (ПЭИТ);27.03.05;Инноватика;Управление инновационными проектами;Заочная форма;Бакалавриат
3611;Обучается;2ИНба-1;3;Факультет энергетики и управления (ФЭУ);Кафедра «Промышленная электроника и инновационные технологии» (ПЭИТ);27.03.05;Инноватика;Управление инновационными проектами;Заочная форма;Бакалавриат
3612;Обучается;2ИНба-1;3;Факультет энергетики и управления (ФЭУ);Кафедра «Промышленная электроника и инновационные технологии» (ПЭИТ);27.03.05;Инноватика;Управление инновационными проектами;Заочная форма;Бакалавриат
3613;Обучается;2ИНба-1;3;Факультет энергетики и управления (ФЭУ);Кафедра «Промышленная электроника и инновационные технологии» (ПЭИТ);27.03.05;Инноватика;Управление инновационными проектами;Заочная форма;Бакалавриат
3614;Обучается;2ИНба-1;3;Факультет энергетики и управления (ФЭУ);Кафедра «Промышленная электроника и инновационные технологии» (ПЭИТ);27.03.05;Инноватика;Управление инновационными проектами;Заочная форма;Бакалавриат
3615;Обучается;2ИНба-1;3;Факультет энергетики и управления (ФЭУ);Кафедра «Промышленная электроника и инновационные технологии» (ПЭИТ);27.03.05;Инноватика;Управление инновационными проектами;Заочная форма;Бакалавриат
3616;Обучается;2ИНба-1;3;Факультет энергетики и управления (ФЭУ);Кафедра «Промышленная электроника и инновационные технологии» (ПЭИТ);27.03.05;Инноватика;Управление инновационными проектами;Заочная форма;Бакалавриат
3617;Обучается;2ИНба-1;3;Факультет энергетики и управления (ФЭУ);Кафедра «Промышленная электроника и инновационные технологии» (ПЭИТ);27.03.05;Инноватика;Управление инновационными проектами;Заочная форма;Бакалавриат
3618;Обучается;2ИНба-1;3;Факультет энергетики и управления (ФЭУ);Кафедра «Промышленная электроника и инновационные технологии» (ПЭИТ);27.03.05;Инноватика;Управление инновационными проектами;Заочная форма;Бакалавриат
3619;Обучается;1ИНба-1;4;Факультет энергетики и управления (ФЭУ);Кафедра «Промышленная электроника и инновационные технологии» (ПЭИТ);27.03.05;Инноватика;Управление инновационными проектами;Заочная форма;Бакалавриат
3620;Академический отпуск;1ИНба-1;4;Факультет энергетики и управления (ФЭУ);Кафедра «Промышленная электроника и инновационные технологии» (ПЭИТ);27.03.05;Инноватика;Управление инновационными проектами;Заочная форма;Бакалавриат
3621;Обучается;1ИНба-1;4;Факультет энергетики и управления (ФЭУ);Кафедра «Промышленная электроника и инновационные технологии» (ПЭИТ);27.03.05;Инноватика;Управление инновационными проектами;Заочная форма;Бакалавриат
3622;Обучается;1ИНба-1;4;Факультет энергетики и управления (ФЭУ);Кафедра «Промышленная электроника и инновационные технологии» (ПЭИТ);27.03.05;Инноватика;Управление инновационными проектами;Заочная форма;Бакалавриат
3623;Обучается;1ИНба-1;4;Факультет энергетики и управления (ФЭУ);Кафедра «Промышленная электроника и инновационные технологии» (ПЭИТ);27.03.05;Инноватика;Управление инновационными проектами;Заочная форма;Бакалавриат
3624;Академический отпуск;1ИНба-1;4;Факультет энергетики и управления (ФЭУ);Кафедра «Промышленная электроника и инновационные технологии» (ПЭИТ);27.03.05;Инноватика;Управление инновационными проектами;Заочная форма;Бакалавриат
3625;Академический отпуск;1ИНба-1;4;Факультет энергетики и управления (ФЭУ);Кафедра «Промышленная электроника и инновационные технологии» (ПЭИТ);27.03.05;Инноватика;Управление инновационными проектами;Заочная форма;Бакалавриат
3626;Обучается;1ИНба-1;4;Факультет энергетики и управления (ФЭУ);Кафедра «Промышленная электроника и инновационные технологии» (ПЭИТ);27.03.05;Инноватика;Управление инновационными проектами;Заочная форма;Бакалавриат
3627;Обучается;1ИНба-1;4;Факультет энергетики и управления (ФЭУ);Кафедра «Промышленная электроника и инновационные технологии» (ПЭИТ);27.03.05;Инноватика;Управление инновационными проектами;Заочная форма;Бакалавриат
3628;Обучается;1ИНба-1;4;Факультет энергетики и управления (ФЭУ);Кафедра «Промышленная электроника и инновационные технологии» (ПЭИТ);27.03.05;Инноватика;Управление инновационными проектами;Заочная форма;Бакалавриат
3629;Обучается;1ИНба-1;4;Факультет энергетики и управления (ФЭУ);Кафедра «Промышленная электроника и инновационные технологии» (ПЭИТ);27.03.05;Инноватика;Управление инновационными проектами;Заочная форма;Бакалавриат
3630;Обучается;1ИНба-1;4;Факультет энергетики и управления (ФЭУ);Кафедра «Промышленная электроника и инновационные технологии» (ПЭИТ);27.03.05;Инноватика;Управление инновационными проектами;Заочная форма;Бакалавриат
3631;Обучается;1ИНба-1;4;Факультет энергетики и управления (ФЭУ);Кафедра «Промышленная электроника и инновационные технологии» (ПЭИТ);27.03.05;Инноватика;Управление инновационными проектами;Заочная форма;Бакалавриат
3632;Обучается;1ИНба-1;4;Факультет энергетики и управления (ФЭУ);Кафедра «Промышленная электроника и инновационные технологии» (ПЭИТ);27.03.05;Инноватика;Управление инновационными проектами;Заочная форма;Бакалавриат
3633;Обучается;4ЭСба-1;1;Факультет энергетики и управления (ФЭУ);Кафедра «Электромеханика» (ЭМ);13.03.02;Электроэнергетика и электротехника;Электрооборудование и электроснабжение предприятий;Заочная форма;Бакалавриат
3634;Обучается;4ЭСба-1;1;Факультет энергетики и управления (ФЭУ);Кафедра «Электромеханика» (ЭМ);13.03.02;Электроэнергетика и электротехника;Электрооборудование и электроснабжение предприятий;Заочная форма;Бакалавриат
3635;Обучается;4ЭСба-1;1;Факультет энергетики и управления (ФЭУ);Кафедра «Электромеханика» (ЭМ);13.03.02;Электроэнергетика и электротехника;Электрооборудование и электроснабжение предприятий;Заочная форма;Бакалавриат
3636;Обучается;4ЭСба-1;1;Факультет энергетики и управления (ФЭУ);Кафедра «Электромеханика» (ЭМ);13.03.02;Электроэнергетика и электротехника;Электрооборудование и электроснабжение предприятий;Заочная форма;Бакалавриат
3637;Обучается;4ЭСба-1;1;Факультет энергетики и управления (ФЭУ);Кафедра «Электромеханика» (ЭМ);13.03.02;Электроэнергетика и электротехника;Электрооборудование и электроснабжение предприятий;Заочная форма;Бакалавриат
3638;Обучается;4ЭСба-1;1;Факультет энергетики и управления (ФЭУ);Кафедра «Электромеханика» (ЭМ);13.03.02;Электроэнергетика и электротехника;Электрооборудование и электроснабжение предприятий;Заочная форма;Бакалавриат
3639;Обучается;4ЭСба-1;1;Факультет энергетики и управления (ФЭУ);Кафедра «Электромеханика» (ЭМ);13.03.02;Электроэнергетика и электротехника;Электрооборудование и электроснабжение предприятий;Заочная форма;Бакалавриат
3640;Академический отпуск;4ЭСба-1;1;Факультет энергетики и управления (ФЭУ);Кафедра «Электромеханика» (ЭМ);13.03.02;Электроэнергетика и электротехника;Электрооборудование и электроснабжение предприятий;Заочная форма;Бакалавриат
3641;Обучается;4ЭСба-1;1;Факультет энергетики и управления (ФЭУ);Кафедра «Электромеханика» (ЭМ);13.03.02;Электроэнергетика и электротехника;Электрооборудование и электроснабжение предприятий;Заочная форма;Бакалавриат
3642;Обучается;4ЭСба-1;1;Факультет энергетики и управления (ФЭУ);Кафедра «Электромеханика» (ЭМ);13.03.02;Электроэнергетика и электротехника;Электрооборудование и электроснабжение предприятий;Заочная форма;Бакалавриат
3643;Обучается;4ЭСба-1;1;Факультет энергетики и управления (ФЭУ);Кафедра «Электромеханика» (ЭМ);13.03.02;Электроэнергетика и электротехника;Электрооборудование и электроснабжение предприятий;Заочная форма;Бакалавриат
3644;Обучается;4ЭСба-1;1;Факультет энергетики и управления (ФЭУ);Кафедра «Электромеханика» (ЭМ);13.03.02;Электроэнергетика и электротехника;Электрооборудование и электроснабжение предприятий;Заочная форма;Бакалавриат
3645;Обучается;4ЭСба-1;1;Факультет энергетики и управления (ФЭУ);Кафедра «Электромеханика» (ЭМ);13.03.02;Электроэнергетика и электротехника;Электрооборудование и электроснабжение предприятий;Заочная форма;Бакалавриат
3646;Обучается;4ЭСба-1;1;Факультет энергетики и управления (ФЭУ);Кафедра «Электромеханика» (ЭМ);13.03.02;Электроэнергетика и электротехника;Электрооборудование и электроснабжение предприятий;Заочная форма;Бакалавриат
3647;Обучается;4ЭСба-1;1;Факультет энергетики и управления (ФЭУ);Кафедра «Электромеханика» (ЭМ);13.03.02;Электроэнергетика и электротехника;Электрооборудование и электроснабжение предприятий;Заочная форма;Бакалавриат
3648;Обучается;4ЭСба-1;1;Факультет энергетики и управления (ФЭУ);Кафедра «Электромеханика» (ЭМ);13.03.02;Электроэнергетика и электротехника;Электрооборудование и электроснабжение предприятий;Заочная форма;Бакалавриат
3649;Обучается;4ЭСба-1;1;Факультет энергетики и управления (ФЭУ);Кафедра «Электромеханика» (ЭМ);13.03.02;Электроэнергетика и электротехника;Электрооборудование и электроснабжение предприятий;Заочная форма;Бакалавриат
3650;Обучается;4ЭСба-1;1;Факультет энергетики и управления (ФЭУ);Кафедра «Электромеханика» (ЭМ);13.03.02;Электроэнергетика и электротехника;Электрооборудование и электроснабжение предприятий;Заочная форма;Бакалавриат
3651;Обучается;4ЭСба-1;1;Факультет энергетики и управления (ФЭУ);Кафедра «Электромеханика» (ЭМ);13.03.02;Электроэнергетика и электротехника;Электрооборудование и электроснабжение предприятий;Заочная форма;Бакалавриат
3652;Обучается;4ЭСба-1;1;Факультет энергетики и управления (ФЭУ);Кафедра «Электромеханика» (ЭМ);13.03.02;Электроэнергетика и электротехника;Электрооборудование и электроснабжение предприятий;Заочная форма;Бакалавриат
3653;Обучается;4ЭСба-1;1;Факультет энергетики и управления (ФЭУ);Кафедра «Электромеханика» (ЭМ);13.03.02;Электроэнергетика и электротехника;Электрооборудование и электроснабжение предприятий;Заочная форма;Бакалавриат
3654;Обучается;4ЭСба-1;1;Факультет энергетики и управления (ФЭУ);Кафедра «Электромеханика» (ЭМ);13.03.02;Электроэнергетика и электротехника;Электрооборудование и электроснабжение предприятий;Заочная форма;Бакалавриат
3655;Обучается;4ЭСба-1;1;Факультет энергетики и управления (ФЭУ);Кафедра «Электромеханика» (ЭМ);13.03.02;Электроэнергетика и электротехника;Электрооборудование и электроснабжение предприятий;Заочная форма;Бакалавриат
3656;Обучается;3ЭСба-1;2;Факультет энергетики и управления (ФЭУ);Кафедра «Электромеханика» (ЭМ);13.03.02;Электроэнергетика и электротехника;Электроснабжение;Заочная форма;Бакалавриат
3657;Обучается;3ЭСба-1;2;Факультет энергетики и управления (ФЭУ);Кафедра «Электромеханика» (ЭМ);13.03.02;Электроэнергетика и электротехника;Электроснабжение;Заочная форма;Бакалавриат
3658;Обучается;3ЭСба-1;2;Факультет энергетики и управления (ФЭУ);Кафедра «Электромеханика» (ЭМ);13.03.02;Электроэнергетика и электротехника;Электроснабжение;Заочная форма;Бакалавриат
3659;Обучается;3ЭСба-1;2;Факультет энергетики и управления (ФЭУ);Кафедра «Электромеханика» (ЭМ);13.03.02;Электроэнергетика и электротехника;Электроснабжение;Заочная форма;Бакалавриат
3660;Обучается;3ЭСба-1;2;Факультет энергетики и управления (ФЭУ);Кафедра «Электромеханика» (ЭМ);13.03.02;Электроэнергетика и электротехника;Электроснабжение;Заочная форма;Бакалавриат
3661;Обучается;3ЭСба-1;2;Факультет энергетики и управления (ФЭУ);Кафедра «Электромеханика» (ЭМ);13.03.02;Электроэнергетика и электротехника;Электроснабжение;Заочная форма;Бакалавриат
3662;Обучается;3ЭСба-1;2;Факультет энергетики и управления (ФЭУ);Кафедра «Электромеханика» (ЭМ);13.03.02;Электроэнергетика и электротехника;Электроснабжение;Заочная форма;Бакалавриат
3663;Обучается;3ЭСба-1;2;Факультет энергетики и управления (ФЭУ);Кафедра «Электромеханика» (ЭМ);13.03.02;Электроэнергетика и электротехника;Электроснабжение;Заочная форма;Бакалавриат
3664;Обучается;3ЭСба-1;2;Факультет энергетики и управления (ФЭУ);Кафедра «Электромеханика» (ЭМ);13.03.02;Электроэнергетика и электротехника;Электроснабжение;Заочная форма;Бакалавриат
3665;Обучается;3ЭСба-1;2;Факультет энергетики и управления (ФЭУ);Кафедра «Электромеханика» (ЭМ);13.03.02;Электроэнергетика и электротехника;Электроснабжение;Заочная форма;Бакалавриат
3666;Обучается;3ЭСба-1;2;Факультет энергетики и управления (ФЭУ);Кафедра «Электромеханика» (ЭМ);13.03.02;Электроэнергетика и электротехника;Электроснабжение;Заочная форма;Бакалавриат
3667;Обучается;3ЭСба-1;2;Факультет энергетики и управления (ФЭУ);Кафедра «Электромеханика» (ЭМ);13.03.02;Электроэнергетика и электротехника;Электроснабжение;Заочная форма;Бакалавриат
3668;Обучается;3ЭСба-1;2;Факультет энергетики и управления (ФЭУ);Кафедра «Электромеханика» (ЭМ);13.03.02;Электроэнергетика и электротехника;Электроснабжение;Заочная форма;Бакалавриат
3669;Обучается;3ЭСба-1;2;Факультет энергетики и управления (ФЭУ);Кафедра «Электромеханика» (ЭМ);13.03.02;Электроэнергетика и электротехника;Электроснабжение;Заочная форма;Бакалавриат
3670;Обучается;3ЭСба-1;2;Факультет энергетики и управления (ФЭУ);Кафедра «Электромеханика» (ЭМ);13.03.02;Электроэнергетика и электротехника;Электроснабжение;Заочная форма;Бакалавриат
3671;Обучается;3ЭСба-1;2;Факультет энергетики и управления (ФЭУ);Кафедра «Электромеханика» (ЭМ);13.03.02;Электроэнергетика и электротехника;Электроснабжение;Заочная форма;Бакалавриат
3672;Обучается;3ЭСба-1;2;Факультет энергетики и управления (ФЭУ);Кафедра «Электромеханика» (ЭМ);13.03.02;Электроэнергетика и электротехника;Электроснабжение;Заочная форма;Бакалавриат
3673;Обучается;3ЭСба-1;2;Факультет энергетики и управления (ФЭУ);Кафедра «Электромеханика» (ЭМ);13.03.02;Электроэнергетика и электротехника;Электроснабжение;Заочная форма;Бакалавриат
3674;Обучается;3ЭСба-1;2;Факультет энергетики и управления (ФЭУ);Кафедра «Электромеханика» (ЭМ);13.03.02;Электроэнергетика и электротехника;Электроснабжение;Заочная форма;Бакалавриат
3675;Обучается;3ЭСба-1;2;Факультет энергетики и управления (ФЭУ);Кафедра «Электромеханика» (ЭМ);13.03.02;Электроэнергетика и электротехника;Электроснабжение;Заочная форма;Бакалавриат
3676;Академический отпуск;3ЭСба-1;2;Факультет энергетики и управления (ФЭУ);Кафедра «Электромеханика» (ЭМ);13.03.02;Электроэнергетика и электротехника;Электроснабжение;Заочная форма;Бакалавриат
3677;Обучается;3ЭСба-1;2;Факультет энергетики и управления (ФЭУ);Кафедра «Электромеханика» (ЭМ);13.03.02;Электроэнергетика и электротехника;Электроснабжение;Заочная форма;Бакалавриат
3678;Академический отпуск;3ЭСба-1;2;Факультет энергетики и управления (ФЭУ);Кафедра «Электромеханика» (ЭМ);13.03.02;Электроэнергетика и электротехника;Электроснабжение;Заочная форма;Бакалавриат
3679;Обучается;3ЭСба-1;2;Факультет энергетики и управления (ФЭУ);Кафедра «Электромеханика» (ЭМ);13.03.02;Электроэнергетика и электротехника;Электроснабжение;Заочная форма;Бакалавриат
3680;Обучается;3ЭСба-1;2;Факультет энергетики и управления (ФЭУ);Кафедра «Электромеханика» (ЭМ);13.03.02;Электроэнергетика и электротехника;Электроснабжение;Заочная форма;Бакалавриат
3681;Обучается;2ЭСба-1;3;Факультет энергетики и управления (ФЭУ);Кафедра «Электромеханика» (ЭМ);13.03.02;Электроэнергетика и электротехника;Электроснабжение;Заочная форма;Бакалавриат
3682;Обучается;2ЭСба-1;3;Факультет энергетики и управления (ФЭУ);Кафедра «Электромеханика» (ЭМ);13.03.02;Электроэнергетика и электротехника;Электроснабжение;Заочная форма;Бакалавриат
3683;Обучается;2ЭСба-1;3;Факультет энергетики и управления (ФЭУ);Кафедра «Электромеханика» (ЭМ);13.03.02;Электроэнергетика и электротехника;Электроснабжение;Заочная форма;Бакалавриат
3684;Обучается;2ЭСба-1;3;Факультет энергетики и управления (ФЭУ);Кафедра «Электромеханика» (ЭМ);13.03.02;Электроэнергетика и электротехника;Электроснабжение;Заочная форма;Бакалавриат
3685;Обучается;2ЭСба-1;3;Факультет энергетики и управления (ФЭУ);Кафедра «Электромеханика» (ЭМ);13.03.02;Электроэнергетика и электротехника;Электроснабжение;Заочная форма;Бакалавриат
3686;Обучается;2ЭСба-1;3;Факультет энергетики и управления (ФЭУ);Кафедра «Электромеханика» (ЭМ);13.03.02;Электроэнергетика и электротехника;Электроснабжение;Заочная форма;Бакалавриат
3687;Обучается;2ЭСба-1;3;Факультет энергетики и управления (ФЭУ);Кафедра «Электромеханика» (ЭМ);13.03.02;Электроэнергетика и электротехника;Электроснабжение;Заочная форма;Бакалавриат
3688;Обучается;2ЭСба-1;3;Факультет энергетики и управления (ФЭУ);Кафедра «Электромеханика» (ЭМ);13.03.02;Электроэнергетика и электротехника;Электроснабжение;Заочная форма;Бакалавриат
3689;Обучается;2ЭСба-1;3;Факультет энергетики и управления (ФЭУ);Кафедра «Электромеханика» (ЭМ);13.03.02;Электроэнергетика и электротехника;Электроснабжение;Заочная форма;Бакалавриат
3690;Обучается;2ЭСба-1;3;Факультет энергетики и управления (ФЭУ);Кафедра «Электромеханика» (ЭМ);13.03.02;Электроэнергетика и электротехника;Электроснабжение;Заочная форма;Бакалавриат
3691;Обучается;2ЭСба-1;3;Факультет энергетики и управления (ФЭУ);Кафедра «Электромеханика» (ЭМ);13.03.02;Электроэнергетика и электротехника;Электроснабжение;Заочная форма;Бакалавриат
3692;Обучается;2ЭСба-1;3;Факультет энергетики и управления (ФЭУ);Кафедра «Электромеханика» (ЭМ);13.03.02;Электроэнергетика и электротехника;Электроснабжение;Заочная форма;Бакалавриат
3693;Обучается;2ЭСба-1;3;Факультет энергетики и управления (ФЭУ);Кафедра «Электромеханика» (ЭМ);13.03.02;Электроэнергетика и электротехника;Электроснабжение;Заочная форма;Бакалавриат
3694;Обучается;2ЭСба-1;3;Факультет энергетики и управления (ФЭУ);Кафедра «Электромеханика» (ЭМ);13.03.02;Электроэнергетика и электротехника;Электроснабжение;Заочная форма;Бакалавриат
3695;Обучается;2ЭСба-1;3;Факультет энергетики и управления (ФЭУ);Кафедра «Электромеханика» (ЭМ);13.03.02;Электроэнергетика и электротехника;Электроснабжение;Заочная форма;Бакалавриат
3696;Обучается;2ЭСба-1;3;Факультет энергетики и управления (ФЭУ);Кафедра «Электромеханика» (ЭМ);13.03.02;Электроэнергетика и электротехника;Электроснабжение;Заочная форма;Бакалавриат
3697;Обучается;1ЭСба-1;4;Факультет энергетики и управления (ФЭУ);Кафедра «Электромеханика» (ЭМ);13.03.02;Электроэнергетика и электротехника;Электроснабжение;Заочная форма;Бакалавриат
3698;Обучается;1ЭСба-1;4;Факультет энергетики и управления (ФЭУ);Кафедра «Электромеханика» (ЭМ);13.03.02;Электроэнергетика и электротехника;Электроснабжение;Заочная форма;Бакалавриат
3699;Обучается;1ЭСба-1;4;Факультет энергетики и управления (ФЭУ);Кафедра «Электромеханика» (ЭМ);13.03.02;Электроэнергетика и электротехника;Электроснабжение;Заочная форма;Бакалавриат
3700;Обучается;1ЭСба-1;4;Факультет энергетики и управления (ФЭУ);Кафедра «Электромеханика» (ЭМ);13.03.02;Электроэнергетика и электротехника;Электроснабжение;Заочная форма;Бакалавриат
3701;Обучается;1ЭСба-1;4;Факультет энергетики и управления (ФЭУ);Кафедра «Электромеханика» (ЭМ);13.03.02;Электроэнергетика и электротехника;Электроснабжение;Заочная форма;Бакалавриат
3702;Обучается;1ЭСба-1;4;Факультет энергетики и управления (ФЭУ);Кафедра «Электромеханика» (ЭМ);13.03.02;Электроэнергетика и электротехника;Электроснабжение;Заочная форма;Бакалавриат
3703;Обучается;1ЭСба-1;4;Факультет энергетики и управления (ФЭУ);Кафедра «Электромеханика» (ЭМ);13.03.02;Электроэнергетика и электротехника;Электроснабжение;Заочная форма;Бакалавриат
3704;Обучается;1ЭСба-1;4;Факультет энергетики и управления (ФЭУ);Кафедра «Электромеханика» (ЭМ);13.03.02;Электроэнергетика и электротехника;Электроснабжение;Заочная форма;Бакалавриат
3705;Обучается;1ЭСба-1;4;Факультет энергетики и управления (ФЭУ);Кафедра «Электромеханика» (ЭМ);13.03.02;Электроэнергетика и электротехника;Электроснабжение;Заочная форма;Бакалавриат
3706;Академический отпуск;1ЭСба-1;4;Факультет энергетики и управления (ФЭУ);Кафедра «Электромеханика» (ЭМ);13.03.02;Электроэнергетика и электротехника;Электроснабжение;Заочная форма;Бакалавриат
3707;Обучается;1ЭСба-1;4;Факультет энергетики и управления (ФЭУ);Кафедра «Электромеханика» (ЭМ);13.03.02;Электроэнергетика и электротехника;Электроснабжение;Заочная форма;Бакалавриат
3708;Обучается;1ЭСба-1;4;Факультет энергетики и управления (ФЭУ);Кафедра «Электромеханика» (ЭМ);13.03.02;Электроэнергетика и электротехника;Электроснабжение;Заочная форма;Бакалавриат
3709;Обучается;1ЭСба-1;4;Факультет энергетики и управления (ФЭУ);Кафедра «Электромеханика» (ЭМ);13.03.02;Электроэнергетика и электротехника;Электроснабжение;Заочная форма;Бакалавриат
3710;Академический отпуск;1ЭСба-1;4;Факультет энергетики и управления (ФЭУ);Кафедра «Электромеханика» (ЭМ);13.03.02;Электроэнергетика и электротехника;Электроснабжение;Заочная форма;Бакалавриат
3711;Обучается;1ЭСба-1;4;Факультет энергетики и управления (ФЭУ);Кафедра «Электромеханика» (ЭМ);13.03.02;Электроэнергетика и электротехника;Электроснабжение;Заочная форма;Бакалавриат
3712;Обучается;1ЭСба-1;4;Факультет энергетики и управления (ФЭУ);Кафедра «Электромеханика» (ЭМ);13.03.02;Электроэнергетика и электротехника;Электроснабжение;Заочная форма;Бакалавриат
3713;Академический отпуск;1ЭСба-1;4;Факультет энергетики и управления (ФЭУ);Кафедра «Электромеханика» (ЭМ);13.03.02;Электроэнергетика и электротехника;Электроснабжение;Заочная форма;Бакалавриат
3714;Академический отпуск;4ЭЛба-1;1;Факультет энергетики и управления (ФЭУ);Кафедра «Электропривод и автоматизация промышленных установок» (ЭПАПУ);13.03.02;Электроэнергетика и электротехника;Электропривод и автоматика;Заочная форма;Бакалавриат
3715;Обучается;4ЭЛба-1;1;Факультет энергетики и управления (ФЭУ);Кафедра «Электропривод и автоматизация промышленных установок» (ЭПАПУ);13.03.02;Электроэнергетика и электротехника;Электропривод и автоматика;Заочная форма;Бакалавриат
3716;Обучается;4ЭЛба-1;1;Факультет энергетики и управления (ФЭУ);Кафедра «Электропривод и автоматизация промышленных установок» (ЭПАПУ);13.03.02;Электроэнергетика и электротехника;Электропривод и автоматика;Заочная форма;Бакалавриат
3717;Обучается;4ЭЛба-1;1;Факультет энергетики и управления (ФЭУ);Кафедра «Электропривод и автоматизация промышленных установок» (ЭПАПУ);13.03.02;Электроэнергетика и электротехника;Электропривод и автоматика;Заочная форма;Бакалавриат
3718;Обучается;4ЭЛба-1;1;Факультет энергетики и управления (ФЭУ);Кафедра «Электропривод и автоматизация промышленных установок» (ЭПАПУ);13.03.02;Электроэнергетика и электротехника;Электропривод и автоматика;Заочная форма;Бакалавриат
3719;Обучается;4ЭЛба-1;1;Факультет энергетики и управления (ФЭУ);Кафедра «Электропривод и автоматизация промышленных установок» (ЭПАПУ);13.03.02;Электроэнергетика и электротехника;Электропривод и автоматика;Заочная форма;Бакалавриат
3720;Обучается;4ЭЛба-1;1;Факультет энергетики и управления (ФЭУ);Кафедра «Электропривод и автоматизация промышленных установок» (ЭПАПУ);13.03.02;Электроэнергетика и электротехника;Электропривод и автоматика;Заочная форма;Бакалавриат
3721;Академический отпуск;4ЭЛба-1;1;Факультет энергетики и управления (ФЭУ);Кафедра «Электропривод и автоматизация промышленных установок» (ЭПАПУ);13.03.02;Электроэнергетика и электротехника;Электропривод и автоматика;Заочная форма;Бакалавриат
3722;Обучается;4ЭЛба-1;1;Факультет энергетики и управления (ФЭУ);Кафедра «Электропривод и автоматизация промышленных установок» (ЭПАПУ);13.03.02;Электроэнергетика и электротехника;Электропривод и автоматика;Заочная форма;Бакалавриат
3723;Обучается;4ЭЛба-1;1;Факультет энергетики и управления (ФЭУ);Кафедра «Электропривод и автоматизация промышленных установок» (ЭПАПУ);13.03.02;Электроэнергетика и электротехника;Электропривод и автоматика;Заочная форма;Бакалавриат
3724;Обучается;4ЭЛба-1;1;Факультет энергетики и управления (ФЭУ);Кафедра «Электропривод и автоматизация промышленных установок» (ЭПАПУ);13.03.02;Электроэнергетика и электротехника;Электропривод и автоматика;Заочная форма;Бакалавриат
3725;Обучается;4ЭЛба-1;1;Факультет энергетики и управления (ФЭУ);Кафедра «Электропривод и автоматизация промышленных установок» (ЭПАПУ);13.03.02;Электроэнергетика и электротехника;Электропривод и автоматика;Заочная форма;Бакалавриат
3726;Обучается;4ЭЛба-1;1;Факультет энергетики и управления (ФЭУ);Кафедра «Электропривод и автоматизация промышленных установок» (ЭПАПУ);13.03.02;Электроэнергетика и электротехника;Электропривод и автоматика;Заочная форма;Бакалавриат
3727;Обучается;4ЭЛба-1;1;Факультет энергетики и управления (ФЭУ);Кафедра «Электропривод и автоматизация промышленных установок» (ЭПАПУ);13.03.02;Электроэнергетика и электротехника;Электропривод и автоматика;Заочная форма;Бакалавриат
3728;Обучается;4ЭЛба-1;1;Факультет энергетики и управления (ФЭУ);Кафедра «Электропривод и автоматизация промышленных установок» (ЭПАПУ);13.03.02;Электроэнергетика и электротехника;Электропривод и автоматика;Заочная форма;Бакалавриат
3729;Обучается;4ЭЛба-1;1;Факультет энергетики и управления (ФЭУ);Кафедра «Электропривод и автоматизация промышленных установок» (ЭПАПУ);13.03.02;Электроэнергетика и электротехника;Электропривод и автоматика;Заочная форма;Бакалавриат
3730;Академический отпуск;4ЭЛба-1;1;Факультет энергетики и управления (ФЭУ);Кафедра «Электропривод и автоматизация промышленных установок» (ЭПАПУ);13.03.02;Электроэнергетика и электротехника;Электропривод и автоматика;Заочная форма;Бакалавриат
3731;Обучается;4ЭЛба-1;1;Факультет энергетики и управления (ФЭУ);Кафедра «Электропривод и автоматизация промышленных установок» (ЭПАПУ);13.03.02;Электроэнергетика и электротехника;Электропривод и автоматика;Заочная форма;Бакалавриат
3732;Обучается;4ЭЛба-1;1;Факультет энергетики и управления (ФЭУ);Кафедра «Электропривод и автоматизация промышленных установок» (ЭПАПУ);13.03.02;Электроэнергетика и электротехника;Электропривод и автоматика;Заочная форма;Бакалавриат
3733;Обучается;4ЭЛба-1;1;Факультет энергетики и управления (ФЭУ);Кафедра «Электропривод и автоматизация промышленных установок» (ЭПАПУ);13.03.02;Электроэнергетика и электротехника;Электропривод и автоматика;Заочная форма;Бакалавриат
3734;Обучается;4ЭЛба-1;1;Факультет энергетики и управления (ФЭУ);Кафедра «Электропривод и автоматизация промышленных установок» (ЭПАПУ);13.03.02;Электроэнергетика и электротехника;Электропривод и автоматика;Заочная форма;Бакалавриат
3735;Обучается;3ЭЛба-1;2;Факультет энергетики и управления (ФЭУ);Кафедра «Электропривод и автоматизация промышленных установок» (ЭПАПУ);13.03.02;Электроэнергетика и электротехника;Электропривод и автоматика;Заочная форма;Бакалавриат
3736;Обучается;3ЭЛба-1;2;Факультет энергетики и управления (ФЭУ);Кафедра «Электропривод и автоматизация промышленных установок» (ЭПАПУ);13.03.02;Электроэнергетика и электротехника;Электропривод и автоматика;Заочная форма;Бакалавриат
3737;Обучается;3ЭЛба-1;2;Факультет энергетики и управления (ФЭУ);Кафедра «Электропривод и автоматизация промышленных установок» (ЭПАПУ);13.03.02;Электроэнергетика и электротехника;Электропривод и автоматика;Заочная форма;Бакалавриат
3738;Обучается;3ЭЛба-1;2;Факультет энергетики и управления (ФЭУ);Кафедра «Электропривод и автоматизация промышленных установок» (ЭПАПУ);13.03.02;Электроэнергетика и электротехника;Электропривод и автоматика;Заочная форма;Бакалавриат
3739;Обучается;3ЭЛба-1;2;Факультет энергетики и управления (ФЭУ);Кафедра «Электропривод и автоматизация промышленных установок» (ЭПАПУ);13.03.02;Электроэнергетика и электротехника;Электропривод и автоматика;Заочная форма;Бакалавриат
3740;Обучается;3ЭЛба-1;2;Факультет энергетики и управления (ФЭУ);Кафедра «Электропривод и автоматизация промышленных установок» (ЭПАПУ);13.03.02;Электроэнергетика и электротехника;Электропривод и автоматика;Заочная форма;Бакалавриат
3741;Обучается;3ЭЛба-1;2;Факультет энергетики и управления (ФЭУ);Кафедра «Электропривод и автоматизация промышленных установок» (ЭПАПУ);13.03.02;Электроэнергетика и электротехника;Электропривод и автоматика;Заочная форма;Бакалавриат
3742;Обучается;3ЭЛба-1;2;Факультет энергетики и управления (ФЭУ);Кафедра «Электропривод и автоматизация промышленных установок» (ЭПАПУ);13.03.02;Электроэнергетика и электротехника;Электропривод и автоматика;Заочная форма;Бакалавриат
3743;Академический отпуск;3ЭЛба-1;2;Факультет энергетики и управления (ФЭУ);Кафедра «Электропривод и автоматизация промышленных установок» (ЭПАПУ);13.03.02;Электроэнергетика и электротехника;Электропривод и автоматика;Заочная форма;Бакалавриат
3744;Обучается;3ЭЛба-1;2;Факультет энергетики и управления (ФЭУ);Кафедра «Электропривод и автоматизация промышленных установок» (ЭПАПУ);13.03.02;Электроэнергетика и электротехника;Электропривод и автоматика;Заочная форма;Бакалавриат
3745;Обучается;3ЭЛба-1;2;Факультет энергетики и управления (ФЭУ);Кафедра «Электропривод и автоматизация промышленных установок» (ЭПАПУ);13.03.02;Электроэнергетика и электротехника;Электропривод и автоматика;Заочная форма;Бакалавриат
3746;Обучается;3ЭЛба-1;2;Факультет энергетики и управления (ФЭУ);Кафедра «Электропривод и автоматизация промышленных установок» (ЭПАПУ);13.03.02;Электроэнергетика и электротехника;Электропривод и автоматика;Заочная форма;Бакалавриат
3747;Обучается;3ЭЛба-1;2;Факультет энергетики и управления (ФЭУ);Кафедра «Электропривод и автоматизация промышленных установок» (ЭПАПУ);13.03.02;Электроэнергетика и электротехника;Электропривод и автоматика;Заочная форма;Бакалавриат
3748;Обучается;3ЭЛба-1;2;Факультет энергетики и управления (ФЭУ);Кафедра «Электропривод и автоматизация промышленных установок» (ЭПАПУ);13.03.02;Электроэнергетика и электротехника;Электропривод и автоматика;Заочная форма;Бакалавриат
3749;Обучается;3ЭЛба-1;2;Факультет энергетики и управления (ФЭУ);Кафедра «Электропривод и автоматизация промышленных установок» (ЭПАПУ);13.03.02;Электроэнергетика и электротехника;Электропривод и автоматика;Заочная форма;Бакалавриат
3750;Академический отпуск;3ЭЛба-1;2;Факультет энергетики и управления (ФЭУ);Кафедра «Электропривод и автоматизация промышленных установок» (ЭПАПУ);13.03.02;Электроэнергетика и электротехника;Электропривод и автоматика;Заочная форма;Бакалавриат
3751;Обучается;3ЭЛба-1;2;Факультет энергетики и управления (ФЭУ);Кафедра «Электропривод и автоматизация промышленных установок» (ЭПАПУ);13.03.02;Электроэнергетика и электротехника;Электропривод и автоматика;Заочная форма;Бакалавриат
3752;Обучается;3ЭЛба-1;2;Факультет энергетики и управления (ФЭУ);Кафедра «Электропривод и автоматизация промышленных установок» (ЭПАПУ);13.03.02;Электроэнергетика и электротехника;Электропривод и автоматика;Заочная форма;Бакалавриат
3753;Обучается;3ЭЛба-1;2;Факультет энергетики и управления (ФЭУ);Кафедра «Электропривод и автоматизация промышленных установок» (ЭПАПУ);13.03.02;Электроэнергетика и электротехника;Электропривод и автоматика;Заочная форма;Бакалавриат
3754;Обучается;3ЭЛба-1;2;Факультет энергетики и управления (ФЭУ);Кафедра «Электропривод и автоматизация промышленных установок» (ЭПАПУ);13.03.02;Электроэнергетика и электротехника;Электропривод и автоматика;Заочная форма;Бакалавриат
3755;Обучается;3ЭЛба-1;2;Факультет энергетики и управления (ФЭУ);Кафедра «Электропривод и автоматизация промышленных установок» (ЭПАПУ);13.03.02;Электроэнергетика и электротехника;Электропривод и автоматика;Заочная форма;Бакалавриат
3756;Обучается;2ЭЛба-1;3;Факультет энергетики и управления (ФЭУ);Кафедра «Электропривод и автоматизация промышленных установок» (ЭПАПУ);13.03.02;Электроэнергетика и электротехника;Электропривод и автоматика;Заочная форма;Бакалавриат
3757;Обучается;2ЭЛба-1;3;Факультет энергетики и управления (ФЭУ);Кафедра «Электропривод и автоматизация промышленных установок» (ЭПАПУ);13.03.02;Электроэнергетика и электротехника;Электропривод и автоматика;Заочная форма;Бакалавриат
3758;Обучается;2ЭЛба-1;3;Факультет энергетики и управления (ФЭУ);Кафедра «Электропривод и автоматизация промышленных установок» (ЭПАПУ);13.03.02;Электроэнергетика и электротехника;Электропривод и автоматика;Заочная форма;Бакалавриат
3759;Обучается;2ЭЛба-1;3;Факультет энергетики и управления (ФЭУ);Кафедра «Электропривод и автоматизация промышленных установок» (ЭПАПУ);13.03.02;Электроэнергетика и электротехника;Электропривод и автоматика;Заочная форма;Бакалавриат
3760;Обучается;2ЭЛба-1;3;Факультет энергетики и управления (ФЭУ);Кафедра «Электропривод и автоматизация промышленных установок» (ЭПАПУ);13.03.02;Электроэнергетика и электротехника;Электропривод и автоматика;Заочная форма;Бакалавриат
3761;Обучается;2ЭЛба-1;3;Факультет энергетики и управления (ФЭУ);Кафедра «Электропривод и автоматизация промышленных установок» (ЭПАПУ);13.03.02;Электроэнергетика и электротехника;Электропривод и автоматика;Заочная форма;Бакалавриат
3762;Обучается;2ЭЛба-1;3;Факультет энергетики и управления (ФЭУ);Кафедра «Электропривод и автоматизация промышленных установок» (ЭПАПУ);13.03.02;Электроэнергетика и электротехника;Электропривод и автоматика;Заочная форма;Бакалавриат
3763;Обучается;2ЭЛба-1;3;Факультет энергетики и управления (ФЭУ);Кафедра «Электропривод и автоматизация промышленных установок» (ЭПАПУ);13.03.02;Электроэнергетика и электротехника;Электропривод и автоматика;Заочная форма;Бакалавриат
3764;Обучается;2ЭЛба-1;3;Факультет энергетики и управления (ФЭУ);Кафедра «Электропривод и автоматизация промышленных установок» (ЭПАПУ);13.03.02;Электроэнергетика и электротехника;Электропривод и автоматика;Заочная форма;Бакалавриат
3765;Обучается;2ЭЛба-1;3;Факультет энергетики и управления (ФЭУ);Кафедра «Электропривод и автоматизация промышленных установок» (ЭПАПУ);13.03.02;Электроэнергетика и электротехника;Электропривод и автоматика;Заочная форма;Бакалавриат
3766;Обучается;2ЭЛба-1;3;Факультет энергетики и управления (ФЭУ);Кафедра «Электропривод и автоматизация промышленных установок» (ЭПАПУ);13.03.02;Электроэнергетика и электротехника;Электропривод и автоматика;Заочная форма;Бакалавриат
3767;Обучается;2ЭЛба-1;3;Факультет энергетики и управления (ФЭУ);Кафедра «Электропривод и автоматизация промышленных установок» (ЭПАПУ);13.03.02;Электроэнергетика и электротехника;Электропривод и автоматика;Заочная форма;Бакалавриат
3768;Обучается;2ЭЛба-1;3;Факультет энергетики и управления (ФЭУ);Кафедра «Электропривод и автоматизация промышленных установок» (ЭПАПУ);13.03.02;Электроэнергетика и электротехника;Электропривод и автоматика;Заочная форма;Бакалавриат
3769;Обучается;2ЭЛба-1;3;Факультет энергетики и управления (ФЭУ);Кафедра «Электропривод и автоматизация промышленных установок» (ЭПАПУ);13.03.02;Электроэнергетика и электротехника;Электропривод и автоматика;Заочная форма;Бакалавриат
3770;Обучается;2ЭЛба-1;3;Факультет энергетики и управления (ФЭУ);Кафедра «Электропривод и автоматизация промышленных установок» (ЭПАПУ);13.03.02;Электроэнергетика и электротехника;Электропривод и автоматика;Заочная форма;Бакалавриат
3771;Обучается;1ЭЛба-1;4;Факультет энергетики и управления (ФЭУ);Кафедра «Электропривод и автоматизация промышленных установок» (ЭПАПУ);13.03.02;Электроэнергетика и электротехника;Электропривод и автоматика;Заочная форма;Бакалавриат
3772;Академический отпуск;1ЭЛба-1;4;Факультет энергетики и управления (ФЭУ);Кафедра «Электропривод и автоматизация промышленных установок» (ЭПАПУ);13.03.02;Электроэнергетика и электротехника;Электропривод и автоматика;Заочная форма;Бакалавриат
3773;Обучается;1ЭЛба-1;4;Факультет энергетики и управления (ФЭУ);Кафедра «Электропривод и автоматизация промышленных установок» (ЭПАПУ);13.03.02;Электроэнергетика и электротехника;Электропривод и автоматика;Заочная форма;Бакалавриат
3774;Обучается;1ЭЛба-1;4;Факультет энергетики и управления (ФЭУ);Кафедра «Электропривод и автоматизация промышленных установок» (ЭПАПУ);13.03.02;Электроэнергетика и электротехника;Электропривод и автоматика;Заочная форма;Бакалавриат
3775;Обучается;1ЭЛба-1;4;Факультет энергетики и управления (ФЭУ);Кафедра «Электропривод и автоматизация промышленных установок» (ЭПАПУ);13.03.02;Электроэнергетика и электротехника;Электропривод и автоматика;Заочная форма;Бакалавриат
3776;Обучается;1ЭЛба-1;4;Факультет энергетики и управления (ФЭУ);Кафедра «Электропривод и автоматизация промышленных установок» (ЭПАПУ);13.03.02;Электроэнергетика и электротехника;Электропривод и автоматика;Заочная форма;Бакалавриат
3777;Обучается;1ЭЛба-1;4;Факультет энергетики и управления (ФЭУ);Кафедра «Электропривод и автоматизация промышленных установок» (ЭПАПУ);13.03.02;Электроэнергетика и электротехника;Электропривод и автоматика;Заочная форма;Бакалавриат
3778;Обучается;1ЭЛба-1;4;Факультет энергетики и управления (ФЭУ);Кафедра «Электропривод и автоматизация промышленных установок» (ЭПАПУ);13.03.02;Электроэнергетика и электротехника;Электропривод и автоматика;Заочная форма;Бакалавриат
3779;Обучается;1ЭЛба-1;4;Факультет энергетики и управления (ФЭУ);Кафедра «Электропривод и автоматизация промышленных установок» (ЭПАПУ);13.03.02;Электроэнергетика и электротехника;Электропривод и автоматика;Заочная форма;Бакалавриат
3780;Обучается;1ЭЛба-1;4;Факультет энергетики и управления (ФЭУ);Кафедра «Электропривод и автоматизация промышленных установок» (ЭПАПУ);13.03.02;Электроэнергетика и электротехника;Электропривод и автоматика;Заочная форма;Бакалавриат
3781;Академический отпуск;1ЭЛба-1;4;Факультет энергетики и управления (ФЭУ);Кафедра «Электропривод и автоматизация промышленных установок» (ЭПАПУ);13.03.02;Электроэнергетика и электротехника;Электропривод и автоматика;Заочная форма;Бакалавриат
3782;Обучается;1ЭЛба-1;4;Факультет энергетики и управления (ФЭУ);Кафедра «Электропривод и автоматизация промышленных установок» (ЭПАПУ);13.03.02;Электроэнергетика и электротехника;Электропривод и автоматика;Заочная форма;Бакалавриат
3783;Обучается;1ЭЛба-1;4;Факультет энергетики и управления (ФЭУ);Кафедра «Электропривод и автоматизация промышленных установок» (ЭПАПУ);13.03.02;Электроэнергетика и электротехника;Электропривод и автоматика;Заочная форма;Бакалавриат
3784;Обучается;1ЭЛба-1;4;Факультет энергетики и управления (ФЭУ);Кафедра «Электропривод и автоматизация промышленных установок» (ЭПАПУ);13.03.02;Электроэнергетика и электротехника;Электропривод и автоматика;Заочная форма;Бакалавриат
3785;Обучается;1ЭЛба-1;4;Факультет энергетики и управления (ФЭУ);Кафедра «Электропривод и автоматизация промышленных установок» (ЭПАПУ);13.03.02;Электроэнергетика и электротехника;Электропривод и автоматика;Заочная форма;Бакалавриат
3786;Обучается;1ЭЛба-1;4;Факультет энергетики и управления (ФЭУ);Кафедра «Электропривод и автоматизация промышленных установок» (ЭПАПУ);13.03.02;Электроэнергетика и электротехника;Электропривод и автоматика;Заочная форма;Бакалавриат
3787;Обучается;1ЭЛба-1;4;Факультет энергетики и управления (ФЭУ);Кафедра «Электропривод и автоматизация промышленных установок» (ЭПАПУ);13.03.02;Электроэнергетика и электротехника;Электропривод и автоматика;Заочная форма;Бакалавриат
3788;Обучается;1ЭЛба-1;4;Факультет энергетики и управления (ФЭУ);Кафедра «Электропривод и автоматизация промышленных установок» (ЭПАПУ);13.03.02;Электроэнергетика и электротехника;Электропривод и автоматика;Заочная форма;Бакалавриат
3789;Обучается;3ЭЛма-1;2;Факультет энергетики и управления (ФЭУ);Кафедра «Электропривод и автоматизация промышленных установок» (ЭПАПУ);13.04.02;Электроэнергетика и электротехника;Электропривод и автоматика;Заочная форма;Магистратура
3790;Обучается;3ЭЛма-1;2;Факультет энергетики и управления (ФЭУ);Кафедра «Электропривод и автоматизация промышленных установок» (ЭПАПУ);13.04.02;Электроэнергетика и электротехника;Электропривод и автоматика;Заочная форма;Магистратура
3791;Обучается;3ЭЛма-1;2;Факультет энергетики и управления (ФЭУ);Кафедра «Электропривод и автоматизация промышленных установок» (ЭПАПУ);13.04.02;Электроэнергетика и электротехника;Электропривод и автоматика;Заочная форма;Магистратура
3792;Обучается;3ЭЛма-1;2;Факультет энергетики и управления (ФЭУ);Кафедра «Электропривод и автоматизация промышленных установок» (ЭПАПУ);13.04.02;Электроэнергетика и электротехника;Электропривод и автоматика;Заочная форма;Магистратура
3793;Обучается;3ЭЛма-1;2;Факультет энергетики и управления (ФЭУ);Кафедра «Электропривод и автоматизация промышленных установок» (ЭПАПУ);13.04.02;Электроэнергетика и электротехника;Электропривод и автоматика;Заочная форма;Магистратура
3794;Обучается;3ЭЛма-1;2;Факультет энергетики и управления (ФЭУ);Кафедра «Электропривод и автоматизация промышленных установок» (ЭПАПУ);13.04.02;Электроэнергетика и электротехника;Электропривод и автоматика;Заочная форма;Магистратура
3795;Обучается;3ЭЛма-1;2;Факультет энергетики и управления (ФЭУ);Кафедра «Электропривод и автоматизация промышленных установок» (ЭПАПУ);13.04.02;Электроэнергетика и электротехника;Электропривод и автоматика;Заочная форма;Магистратура
3796;Обучается;3ГУбв-1;2;Социально-гуманитарный факультет (СГФ);Кафедра «Педагогика,  психология и социальная работа» (ППСР);38.03.04;Государственное и муниципальное управление;Управление государственными проектами и программами;Очно-заочная форма;Бакалавриат
3797;Обучается;3ГУбв-1;2;Социально-гуманитарный факультет (СГФ);Кафедра «Педагогика,  психология и социальная работа» (ППСР);38.03.04;Государственное и муниципальное управление;Управление государственными проектами и программами;Очно-заочная форма;Бакалавриат
3798;Обучается;3ГУбв-1;2;Социально-гуманитарный факультет (СГФ);Кафедра «Педагогика,  психология и социальная работа» (ППСР);38.03.04;Государственное и муниципальное управление;Управление государственными проектами и программами;Очно-заочная форма;Бакалавриат
3799;Обучается;3ГУбв-1;2;Социально-гуманитарный факультет (СГФ);Кафедра «Педагогика,  психология и социальная работа» (ППСР);38.03.04;Государственное и муниципальное управление;Управление государственными проектами и программами;Очно-заочная форма;Бакалавриат
3800;Обучается;3ГУбв-1;2;Социально-гуманитарный факультет (СГФ);Кафедра «Педагогика,  психология и социальная работа» (ППСР);38.03.04;Государственное и муниципальное управление;Управление государственными проектами и программами;Очно-заочная форма;Бакалавриат
3801;Обучается;3ГУбв-1;2;Социально-гуманитарный факультет (СГФ);Кафедра «Педагогика,  психология и социальная работа» (ППСР);38.03.04;Государственное и муниципальное управление;Управление государственными проектами и программами;Очно-заочная форма;Бакалавриат
3802;Обучается;3ГУбв-1;2;Социально-гуманитарный факультет (СГФ);Кафедра «Педагогика,  психология и социальная работа» (ППСР);38.03.04;Государственное и муниципальное управление;Управление государственными проектами и программами;Очно-заочная форма;Бакалавриат
3803;Обучается;1ГУбв-1;4;Социально-гуманитарный факультет (СГФ);Кафедра «Педагогика,  психология и социальная работа» (ППСР);38.03.04;Государственное и муниципальное управление;Управление государственными проектами и программами;Очно-заочная форма;Бакалавриат
3804;Обучается;1ГУбв-1;4;Социально-гуманитарный факультет (СГФ);Кафедра «Педагогика,  психология и социальная работа» (ППСР);38.03.04;Государственное и муниципальное управление;Управление государственными проектами и программами;Очно-заочная форма;Бакалавриат
3805;Обучается;1ГУбв-1;4;Социально-гуманитарный факультет (СГФ);Кафедра «Педагогика,  психология и социальная работа» (ППСР);38.03.04;Государственное и муниципальное управление;Управление государственными проектами и программами;Очно-заочная форма;Бакалавриат
3806;Академический отпуск;1ГУбв-1;4;Социально-гуманитарный факультет (СГФ);Кафедра «Педагогика,  психология и социальная работа» (ППСР);38.03.04;Государственное и муниципальное управление;Управление государственными проектами и программами;Очно-заочная форма;Бакалавриат
3807;Обучается;1ГУбв-1;4;Социально-гуманитарный факультет (СГФ);Кафедра «Педагогика,  психология и социальная работа» (ППСР);38.03.04;Государственное и муниципальное управление;Управление государственными проектами и программами;Очно-заочная форма;Бакалавриат
3808;Обучается;1ГУбв-1;4;Социально-гуманитарный факультет (СГФ);Кафедра «Педагогика,  психология и социальная работа» (ППСР);38.03.04;Государственное и муниципальное управление;Управление государственными проектами и программами;Очно-заочная форма;Бакалавриат
3809;Обучается;1ГУбв-1;4;Социально-гуманитарный факультет (СГФ);Кафедра «Педагогика,  психология и социальная работа» (ППСР);38.03.04;Государственное и муниципальное управление;Управление государственными проектами и программами;Очно-заочная форма;Бакалавриат
3810;Обучается;1ГУбв-1;4;Социально-гуманитарный факультет (СГФ);Кафедра «Педагогика,  психология и социальная работа» (ППСР);38.03.04;Государственное и муниципальное управление;Управление государственными проектами и программами;Очно-заочная форма;Бакалавриат
3811;Обучается;1ГУбв-1;4;Социально-гуманитарный факультет (СГФ);Кафедра «Педагогика,  психология и социальная работа» (ППСР);38.03.04;Государственное и муниципальное управление;Управление государственными проектами и программами;Очно-заочная форма;Бакалавриат
3812;Обучается;1ГУбв-1;4;Социально-гуманитарный факультет (СГФ);Кафедра «Педагогика,  психология и социальная работа» (ППСР);38.03.04;Государственное и муниципальное управление;Управление государственными проектами и программами;Очно-заочная форма;Бакалавриат
3813;Обучается;1ГУбв-1;4;Социально-гуманитарный факультет (СГФ);Кафедра «Педагогика,  психология и социальная работа» (ППСР);38.03.04;Государственное и муниципальное управление;Управление государственными проектами и программами;Очно-заочная форма;Бакалавриат
3814;Академический отпуск;1ГУбв-1;4;Социально-гуманитарный факультет (СГФ);Кафедра «Педагогика,  психология и социальная работа» (ППСР);38.03.04;Государственное и муниципальное управление;Управление государственными проектами и программами;Очно-заочная форма;Бакалавриат
3815;Обучается;1ГУбв-1;4;Социально-гуманитарный факультет (СГФ);Кафедра «Педагогика,  психология и социальная работа» (ППСР);38.03.04;Государственное и муниципальное управление;Управление государственными проектами и программами;Очно-заочная форма;Бакалавриат
3816;Обучается;1ГУбв-1;4;Социально-гуманитарный факультет (СГФ);Кафедра «Педагогика,  психология и социальная работа» (ППСР);38.03.04;Государственное и муниципальное управление;Управление государственными проектами и программами;Очно-заочная форма;Бакалавриат
3817;Обучается;1ГУбв-1;4;Социально-гуманитарный факультет (СГФ);Кафедра «Педагогика,  психология и социальная работа» (ППСР);38.03.04;Государственное и муниципальное управление;Управление государственными проектами и программами;Очно-заочная форма;Бакалавриат
3818;Обучается;4ГУмв-1;1;Социально-гуманитарный факультет (СГФ);Кафедра «Педагогика,  психология и социальная работа» (ППСР);38.04.04;Государственное и муниципальное управление;Управление государственными проектами и программами;Очно-заочная форма;Магистратура
3819;Обучается;4ГУмв-1;1;Социально-гуманитарный факультет (СГФ);Кафедра «Педагогика,  психология и социальная работа» (ППСР);38.04.04;Государственное и муниципальное управление;Управление государственными проектами и программами;Очно-заочная форма;Магистратура
3820;Обучается;4ГУмв-1;1;Социально-гуманитарный факультет (СГФ);Кафедра «Педагогика,  психология и социальная работа» (ППСР);38.04.04;Государственное и муниципальное управление;Управление государственными проектами и программами;Очно-заочная форма;Магистратура
3821;Обучается;4ГУмв-1;1;Социально-гуманитарный факультет (СГФ);Кафедра «Педагогика,  психология и социальная работа» (ППСР);38.04.04;Государственное и муниципальное управление;Управление государственными проектами и программами;Очно-заочная форма;Магистратура
3822;Обучается;4ГУмв-1;1;Социально-гуманитарный факультет (СГФ);Кафедра «Педагогика,  психология и социальная работа» (ППСР);38.04.04;Государственное и муниципальное управление;Управление государственными проектами и программами;Очно-заочная форма;Магистратура
3823;Академический отпуск;3ГУмв-1;2;Социально-гуманитарный факультет (СГФ);Кафедра «Педагогика,  психология и социальная работа» (ППСР);38.04.04;Государственное и муниципальное управление;Управление государственными проектами и программами;Очно-заочная форма;Магистратура
3824;Академический отпуск;3ГУмв-1;2;Социально-гуманитарный факультет (СГФ);Кафедра «Педагогика,  психология и социальная работа» (ППСР);38.04.04;Государственное и муниципальное управление;Управление государственными проектами и программами;Очно-заочная форма;Магистратура
3825;Обучается;3ГУмв-1;2;Социально-гуманитарный факультет (СГФ);Кафедра «Педагогика,  психология и социальная работа» (ППСР);38.04.04;Государственное и муниципальное управление;Управление государственными проектами и программами;Очно-заочная форма;Магистратура
3826;Обучается;3ГУмв-1;2;Социально-гуманитарный факультет (СГФ);Кафедра «Педагогика,  психология и социальная работа» (ППСР);38.04.04;Государственное и муниципальное управление;Управление государственными проектами и программами;Очно-заочная форма;Магистратура
3827;Обучается;3ГУмв-1;2;Социально-гуманитарный факультет (СГФ);Кафедра «Педагогика,  психология и социальная работа» (ППСР);38.04.04;Государственное и муниципальное управление;Управление государственными проектами и программами;Очно-заочная форма;Магистратура
3828;Академический отпуск;3ГУмв-1;2;Социально-гуманитарный факультет (СГФ);Кафедра «Педагогика,  психология и социальная работа» (ППСР);38.04.04;Государственное и муниципальное управление;Управление государственными проектами и программами;Очно-заочная форма;Магистратура
3829;Обучается;3ГУмв-1;2;Социально-гуманитарный факультет (СГФ);Кафедра «Педагогика,  психология и социальная работа» (ППСР);38.04.04;Государственное и муниципальное управление;Управление государственными проектами и программами;Очно-заочная форма;Магистратура
3830;Обучается;3ГУмв-1;2;Социально-гуманитарный факультет (СГФ);Кафедра «Педагогика,  психология и социальная работа» (ППСР);38.04.04;Государственное и муниципальное управление;Управление государственными проектами и программами;Очно-заочная форма;Магистратура
3831;Академический отпуск;3ГУмв-1;2;Социально-гуманитарный факультет (СГФ);Кафедра «Педагогика,  психология и социальная работа» (ППСР);38.04.04;Государственное и муниципальное управление;Управление государственными проектами и программами;Очно-заочная форма;Магистратура
3832;Обучается;0ЮРб4в-1;;Социально-гуманитарный факультет (СГФ);Кафедра «Публичное и частное право» (ПЧП);40.03.01;Юриспруденция;Государственно-правовой;Очно-заочная форма;Бакалавриат
3833;Обучается;0ЮРб4в-1;;Социально-гуманитарный факультет (СГФ);Кафедра «Публичное и частное право» (ПЧП);40.03.01;Юриспруденция;Государственно-правовой;Очно-заочная форма;Бакалавриат
3834;Обучается;0ЮРб4в-2;;Социально-гуманитарный факультет (СГФ);Кафедра «Публичное и частное право» (ПЧП);40.03.01;Юриспруденция;Государственно-правовой;Очно-заочная форма;Бакалавриат
3835;Обучается;4ЮРбв-1;1;Социально-гуманитарный факультет (СГФ);Кафедра «Публичное и частное право» (ПЧП);40.03.01;Юриспруденция;Государственно-правовой;Очно-заочная форма;Бакалавриат
3836;Обучается;4ЮРбв-1;1;Социально-гуманитарный факультет (СГФ);Кафедра «Публичное и частное право» (ПЧП);40.03.01;Юриспруденция;Государственно-правовой;Очно-заочная форма;Бакалавриат
3837;Обучается;4ЮРбв-1;1;Социально-гуманитарный факультет (СГФ);Кафедра «Публичное и частное право» (ПЧП);40.03.01;Юриспруденция;Государственно-правовой;Очно-заочная форма;Бакалавриат
3838;Обучается;4ЮРбв-1;1;Социально-гуманитарный факультет (СГФ);Кафедра «Публичное и частное право» (ПЧП);40.03.01;Юриспруденция;Государственно-правовой;Очно-заочная форма;Бакалавриат
3839;Обучается;4ЮРбв-1;1;Социально-гуманитарный факультет (СГФ);Кафедра «Публичное и частное право» (ПЧП);40.03.01;Юриспруденция;Государственно-правовой;Очно-заочная форма;Бакалавриат
3840;Обучается;4ЮРбв-1;1;Социально-гуманитарный факультет (СГФ);Кафедра «Публичное и частное право» (ПЧП);40.03.01;Юриспруденция;Государственно-правовой;Очно-заочная форма;Бакалавриат
3841;Обучается;4ЮРбв-1;1;Социально-гуманитарный факультет (СГФ);Кафедра «Публичное и частное право» (ПЧП);40.03.01;Юриспруденция;Государственно-правовой;Очно-заочная форма;Бакалавриат
3842;Обучается;4ЮРбв-1;1;Социально-гуманитарный факультет (СГФ);Кафедра «Публичное и частное право» (ПЧП);40.03.01;Юриспруденция;Государственно-правовой;Очно-заочная форма;Бакалавриат
3843;Обучается;4ЮРбв-1;1;Социально-гуманитарный факультет (СГФ);Кафедра «Публичное и частное право» (ПЧП);40.03.01;Юриспруденция;Государственно-правовой;Очно-заочная форма;Бакалавриат
3844;Обучается;4ЮРбв-1;1;Социально-гуманитарный факультет (СГФ);Кафедра «Публичное и частное право» (ПЧП);40.03.01;Юриспруденция;Государственно-правовой;Очно-заочная форма;Бакалавриат
3845;Обучается;4ЮРбв-1;1;Социально-гуманитарный факультет (СГФ);Кафедра «Публичное и частное право» (ПЧП);40.03.01;Юриспруденция;Государственно-правовой;Очно-заочная форма;Бакалавриат
3846;Обучается;4ЮРбв-1;1;Социально-гуманитарный факультет (СГФ);Кафедра «Публичное и частное право» (ПЧП);40.03.01;Юриспруденция;Государственно-правовой;Очно-заочная форма;Бакалавриат
3847;Обучается;4ЮРбв-1;1;Социально-гуманитарный факультет (СГФ);Кафедра «Публичное и частное право» (ПЧП);40.03.01;Юриспруденция;Государственно-правовой;Очно-заочная форма;Бакалавриат
3848;Обучается;4ЮРбв-1;1;Социально-гуманитарный факультет (СГФ);Кафедра «Публичное и частное право» (ПЧП);40.03.01;Юриспруденция;Государственно-правовой;Очно-заочная форма;Бакалавриат
3849;Обучается;4ЮРбв-1;1;Социально-гуманитарный факультет (СГФ);Кафедра «Публичное и частное право» (ПЧП);40.03.01;Юриспруденция;Государственно-правовой;Очно-заочная форма;Бакалавриат
3850;Академический отпуск;4ЮРбв-1;1;Социально-гуманитарный факультет (СГФ);Кафедра «Публичное и частное право» (ПЧП);40.03.01;Юриспруденция;Государственно-правовой;Очно-заочная форма;Бакалавриат
3851;Обучается;4ЮРбв-1;1;Социально-гуманитарный факультет (СГФ);Кафедра «Публичное и частное право» (ПЧП);40.03.01;Юриспруденция;Государственно-правовой;Очно-заочная форма;Бакалавриат
3852;Академический отпуск;4ЮРбв-1;1;Социально-гуманитарный факультет (СГФ);Кафедра «Публичное и частное право» (ПЧП);40.03.01;Юриспруденция;Государственно-правовой;Очно-заочная форма;Бакалавриат
3853;Обучается;4ЮРбв-1;1;Социально-гуманитарный факультет (СГФ);Кафедра «Публичное и частное право» (ПЧП);40.03.01;Юриспруденция;Государственно-правовой;Очно-заочная форма;Бакалавриат
3854;Обучается;4ЮРбв-1;1;Социально-гуманитарный факультет (СГФ);Кафедра «Публичное и частное право» (ПЧП);40.03.01;Юриспруденция;Государственно-правовой;Очно-заочная форма;Бакалавриат
3855;Обучается;4ЮРбв-1;1;Социально-гуманитарный факультет (СГФ);Кафедра «Публичное и частное право» (ПЧП);40.03.01;Юриспруденция;Государственно-правовой;Очно-заочная форма;Бакалавриат
3856;Обучается;4ЮРбв-1;1;Социально-гуманитарный факультет (СГФ);Кафедра «Публичное и частное право» (ПЧП);40.03.01;Юриспруденция;Государственно-правовой;Очно-заочная форма;Бакалавриат
3857;Обучается;4ЮРбв-1;1;Социально-гуманитарный факультет (СГФ);Кафедра «Публичное и частное право» (ПЧП);40.03.01;Юриспруденция;Государственно-правовой;Очно-заочная форма;Бакалавриат
3858;Обучается;4ЮРбв-1;1;Социально-гуманитарный факультет (СГФ);Кафедра «Публичное и частное право» (ПЧП);40.03.01;Юриспруденция;Государственно-правовой;Очно-заочная форма;Бакалавриат
3859;Обучается;4ЮРбв-1;1;Социально-гуманитарный факультет (СГФ);Кафедра «Публичное и частное право» (ПЧП);40.03.01;Юриспруденция;Государственно-правовой;Очно-заочная форма;Бакалавриат
3860;Академический отпуск;4ЮРбв-1;1;Социально-гуманитарный факультет (СГФ);Кафедра «Публичное и частное право» (ПЧП);40.03.01;Юриспруденция;Государственно-правовой;Очно-заочная форма;Бакалавриат
3861;Обучается;4ЮРбв-1;1;Социально-гуманитарный факультет (СГФ);Кафедра «Публичное и частное право» (ПЧП);40.03.01;Юриспруденция;Государственно-правовой;Очно-заочная форма;Бакалавриат
3862;Обучается;4ЮРбв-1;1;Социально-гуманитарный факультет (СГФ);Кафедра «Публичное и частное право» (ПЧП);40.03.01;Юриспруденция;Государственно-правовой;Очно-заочная форма;Бакалавриат
3863;Обучается;4ЮРбв-1;1;Социально-гуманитарный факультет (СГФ);Кафедра «Публичное и частное право» (ПЧП);40.03.01;Юриспруденция;Государственно-правовой;Очно-заочная форма;Бакалавриат
3864;Обучается;4ЮРбв-1;1;Социально-гуманитарный факультет (СГФ);Кафедра «Публичное и частное право» (ПЧП);40.03.01;Юриспруденция;Государственно-правовой;Очно-заочная форма;Бакалавриат
3865;Обучается;4ЮРбв-1;1;Социально-гуманитарный факультет (СГФ);Кафедра «Публичное и частное право» (ПЧП);40.03.01;Юриспруденция;Государственно-правовой;Очно-заочная форма;Бакалавриат
3866;Обучается;4ЮРбв-1;1;Социально-гуманитарный факультет (СГФ);Кафедра «Публичное и частное право» (ПЧП);40.03.01;Юриспруденция;Государственно-правовой;Очно-заочная форма;Бакалавриат
3867;Обучается;4ЮРбв-1;1;Социально-гуманитарный факультет (СГФ);Кафедра «Публичное и частное право» (ПЧП);40.03.01;Юриспруденция;Государственно-правовой;Очно-заочная форма;Бакалавриат
3868;Обучается;4ЮРбв-1;1;Социально-гуманитарный факультет (СГФ);Кафедра «Публичное и частное право» (ПЧП);40.03.01;Юриспруденция;Государственно-правовой;Очно-заочная форма;Бакалавриат
3869;Обучается;4ЮРбв-1;1;Социально-гуманитарный факультет (СГФ);Кафедра «Публичное и частное право» (ПЧП);40.03.01;Юриспруденция;Государственно-правовой;Очно-заочная форма;Бакалавриат
3870;Академический отпуск;4ЮРбв-1;1;Социально-гуманитарный факультет (СГФ);Кафедра «Публичное и частное право» (ПЧП);40.03.01;Юриспруденция;Государственно-правовой;Очно-заочная форма;Бакалавриат
3871;Обучается;3ЮРбв-1;2;Социально-гуманитарный факультет (СГФ);Кафедра «Публичное и частное право» (ПЧП);40.03.01;Юриспруденция;Государственно-правовой;Очно-заочная форма;Бакалавриат
3872;Обучается;3ЮРбв-1;2;Социально-гуманитарный факультет (СГФ);Кафедра «Публичное и частное право» (ПЧП);40.03.01;Юриспруденция;Государственно-правовой;Очно-заочная форма;Бакалавриат
3873;Обучается;3ЮРбв-1;2;Социально-гуманитарный факультет (СГФ);Кафедра «Публичное и частное право» (ПЧП);40.03.01;Юриспруденция;Государственно-правовой;Очно-заочная форма;Бакалавриат
3874;Академический отпуск;3ЮРбв-1;2;Социально-гуманитарный факультет (СГФ);Кафедра «Публичное и частное право» (ПЧП);40.03.01;Юриспруденция;Государственно-правовой;Очно-заочная форма;Бакалавриат
3875;Обучается;3ЮРбв-1;2;Социально-гуманитарный факультет (СГФ);Кафедра «Публичное и частное право» (ПЧП);40.03.01;Юриспруденция;Государственно-правовой;Очно-заочная форма;Бакалавриат
3876;Обучается;3ЮРбв-1;2;Социально-гуманитарный факультет (СГФ);Кафедра «Публичное и частное право» (ПЧП);40.03.01;Юриспруденция;Государственно-правовой;Очно-заочная форма;Бакалавриат
3877;Обучается;3ЮРбв-1;2;Социально-гуманитарный факультет (СГФ);Кафедра «Публичное и частное право» (ПЧП);40.03.01;Юриспруденция;Государственно-правовой;Очно-заочная форма;Бакалавриат
3878;Обучается;3ЮРбв-1;2;Социально-гуманитарный факультет (СГФ);Кафедра «Публичное и частное право» (ПЧП);40.03.01;Юриспруденция;Государственно-правовой;Очно-заочная форма;Бакалавриат
3879;Обучается;3ЮРбв-1;2;Социально-гуманитарный факультет (СГФ);Кафедра «Публичное и частное право» (ПЧП);40.03.01;Юриспруденция;Государственно-правовой;Очно-заочная форма;Бакалавриат
3880;Обучается;3ЮРбв-1;2;Социально-гуманитарный факультет (СГФ);Кафедра «Публичное и частное право» (ПЧП);40.03.01;Юриспруденция;Государственно-правовой;Очно-заочная форма;Бакалавриат
3881;Обучается;3ЮРбв-1;2;Социально-гуманитарный факультет (СГФ);Кафедра «Публичное и частное право» (ПЧП);40.03.01;Юриспруденция;Государственно-правовой;Очно-заочная форма;Бакалавриат
3882;Обучается;3ЮРбв-1;2;Социально-гуманитарный факультет (СГФ);Кафедра «Публичное и частное право» (ПЧП);40.03.01;Юриспруденция;Государственно-правовой;Очно-заочная форма;Бакалавриат
3883;Обучается;3ЮРбв-1;2;Социально-гуманитарный факультет (СГФ);Кафедра «Публичное и частное право» (ПЧП);40.03.01;Юриспруденция;Государственно-правовой;Очно-заочная форма;Бакалавриат
3884;Обучается;3ЮРбв-1;2;Социально-гуманитарный факультет (СГФ);Кафедра «Публичное и частное право» (ПЧП);40.03.01;Юриспруденция;Государственно-правовой;Очно-заочная форма;Бакалавриат
3885;Обучается;3ЮРбв-1;2;Социально-гуманитарный факультет (СГФ);Кафедра «Публичное и частное право» (ПЧП);40.03.01;Юриспруденция;Государственно-правовой;Очно-заочная форма;Бакалавриат
3886;Обучается;3ЮРбв-1;2;Социально-гуманитарный факультет (СГФ);Кафедра «Публичное и частное право» (ПЧП);40.03.01;Юриспруденция;Государственно-правовой;Очно-заочная форма;Бакалавриат
3887;Обучается;3ЮРбв-1;2;Социально-гуманитарный факультет (СГФ);Кафедра «Публичное и частное право» (ПЧП);40.03.01;Юриспруденция;Государственно-правовой;Очно-заочная форма;Бакалавриат
3888;Обучается;3ЮРбв-1;2;Социально-гуманитарный факультет (СГФ);Кафедра «Публичное и частное право» (ПЧП);40.03.01;Юриспруденция;Государственно-правовой;Очно-заочная форма;Бакалавриат
3889;Обучается;3ЮРбв-1;2;Социально-гуманитарный факультет (СГФ);Кафедра «Публичное и частное право» (ПЧП);40.03.01;Юриспруденция;Государственно-правовой;Очно-заочная форма;Бакалавриат
3890;Обучается;2ЮРбв-1;3;Социально-гуманитарный факультет (СГФ);Кафедра «Публичное и частное право» (ПЧП);40.03.01;Юриспруденция;Государственно-правовой;Очно-заочная форма;Бакалавриат
3891;Обучается;2ЮРбв-1;3;Социально-гуманитарный факультет (СГФ);Кафедра «Публичное и частное право» (ПЧП);40.03.01;Юриспруденция;Государственно-правовой;Очно-заочная форма;Бакалавриат
3892;Обучается;2ЮРбв-1;3;Социально-гуманитарный факультет (СГФ);Кафедра «Публичное и частное право» (ПЧП);40.03.01;Юриспруденция;Государственно-правовой;Очно-заочная форма;Бакалавриат
3893;Обучается;2ЮРбв-1;3;Социально-гуманитарный факультет (СГФ);Кафедра «Публичное и частное право» (ПЧП);40.03.01;Юриспруденция;Государственно-правовой;Очно-заочная форма;Бакалавриат
3894;Обучается;2ЮРбв-1;3;Социально-гуманитарный факультет (СГФ);Кафедра «Публичное и частное право» (ПЧП);40.03.01;Юриспруденция;Государственно-правовой;Очно-заочная форма;Бакалавриат
3895;Обучается;2ЮРбв-1;3;Социально-гуманитарный факультет (СГФ);Кафедра «Публичное и частное право» (ПЧП);40.03.01;Юриспруденция;Государственно-правовой;Очно-заочная форма;Бакалавриат
3896;Обучается;2ЮРбв-1;3;Социально-гуманитарный факультет (СГФ);Кафедра «Публичное и частное право» (ПЧП);40.03.01;Юриспруденция;Государственно-правовой;Очно-заочная форма;Бакалавриат
3897;Обучается;2ЮРбв-1;3;Социально-гуманитарный факультет (СГФ);Кафедра «Публичное и частное право» (ПЧП);40.03.01;Юриспруденция;Государственно-правовой;Очно-заочная форма;Бакалавриат
3898;Обучается;2ЮРбв-1;3;Социально-гуманитарный факультет (СГФ);Кафедра «Публичное и частное право» (ПЧП);40.03.01;Юриспруденция;Государственно-правовой;Очно-заочная форма;Бакалавриат
3899;Обучается;2ЮРбв-1;3;Социально-гуманитарный факультет (СГФ);Кафедра «Публичное и частное право» (ПЧП);40.03.01;Юриспруденция;Государственно-правовой;Очно-заочная форма;Бакалавриат
3900;Обучается;2ЮРбв-1;3;Социально-гуманитарный факультет (СГФ);Кафедра «Публичное и частное право» (ПЧП);40.03.01;Юриспруденция;Государственно-правовой;Очно-заочная форма;Бакалавриат
3901;Обучается;2ЮРбв-1;3;Социально-гуманитарный факультет (СГФ);Кафедра «Публичное и частное право» (ПЧП);40.03.01;Юриспруденция;Государственно-правовой;Очно-заочная форма;Бакалавриат
3902;Обучается;2ЮРбв-1;3;Социально-гуманитарный факультет (СГФ);Кафедра «Публичное и частное право» (ПЧП);40.03.01;Юриспруденция;Государственно-правовой;Очно-заочная форма;Бакалавриат
3903;Обучается;2ЮРбв-1;3;Социально-гуманитарный факультет (СГФ);Кафедра «Публичное и частное право» (ПЧП);40.03.01;Юриспруденция;Государственно-правовой;Очно-заочная форма;Бакалавриат
3904;Обучается;2ЮРбв-1;3;Социально-гуманитарный факультет (СГФ);Кафедра «Публичное и частное право» (ПЧП);40.03.01;Юриспруденция;Государственно-правовой;Очно-заочная форма;Бакалавриат
3905;Обучается;2ЮРбв-1;3;Социально-гуманитарный факультет (СГФ);Кафедра «Публичное и частное право» (ПЧП);40.03.01;Юриспруденция;Государственно-правовой;Очно-заочная форма;Бакалавриат
3906;Обучается;2ЮРбв-1;3;Социально-гуманитарный факультет (СГФ);Кафедра «Публичное и частное право» (ПЧП);40.03.01;Юриспруденция;Государственно-правовой;Очно-заочная форма;Бакалавриат
3907;Обучается;2ЮРбв-1;3;Социально-гуманитарный факультет (СГФ);Кафедра «Публичное и частное право» (ПЧП);40.03.01;Юриспруденция;Государственно-правовой;Очно-заочная форма;Бакалавриат
3908;Обучается;2ЮРбв-1;3;Социально-гуманитарный факультет (СГФ);Кафедра «Публичное и частное право» (ПЧП);40.03.01;Юриспруденция;Государственно-правовой;Очно-заочная форма;Бакалавриат
3909;Обучается;2ЮРбв-1;3;Социально-гуманитарный факультет (СГФ);Кафедра «Публичное и частное право» (ПЧП);40.03.01;Юриспруденция;Государственно-правовой;Очно-заочная форма;Бакалавриат
3910;Обучается;2ЮРбв-1;3;Социально-гуманитарный факультет (СГФ);Кафедра «Публичное и частное право» (ПЧП);40.03.01;Юриспруденция;Государственно-правовой;Очно-заочная форма;Бакалавриат
3911;Обучается;2ЮРбв-1;3;Социально-гуманитарный факультет (СГФ);Кафедра «Публичное и частное право» (ПЧП);40.03.01;Юриспруденция;Государственно-правовой;Очно-заочная форма;Бакалавриат
3912;Обучается;2ЮРбв-1;3;Социально-гуманитарный факультет (СГФ);Кафедра «Публичное и частное право» (ПЧП);40.03.01;Юриспруденция;Государственно-правовой;Очно-заочная форма;Бакалавриат
3913;Обучается;2ЮРбв-1;3;Социально-гуманитарный факультет (СГФ);Кафедра «Публичное и частное право» (ПЧП);40.03.01;Юриспруденция;Государственно-правовой;Очно-заочная форма;Бакалавриат
3914;Обучается;2ЮРбв-1;3;Социально-гуманитарный факультет (СГФ);Кафедра «Публичное и частное право» (ПЧП);40.03.01;Юриспруденция;Государственно-правовой;Очно-заочная форма;Бакалавриат
3915;Обучается;2ЮРбв-1;3;Социально-гуманитарный факультет (СГФ);Кафедра «Публичное и частное право» (ПЧП);40.03.01;Юриспруденция;Государственно-правовой;Очно-заочная форма;Бакалавриат
3916;Обучается;2ЮРбв-1;3;Социально-гуманитарный факультет (СГФ);Кафедра «Публичное и частное право» (ПЧП);40.03.01;Юриспруденция;Государственно-правовой;Очно-заочная форма;Бакалавриат
3917;Обучается;2ЮРбв-1;3;Социально-гуманитарный факультет (СГФ);Кафедра «Публичное и частное право» (ПЧП);40.03.01;Юриспруденция;Государственно-правовой;Очно-заочная форма;Бакалавриат
3918;Обучается;2ЮРбв-1;3;Социально-гуманитарный факультет (СГФ);Кафедра «Публичное и частное право» (ПЧП);40.03.01;Юриспруденция;Государственно-правовой;Очно-заочная форма;Бакалавриат
3919;Обучается;2ЮРбв-1;3;Социально-гуманитарный факультет (СГФ);Кафедра «Публичное и частное право» (ПЧП);40.03.01;Юриспруденция;Государственно-правовой;Очно-заочная форма;Бакалавриат
3920;Обучается;2ЮРбв-1;3;Социально-гуманитарный факультет (СГФ);Кафедра «Публичное и частное право» (ПЧП);40.03.01;Юриспруденция;Государственно-правовой;Очно-заочная форма;Бакалавриат
3921;Обучается;2ЮРбв-1;3;Социально-гуманитарный факультет (СГФ);Кафедра «Публичное и частное право» (ПЧП);40.03.01;Юриспруденция;Государственно-правовой;Очно-заочная форма;Бакалавриат
3922;Обучается;1ЮРбв-1;4;Социально-гуманитарный факультет (СГФ);Кафедра «Публичное и частное право» (ПЧП);40.03.01;Юриспруденция;Государственно-правовой;Очно-заочная форма;Бакалавриат
3923;Обучается;1ЮРбв-1;4;Социально-гуманитарный факультет (СГФ);Кафедра «Публичное и частное право» (ПЧП);40.03.01;Юриспруденция;Государственно-правовой;Очно-заочная форма;Бакалавриат
3924;Обучается;1ЮРбв-1;4;Социально-гуманитарный факультет (СГФ);Кафедра «Публичное и частное право» (ПЧП);40.03.01;Юриспруденция;Государственно-правовой;Очно-заочная форма;Бакалавриат
3925;Обучается;1ЮРбв-1;4;Социально-гуманитарный факультет (СГФ);Кафедра «Публичное и частное право» (ПЧП);40.03.01;Юриспруденция;Государственно-правовой;Очно-заочная форма;Бакалавриат
3926;Обучается;1ЮРбв-1;4;Социально-гуманитарный факультет (СГФ);Кафедра «Публичное и частное право» (ПЧП);40.03.01;Юриспруденция;Государственно-правовой;Очно-заочная форма;Бакалавриат
3927;Обучается;1ЮРбв-1;4;Социально-гуманитарный факультет (СГФ);Кафедра «Публичное и частное право» (ПЧП);40.03.01;Юриспруденция;Государственно-правовой;Очно-заочная форма;Бакалавриат
3928;Академический отпуск;1ЮРбв-1;4;Социально-гуманитарный факультет (СГФ);Кафедра «Публичное и частное право» (ПЧП);40.03.01;Юриспруденция;Государственно-правовой;Очно-заочная форма;Бакалавриат
3929;Обучается;1ЮРбв-1;4;Социально-гуманитарный факультет (СГФ);Кафедра «Публичное и частное право» (ПЧП);40.03.01;Юриспруденция;Государственно-правовой;Очно-заочная форма;Бакалавриат
3930;Обучается;1ЮРбв-1;4;Социально-гуманитарный факультет (СГФ);Кафедра «Публичное и частное право» (ПЧП);40.03.01;Юриспруденция;Государственно-правовой;Очно-заочная форма;Бакалавриат
3931;Обучается;1ЮРбв-1;4;Социально-гуманитарный факультет (СГФ);Кафедра «Публичное и частное право» (ПЧП);40.03.01;Юриспруденция;Государственно-правовой;Очно-заочная форма;Бакалавриат
3932;Обучается;1ЮРбв-1;4;Социально-гуманитарный факультет (СГФ);Кафедра «Публичное и частное право» (ПЧП);40.03.01;Юриспруденция;Государственно-правовой;Очно-заочная форма;Бакалавриат
3933;Обучается;1ЮРбв-1;4;Социально-гуманитарный факультет (СГФ);Кафедра «Публичное и частное право» (ПЧП);40.03.01;Юриспруденция;Государственно-правовой;Очно-заочная форма;Бакалавриат
3934;Академический отпуск;1ЮРбв-1;4;Социально-гуманитарный факультет (СГФ);Кафедра «Публичное и частное право» (ПЧП);40.03.01;Юриспруденция;Государственно-правовой;Очно-заочная форма;Бакалавриат
3935;Обучается;1ЮРбв-1;4;Социально-гуманитарный факультет (СГФ);Кафедра «Публичное и частное право» (ПЧП);40.03.01;Юриспруденция;Государственно-правовой;Очно-заочная форма;Бакалавриат
3936;Академический отпуск;1ЮРбв-1;4;Социально-гуманитарный факультет (СГФ);Кафедра «Публичное и частное право» (ПЧП);40.03.01;Юриспруденция;Государственно-правовой;Очно-заочная форма;Бакалавриат
3937;Обучается;1ЮРбв-1;4;Социально-гуманитарный факультет (СГФ);Кафедра «Публичное и частное право» (ПЧП);40.03.01;Юриспруденция;Государственно-правовой;Очно-заочная форма;Бакалавриат
3938;Обучается;1ЮРбв-1;4;Социально-гуманитарный факультет (СГФ);Кафедра «Публичное и частное право» (ПЧП);40.03.01;Юриспруденция;Государственно-правовой;Очно-заочная форма;Бакалавриат
3939;Обучается;1ЮРбв-1;4;Социально-гуманитарный факультет (СГФ);Кафедра «Публичное и частное право» (ПЧП);40.03.01;Юриспруденция;Государственно-правовой;Очно-заочная форма;Бакалавриат
3940;Обучается;1ЮРбв-1;4;Социально-гуманитарный факультет (СГФ);Кафедра «Публичное и частное право» (ПЧП);40.03.01;Юриспруденция;Государственно-правовой;Очно-заочная форма;Бакалавриат
3941;Обучается;1ЮРбв-1;4;Социально-гуманитарный факультет (СГФ);Кафедра «Публичное и частное право» (ПЧП);40.03.01;Юриспруденция;Государственно-правовой;Очно-заочная форма;Бакалавриат
3942;Обучается;1ЮРбв-1;4;Социально-гуманитарный факультет (СГФ);Кафедра «Публичное и частное право» (ПЧП);40.03.01;Юриспруденция;Государственно-правовой;Очно-заочная форма;Бакалавриат
3943;Обучается;1ЮРбв-1;4;Социально-гуманитарный факультет (СГФ);Кафедра «Публичное и частное право» (ПЧП);40.03.01;Юриспруденция;Государственно-правовой;Очно-заочная форма;Бакалавриат
3944;Обучается;1ЮРбв-1;4;Социально-гуманитарный факультет (СГФ);Кафедра «Публичное и частное право» (ПЧП);40.03.01;Юриспруденция;Государственно-правовой;Очно-заочная форма;Бакалавриат
3945;Обучается;1ЮРбв-1;4;Социально-гуманитарный факультет (СГФ);Кафедра «Публичное и частное право» (ПЧП);40.03.01;Юриспруденция;Государственно-правовой;Очно-заочная форма;Бакалавриат
3946;Обучается;1ЮРбв-1;4;Социально-гуманитарный факультет (СГФ);Кафедра «Публичное и частное право» (ПЧП);40.03.01;Юриспруденция;Государственно-правовой;Очно-заочная форма;Бакалавриат
3947;Обучается;1ЮРбв-1;4;Социально-гуманитарный факультет (СГФ);Кафедра «Публичное и частное право» (ПЧП);40.03.01;Юриспруденция;Государственно-правовой;Очно-заочная форма;Бакалавриат
3948;Обучается;1ЮРбв-1;4;Социально-гуманитарный факультет (СГФ);Кафедра «Публичное и частное право» (ПЧП);40.03.01;Юриспруденция;Государственно-правовой;Очно-заочная форма;Бакалавриат
3949;Обучается;1ЮРбв-1;4;Социально-гуманитарный факультет (СГФ);Кафедра «Публичное и частное право» (ПЧП);40.03.01;Юриспруденция;Государственно-правовой;Очно-заочная форма;Бакалавриат
3950;Обучается;4ЮРмв-1;1;Социально-гуманитарный факультет (СГФ);Кафедра «Публичное и частное право» (ПЧП);40.04.01;Юриспруденция;Защита прав человека и бизнеса в Российской Федерации;Очно-заочная форма;Магистратура
3951;Обучается;4ЮРмв-1;1;Социально-гуманитарный факультет (СГФ);Кафедра «Публичное и частное право» (ПЧП);40.04.01;Юриспруденция;Защита прав человека и бизнеса в Российской Федерации;Очно-заочная форма;Магистратура
3952;Обучается;4ЮРмв-1;1;Социально-гуманитарный факультет (СГФ);Кафедра «Публичное и частное право» (ПЧП);40.04.01;Юриспруденция;Защита прав человека и бизнеса в Российской Федерации;Очно-заочная форма;Магистратура
3953;Обучается;4ЮРмв-1;1;Социально-гуманитарный факультет (СГФ);Кафедра «Публичное и частное право» (ПЧП);40.04.01;Юриспруденция;Защита прав человека и бизнеса в Российской Федерации;Очно-заочная форма;Магистратура
3954;Обучается;4АСбв-1;1;Факультет авиационной и морской техники (ФАМТ);Кафедра «Авиастроение» (АС);24.03.04;Авиастроение;Самолетостроение;Очно-заочная форма;Бакалавриат
3955;Обучается;4АСбв-1;1;Факультет авиационной и морской техники (ФАМТ);Кафедра «Авиастроение» (АС);24.03.04;Авиастроение;Самолетостроение;Очно-заочная форма;Бакалавриат
3956;Обучается;4АСбв-1;1;Факультет авиационной и морской техники (ФАМТ);Кафедра «Авиастроение» (АС);24.03.04;Авиастроение;Самолетостроение;Очно-заочная форма;Бакалавриат
3957;Обучается;4АСбв-1;1;Факультет авиационной и морской техники (ФАМТ);Кафедра «Авиастроение» (АС);24.03.04;Авиастроение;Самолетостроение;Очно-заочная форма;Бакалавриат
3958;Обучается;4АСбв-1;1;Факультет авиационной и морской техники (ФАМТ);Кафедра «Авиастроение» (АС);24.03.04;Авиастроение;Самолетостроение;Очно-заочная форма;Бакалавриат
3959;Обучается;4АСбв-1;1;Факультет авиационной и морской техники (ФАМТ);Кафедра «Авиастроение» (АС);24.03.04;Авиастроение;Самолетостроение;Очно-заочная форма;Бакалавриат
3960;Обучается;4АСбв-1;1;Факультет авиационной и морской техники (ФАМТ);Кафедра «Авиастроение» (АС);24.03.04;Авиастроение;Самолетостроение;Очно-заочная форма;Бакалавриат
3961;Обучается;4АСбв-1;1;Факультет авиационной и морской техники (ФАМТ);Кафедра «Авиастроение» (АС);24.03.04;Авиастроение;Самолетостроение;Очно-заочная форма;Бакалавриат
3962;Обучается;4АСбв-1;1;Факультет авиационной и морской техники (ФАМТ);Кафедра «Авиастроение» (АС);24.03.04;Авиастроение;Самолетостроение;Очно-заочная форма;Бакалавриат
3963;Обучается;4АСбв-1;1;Факультет авиационной и морской техники (ФАМТ);Кафедра «Авиастроение» (АС);24.03.04;Авиастроение;Самолетостроение;Очно-заочная форма;Бакалавриат
3964;Обучается;4АСбв-1;1;Факультет авиационной и морской техники (ФАМТ);Кафедра «Авиастроение» (АС);24.03.04;Авиастроение;Самолетостроение;Очно-заочная форма;Бакалавриат
3965;Обучается;4АСбв-1;1;Факультет авиационной и морской техники (ФАМТ);Кафедра «Авиастроение» (АС);24.03.04;Авиастроение;Самолетостроение;Очно-заочная форма;Бакалавриат
3966;Обучается;4АСбв-1;1;Факультет авиационной и морской техники (ФАМТ);Кафедра «Авиастроение» (АС);24.03.04;Авиастроение;Самолетостроение;Очно-заочная форма;Бакалавриат
3967;Обучается;4АСбв-1;1;Факультет авиационной и морской техники (ФАМТ);Кафедра «Авиастроение» (АС);24.03.04;Авиастроение;Самолетостроение;Очно-заочная форма;Бакалавриат
3968;Обучается;4АСбв-1;1;Факультет авиационной и морской техники (ФАМТ);Кафедра «Авиастроение» (АС);24.03.04;Авиастроение;Самолетостроение;Очно-заочная форма;Бакалавриат
3969;Обучается;4АСбв-1;1;Факультет авиационной и морской техники (ФАМТ);Кафедра «Авиастроение» (АС);24.03.04;Авиастроение;Самолетостроение;Очно-заочная форма;Бакалавриат
3970;Обучается;4АСбв-1;1;Факультет авиационной и морской техники (ФАМТ);Кафедра «Авиастроение» (АС);24.03.04;Авиастроение;Самолетостроение;Очно-заочная форма;Бакалавриат
3971;Обучается;4АСбв-1;1;Факультет авиационной и морской техники (ФАМТ);Кафедра «Авиастроение» (АС);24.03.04;Авиастроение;Самолетостроение;Очно-заочная форма;Бакалавриат
3972;Обучается;4АСбв-1;1;Факультет авиационной и морской техники (ФАМТ);Кафедра «Авиастроение» (АС);24.03.04;Авиастроение;Самолетостроение;Очно-заочная форма;Бакалавриат
3973;Обучается;4АСбв-1;1;Факультет авиационной и морской техники (ФАМТ);Кафедра «Авиастроение» (АС);24.03.04;Авиастроение;Самолетостроение;Очно-заочная форма;Бакалавриат
3974;Обучается;4АСбв-1;1;Факультет авиационной и морской техники (ФАМТ);Кафедра «Авиастроение» (АС);24.03.04;Авиастроение;Самолетостроение;Очно-заочная форма;Бакалавриат
3975;Обучается;4АСбв-1;1;Факультет авиационной и морской техники (ФАМТ);Кафедра «Авиастроение» (АС);24.03.04;Авиастроение;Самолетостроение;Очно-заочная форма;Бакалавриат
3976;Обучается;3АСбв-1;2;Факультет авиационной и морской техники (ФАМТ);Кафедра «Авиастроение» (АС);24.03.04;Авиастроение;Самолетостроение;Очно-заочная форма;Бакалавриат
3977;Обучается;3АСбв-1;2;Факультет авиационной и морской техники (ФАМТ);Кафедра «Авиастроение» (АС);24.03.04;Авиастроение;Самолетостроение;Очно-заочная форма;Бакалавриат
3978;Обучается;3АСбв-1;2;Факультет авиационной и морской техники (ФАМТ);Кафедра «Авиастроение» (АС);24.03.04;Авиастроение;Самолетостроение;Очно-заочная форма;Бакалавриат
3979;Обучается;3АСбв-1;2;Факультет авиационной и морской техники (ФАМТ);Кафедра «Авиастроение» (АС);24.03.04;Авиастроение;Самолетостроение;Очно-заочная форма;Бакалавриат
3980;Обучается;3АСбв-1;2;Факультет авиационной и морской техники (ФАМТ);Кафедра «Авиастроение» (АС);24.03.04;Авиастроение;Самолетостроение;Очно-заочная форма;Бакалавриат
3981;Обучается;3АСбв-1;2;Факультет авиационной и морской техники (ФАМТ);Кафедра «Авиастроение» (АС);24.03.04;Авиастроение;Самолетостроение;Очно-заочная форма;Бакалавриат
3982;Обучается;3АСбв-1;2;Факультет авиационной и морской техники (ФАМТ);Кафедра «Авиастроение» (АС);24.03.04;Авиастроение;Самолетостроение;Очно-заочная форма;Бакалавриат
3983;Обучается;3АСбв-1;2;Факультет авиационной и морской техники (ФАМТ);Кафедра «Авиастроение» (АС);24.03.04;Авиастроение;Самолетостроение;Очно-заочная форма;Бакалавриат
3984;Обучается;3АСбв-1;2;Факультет авиационной и морской техники (ФАМТ);Кафедра «Авиастроение» (АС);24.03.04;Авиастроение;Самолетостроение;Очно-заочная форма;Бакалавриат
3985;Обучается;3АСбв-1;2;Факультет авиационной и морской техники (ФАМТ);Кафедра «Авиастроение» (АС);24.03.04;Авиастроение;Самолетостроение;Очно-заочная форма;Бакалавриат
3986;Обучается;3АСбв-1;2;Факультет авиационной и морской техники (ФАМТ);Кафедра «Авиастроение» (АС);24.03.04;Авиастроение;Самолетостроение;Очно-заочная форма;Бакалавриат
3987;Обучается;3АСбв-1;2;Факультет авиационной и морской техники (ФАМТ);Кафедра «Авиастроение» (АС);24.03.04;Авиастроение;Самолетостроение;Очно-заочная форма;Бакалавриат
3988;Обучается;3АСбв-1;2;Факультет авиационной и морской техники (ФАМТ);Кафедра «Авиастроение» (АС);24.03.04;Авиастроение;Самолетостроение;Очно-заочная форма;Бакалавриат
3989;Обучается;3АСбв-1;2;Факультет авиационной и морской техники (ФАМТ);Кафедра «Авиастроение» (АС);24.03.04;Авиастроение;Самолетостроение;Очно-заочная форма;Бакалавриат
3990;Обучается;3АСбв-1;2;Факультет авиационной и морской техники (ФАМТ);Кафедра «Авиастроение» (АС);24.03.04;Авиастроение;Самолетостроение;Очно-заочная форма;Бакалавриат
3991;Обучается;3АСбв-1;2;Факультет авиационной и морской техники (ФАМТ);Кафедра «Авиастроение» (АС);24.03.04;Авиастроение;Самолетостроение;Очно-заочная форма;Бакалавриат
3992;Обучается;3АСбв-1;2;Факультет авиационной и морской техники (ФАМТ);Кафедра «Авиастроение» (АС);24.03.04;Авиастроение;Самолетостроение;Очно-заочная форма;Бакалавриат
3993;Обучается;3АСбв-1;2;Факультет авиационной и морской техники (ФАМТ);Кафедра «Авиастроение» (АС);24.03.04;Авиастроение;Самолетостроение;Очно-заочная форма;Бакалавриат
3994;Обучается;3АСбв-1;2;Факультет авиационной и морской техники (ФАМТ);Кафедра «Авиастроение» (АС);24.03.04;Авиастроение;Самолетостроение;Очно-заочная форма;Бакалавриат
3995;Обучается;3АСбв-1;2;Факультет авиационной и морской техники (ФАМТ);Кафедра «Авиастроение» (АС);24.03.04;Авиастроение;Самолетостроение;Очно-заочная форма;Бакалавриат
3996;Обучается;3АСбв-1;2;Факультет авиационной и морской техники (ФАМТ);Кафедра «Авиастроение» (АС);24.03.04;Авиастроение;Самолетостроение;Очно-заочная форма;Бакалавриат
3997;Обучается;3АСбв-1;2;Факультет авиационной и морской техники (ФАМТ);Кафедра «Авиастроение» (АС);24.03.04;Авиастроение;Самолетостроение;Очно-заочная форма;Бакалавриат
3998;Академический отпуск;2ТЭмв-1;;Факультет авиационной и морской техники (ФАМТ);Кафедра «Тепловые энергетические установки» (ТЭУ);13.04.01;Теплоэнергетика и теплотехника;Технология производства тепловой и электрической энергии;Очно-заочная форма;Магистратура
3999;Академический отпуск;2ТЭмв-1;;Факультет авиационной и морской техники (ФАМТ);Кафедра «Тепловые энергетические установки» (ТЭУ);13.04.01;Теплоэнергетика и теплотехника;Технология производства тепловой и электрической энергии;Очно-заочная форма;Магистратура
4000;Академический отпуск;2ТЭмв-1;;Факультет авиационной и морской техники (ФАМТ);Кафедра «Тепловые энергетические установки» (ТЭУ);13.04.01;Теплоэнергетика и теплотехника;Технология производства тепловой и электрической энергии;Очно-заочная форма;Магистратура
4001;Обучается;4ДСмв-1;1;Факультет кадастра и строительства (ФКС);Кафедра «Дизайн архитектурной среды» (ДАС);07.04.03;Дизайн архитектурной среды;Проектирование архитектурной среды;Очно-заочная форма;Магистратура
4002;Обучается;4ПСбв-1;1;Факультет кадастра и строительства (ФКС);Кафедра «Строительство и архитектура» (СиА);08.03.01;Строительство;Промышленное и гражданское строительство;Очно-заочная форма;Бакалавриат
4003;Обучается;4ПСбв-1;1;Факультет кадастра и строительства (ФКС);Кафедра «Строительство и архитектура» (СиА);08.03.01;Строительство;Промышленное и гражданское строительство;Очно-заочная форма;Бакалавриат
4004;Обучается;4ПСбв-1;1;Факультет кадастра и строительства (ФКС);Кафедра «Строительство и архитектура» (СиА);08.03.01;Строительство;Промышленное и гражданское строительство;Очно-заочная форма;Бакалавриат
4005;Обучается;4ПСбв-1;1;Факультет кадастра и строительства (ФКС);Кафедра «Строительство и архитектура» (СиА);08.03.01;Строительство;Промышленное и гражданское строительство;Очно-заочная форма;Бакалавриат
4006;Обучается;4ПСбв-1;1;Факультет кадастра и строительства (ФКС);Кафедра «Строительство и архитектура» (СиА);08.03.01;Строительство;Промышленное и гражданское строительство;Очно-заочная форма;Бакалавриат
4007;Обучается;4ПСбв-1;1;Факультет кадастра и строительства (ФКС);Кафедра «Строительство и архитектура» (СиА);08.03.01;Строительство;Промышленное и гражданское строительство;Очно-заочная форма;Бакалавриат
4008;Обучается;4ПСбв-1;1;Факультет кадастра и строительства (ФКС);Кафедра «Строительство и архитектура» (СиА);08.03.01;Строительство;Промышленное и гражданское строительство;Очно-заочная форма;Бакалавриат
4009;Обучается;4ПСбв-1;1;Факультет кадастра и строительства (ФКС);Кафедра «Строительство и архитектура» (СиА);08.03.01;Строительство;Промышленное и гражданское строительство;Очно-заочная форма;Бакалавриат
4010;Обучается;4ПСбв-1;1;Факультет кадастра и строительства (ФКС);Кафедра «Строительство и архитектура» (СиА);08.03.01;Строительство;Промышленное и гражданское строительство;Очно-заочная форма;Бакалавриат
4011;Обучается;4ПСбв-1;1;Факультет кадастра и строительства (ФКС);Кафедра «Строительство и архитектура» (СиА);08.03.01;Строительство;Промышленное и гражданское строительство;Очно-заочная форма;Бакалавриат
4012;Обучается;3ПСбв-1;2;Факультет кадастра и строительства (ФКС);Кафедра «Строительство и архитектура» (СиА);08.03.01;Строительство;Промышленное и гражданское строительство;Очно-заочная форма;Бакалавриат
4013;Академический отпуск;3ПСбв-1;2;Факультет кадастра и строительства (ФКС);Кафедра «Строительство и архитектура» (СиА);08.03.01;Строительство;Промышленное и гражданское строительство;Очно-заочная форма;Бакалавриат
4014;Обучается;3ПСбв-1;2;Факультет кадастра и строительства (ФКС);Кафедра «Строительство и архитектура» (СиА);08.03.01;Строительство;Промышленное и гражданское строительство;Очно-заочная форма;Бакалавриат
4015;Обучается;3ПСбв-1;2;Факультет кадастра и строительства (ФКС);Кафедра «Строительство и архитектура» (СиА);08.03.01;Строительство;Промышленное и гражданское строительство;Очно-заочная форма;Бакалавриат
4016;Обучается;3ПСбв-1;2;Факультет кадастра и строительства (ФКС);Кафедра «Строительство и архитектура» (СиА);08.03.01;Строительство;Промышленное и гражданское строительство;Очно-заочная форма;Бакалавриат
4017;Обучается;3ПСбв-1;2;Факультет кадастра и строительства (ФКС);Кафедра «Строительство и архитектура» (СиА);08.03.01;Строительство;Промышленное и гражданское строительство;Очно-заочная форма;Бакалавриат
4018;Обучается;3ПСбв-1;2;Факультет кадастра и строительства (ФКС);Кафедра «Строительство и архитектура» (СиА);08.03.01;Строительство;Промышленное и гражданское строительство;Очно-заочная форма;Бакалавриат
4019;Обучается;3ПСбв-1;2;Факультет кадастра и строительства (ФКС);Кафедра «Строительство и архитектура» (СиА);08.03.01;Строительство;Промышленное и гражданское строительство;Очно-заочная форма;Бакалавриат
4020;Обучается;3ПСбв-1;2;Факультет кадастра и строительства (ФКС);Кафедра «Строительство и архитектура» (СиА);08.03.01;Строительство;Промышленное и гражданское строительство;Очно-заочная форма;Бакалавриат
4021;Обучается;3ПСбв-1;2;Факультет кадастра и строительства (ФКС);Кафедра «Строительство и архитектура» (СиА);08.03.01;Строительство;Промышленное и гражданское строительство;Очно-заочная форма;Бакалавриат
4022;Обучается;3ПСбв-1;2;Факультет кадастра и строительства (ФКС);Кафедра «Строительство и архитектура» (СиА);08.03.01;Строительство;Промышленное и гражданское строительство;Очно-заочная форма;Бакалавриат
4023;Обучается;3ПСбв-1;2;Факультет кадастра и строительства (ФКС);Кафедра «Строительство и архитектура» (СиА);08.03.01;Строительство;Промышленное и гражданское строительство;Очно-заочная форма;Бакалавриат
4024;Обучается;3ПСбв-1;2;Факультет кадастра и строительства (ФКС);Кафедра «Строительство и архитектура» (СиА);08.03.01;Строительство;Промышленное и гражданское строительство;Очно-заочная форма;Бакалавриат
4025;Обучается;3ПСбв-1;2;Факультет кадастра и строительства (ФКС);Кафедра «Строительство и архитектура» (СиА);08.03.01;Строительство;Промышленное и гражданское строительство;Очно-заочная форма;Бакалавриат
4026;Обучается;3ПСбв-1;2;Факультет кадастра и строительства (ФКС);Кафедра «Строительство и архитектура» (СиА);08.03.01;Строительство;Промышленное и гражданское строительство;Очно-заочная форма;Бакалавриат
4027;Обучается;3ПСбв-1;2;Факультет кадастра и строительства (ФКС);Кафедра «Строительство и архитектура» (СиА);08.03.01;Строительство;Промышленное и гражданское строительство;Очно-заочная форма;Бакалавриат
4028;Обучается;3ПСбв-1;2;Факультет кадастра и строительства (ФКС);Кафедра «Строительство и архитектура» (СиА);08.03.01;Строительство;Промышленное и гражданское строительство;Очно-заочная форма;Бакалавриат
4029;Обучается;3ПСбв-1;2;Факультет кадастра и строительства (ФКС);Кафедра «Строительство и архитектура» (СиА);08.03.01;Строительство;Промышленное и гражданское строительство;Очно-заочная форма;Бакалавриат
4030;Обучается;3ПСбв-1;2;Факультет кадастра и строительства (ФКС);Кафедра «Строительство и архитектура» (СиА);08.03.01;Строительство;Промышленное и гражданское строительство;Очно-заочная форма;Бакалавриат
4031;Академический отпуск;3ПСбв-1;2;Факультет кадастра и строительства (ФКС);Кафедра «Строительство и архитектура» (СиА);08.03.01;Строительство;Промышленное и гражданское строительство;Очно-заочная форма;Бакалавриат
4032;Обучается;3ПСбв-1;2;Факультет кадастра и строительства (ФКС);Кафедра «Строительство и архитектура» (СиА);08.03.01;Строительство;Промышленное и гражданское строительство;Очно-заочная форма;Бакалавриат
4033;Обучается;2ПСбв-1;3;Факультет кадастра и строительства (ФКС);Кафедра «Строительство и архитектура» (СиА);08.03.01;Строительство;Промышленное и гражданское строительство;Очно-заочная форма;Бакалавриат
4034;Обучается;2ПСбв-1;3;Факультет кадастра и строительства (ФКС);Кафедра «Строительство и архитектура» (СиА);08.03.01;Строительство;Промышленное и гражданское строительство;Очно-заочная форма;Бакалавриат
4035;Обучается;2ПСбв-1;3;Факультет кадастра и строительства (ФКС);Кафедра «Строительство и архитектура» (СиА);08.03.01;Строительство;Промышленное и гражданское строительство;Очно-заочная форма;Бакалавриат
4036;Обучается;2ПСбв-1;3;Факультет кадастра и строительства (ФКС);Кафедра «Строительство и архитектура» (СиА);08.03.01;Строительство;Промышленное и гражданское строительство;Очно-заочная форма;Бакалавриат
4037;Обучается;2ПСбв-1;3;Факультет кадастра и строительства (ФКС);Кафедра «Строительство и архитектура» (СиА);08.03.01;Строительство;Промышленное и гражданское строительство;Очно-заочная форма;Бакалавриат
4038;Обучается;2ПСбв-1;3;Факультет кадастра и строительства (ФКС);Кафедра «Строительство и архитектура» (СиА);08.03.01;Строительство;Промышленное и гражданское строительство;Очно-заочная форма;Бакалавриат
4039;Обучается;2ПСбв-1;3;Факультет кадастра и строительства (ФКС);Кафедра «Строительство и архитектура» (СиА);08.03.01;Строительство;Промышленное и гражданское строительство;Очно-заочная форма;Бакалавриат
4040;Обучается;2ПСбв-1;3;Факультет кадастра и строительства (ФКС);Кафедра «Строительство и архитектура» (СиА);08.03.01;Строительство;Промышленное и гражданское строительство;Очно-заочная форма;Бакалавриат
4041;Обучается;2ПСбв-1;3;Факультет кадастра и строительства (ФКС);Кафедра «Строительство и архитектура» (СиА);08.03.01;Строительство;Промышленное и гражданское строительство;Очно-заочная форма;Бакалавриат
4042;Обучается;2ПСбв-1;3;Факультет кадастра и строительства (ФКС);Кафедра «Строительство и архитектура» (СиА);08.03.01;Строительство;Промышленное и гражданское строительство;Очно-заочная форма;Бакалавриат
4043;Обучается;2ПСбв-1;3;Факультет кадастра и строительства (ФКС);Кафедра «Строительство и архитектура» (СиА);08.03.01;Строительство;Промышленное и гражданское строительство;Очно-заочная форма;Бакалавриат
4044;Обучается;2ПСбв-1;3;Факультет кадастра и строительства (ФКС);Кафедра «Строительство и архитектура» (СиА);08.03.01;Строительство;Промышленное и гражданское строительство;Очно-заочная форма;Бакалавриат
4045;Обучается;1ПСбв-1;4;Факультет кадастра и строительства (ФКС);Кафедра «Строительство и архитектура» (СиА);08.03.01;Строительство;Промышленное и гражданское строительство;Очно-заочная форма;Бакалавриат
4046;Академический отпуск;1ПСбв-1;4;Факультет кадастра и строительства (ФКС);Кафедра «Строительство и архитектура» (СиА);08.03.01;Строительство;Промышленное и гражданское строительство;Очно-заочная форма;Бакалавриат
4047;Обучается;1ПСбв-1;4;Факультет кадастра и строительства (ФКС);Кафедра «Строительство и архитектура» (СиА);08.03.01;Строительство;Промышленное и гражданское строительство;Очно-заочная форма;Бакалавриат
4048;Академический отпуск;1ПСбв-1;4;Факультет кадастра и строительства (ФКС);Кафедра «Строительство и архитектура» (СиА);08.03.01;Строительство;Промышленное и гражданское строительство;Очно-заочная форма;Бакалавриат
4049;Обучается;1ПСбв-1;4;Факультет кадастра и строительства (ФКС);Кафедра «Строительство и архитектура» (СиА);08.03.01;Строительство;Промышленное и гражданское строительство;Очно-заочная форма;Бакалавриат
4050;Обучается;1ПСбв-1;4;Факультет кадастра и строительства (ФКС);Кафедра «Строительство и архитектура» (СиА);08.03.01;Строительство;Промышленное и гражданское строительство;Очно-заочная форма;Бакалавриат
4051;Обучается;1ПСбв-1;4;Факультет кадастра и строительства (ФКС);Кафедра «Строительство и архитектура» (СиА);08.03.01;Строительство;Промышленное и гражданское строительство;Очно-заочная форма;Бакалавриат
4052;Обучается;1ПСбв-1;4;Факультет кадастра и строительства (ФКС);Кафедра «Строительство и архитектура» (СиА);08.03.01;Строительство;Промышленное и гражданское строительство;Очно-заочная форма;Бакалавриат
4053;Академический отпуск;1ПСбв-1;4;Факультет кадастра и строительства (ФКС);Кафедра «Строительство и архитектура» (СиА);08.03.01;Строительство;Промышленное и гражданское строительство;Очно-заочная форма;Бакалавриат
4054;Обучается;1ПСбв-1;4;Факультет кадастра и строительства (ФКС);Кафедра «Строительство и архитектура» (СиА);08.03.01;Строительство;Промышленное и гражданское строительство;Очно-заочная форма;Бакалавриат
4055;Обучается;1ПСбв-1;4;Факультет кадастра и строительства (ФКС);Кафедра «Строительство и архитектура» (СиА);08.03.01;Строительство;Промышленное и гражданское строительство;Очно-заочная форма;Бакалавриат
4056;Обучается;1ПСбв-1;4;Факультет кадастра и строительства (ФКС);Кафедра «Строительство и архитектура» (СиА);08.03.01;Строительство;Промышленное и гражданское строительство;Очно-заочная форма;Бакалавриат
4057;Обучается;4ПСмв-1;1;Факультет кадастра и строительства (ФКС);Кафедра «Строительство и архитектура» (СиА);08.04.01;Строительство;Инновационные технологии в строительстве;Очно-заочная форма;Магистратура
4058;Академический отпуск;4ПСмв-1;1;Факультет кадастра и строительства (ФКС);Кафедра «Строительство и архитектура» (СиА);08.04.01;Строительство;Инновационные технологии в строительстве;Очно-заочная форма;Магистратура
4059;Обучается;4ПСмв-1;1;Факультет кадастра и строительства (ФКС);Кафедра «Строительство и архитектура» (СиА);08.04.01;Строительство;Инновационные технологии в строительстве;Очно-заочная форма;Магистратура
4060;Обучается;4МИмв-1;1;Факультет компьютерных технологий (ФКТ);Кафедра «Прикладная математика» (ПМ);01.04.02;Прикладная математика и информатика;Математика и информатика в науке и образовании;Очно-заочная форма;Магистратура
4061;Обучается;4ВТмв-1;1;Факультет компьютерных технологий (ФКТ);Кафедра «Проектирование, управление и разработка информационных систем» (ПУРИС);09.04.01;Информатика и вычислительная техника;Информационное и программное обеспечение вычислительной техники и автоматизированных систем;Очно-заочная форма;Магистратура
4062;Обучается;4ММмв-1;1;Факультет машиностроительных и химических технологий (ФМХТ);Кафедра «Материаловедение и технология новых материалов» (МТНМ);22.04.01;Материаловедение и технологии материалов;Материаловедение и технологии машиностроительных материалов;Очно-заочная форма;Магистратура
4063;Обучается;4КТмв-1;1;Факультет машиностроительных и химических технологий (ФМХТ);Кафедра «Машиностроение» (МС);15.04.05;Конструкторско-технологическое обеспечение машиностроительных производств;Технология машиностроения;Очно-заочная форма;Магистратура
4064;Обучается;4ПЭмв-1;1;Факультет энергетики и управления (ФЭУ);Кафедра «Промышленная электроника и инновационные технологии» (ПЭИТ);11.04.04;Электроника и наноэлектроника;Промышленная электроника;Очно-заочная форма;Магистратура
4065;Обучается;4ЭКбв-1;1;Факультет энергетики и управления (ФЭУ);Кафедра «Экономика и менеджмент» (ЭкМ);38.03.01;Экономика;Финансово-экономическая аналитика;Очно-заочная форма;Бакалавриат
4066;Обучается;4ЭКбв-1;1;Факультет энергетики и управления (ФЭУ);Кафедра «Экономика и менеджмент» (ЭкМ);38.03.01;Экономика;Финансово-экономическая аналитика;Очно-заочная форма;Бакалавриат
4067;Обучается;4ЭКбв-1;1;Факультет энергетики и управления (ФЭУ);Кафедра «Экономика и менеджмент» (ЭкМ);38.03.01;Экономика;Финансово-экономическая аналитика;Очно-заочная форма;Бакалавриат
4068;Академический отпуск;4ЭКбв-1;1;Факультет энергетики и управления (ФЭУ);Кафедра «Экономика и менеджмент» (ЭкМ);38.03.01;Экономика;Финансово-экономическая аналитика;Очно-заочная форма;Бакалавриат
4069;Обучается;4ЭКбв-1;1;Факультет энергетики и управления (ФЭУ);Кафедра «Экономика и менеджмент» (ЭкМ);38.03.01;Экономика;Финансово-экономическая аналитика;Очно-заочная форма;Бакалавриат
4070;Обучается;4ЭКбв-1;1;Факультет энергетики и управления (ФЭУ);Кафедра «Экономика и менеджмент» (ЭкМ);38.03.01;Экономика;Финансово-экономическая аналитика;Очно-заочная форма;Бакалавриат
4071;Обучается;4ЭКбв-1;1;Факультет энергетики и управления (ФЭУ);Кафедра «Экономика и менеджмент» (ЭкМ);38.03.01;Экономика;Финансово-экономическая аналитика;Очно-заочная форма;Бакалавриат
4072;Обучается;4ЭКбв-1;1;Факультет энергетики и управления (ФЭУ);Кафедра «Экономика и менеджмент» (ЭкМ);38.03.01;Экономика;Финансово-экономическая аналитика;Очно-заочная форма;Бакалавриат
4073;Обучается;4ЭКбв-1;1;Факультет энергетики и управления (ФЭУ);Кафедра «Экономика и менеджмент» (ЭкМ);38.03.01;Экономика;Финансово-экономическая аналитика;Очно-заочная форма;Бакалавриат
4074;Обучается;3ЭКбв-1;2;Факультет энергетики и управления (ФЭУ);Кафедра «Экономика и менеджмент» (ЭкМ);38.03.01;Экономика;Финансово-экономическая аналитика;Очно-заочная форма;Бакалавриат
4075;Обучается;3ЭКбв-1;2;Факультет энергетики и управления (ФЭУ);Кафедра «Экономика и менеджмент» (ЭкМ);38.03.01;Экономика;Финансово-экономическая аналитика;Очно-заочная форма;Бакалавриат
4076;Обучается;3ЭКбв-1;2;Факультет энергетики и управления (ФЭУ);Кафедра «Экономика и менеджмент» (ЭкМ);38.03.01;Экономика;Финансово-экономическая аналитика;Очно-заочная форма;Бакалавриат
4077;Обучается;3ЭКбв-1;2;Факультет энергетики и управления (ФЭУ);Кафедра «Экономика и менеджмент» (ЭкМ);38.03.01;Экономика;Финансово-экономическая аналитика;Очно-заочная форма;Бакалавриат
4078;Обучается;3ЭКбв-1;2;Факультет энергетики и управления (ФЭУ);Кафедра «Экономика и менеджмент» (ЭкМ);38.03.01;Экономика;Финансово-экономическая аналитика;Очно-заочная форма;Бакалавриат
4079;Обучается;3ЭКбв-1;2;Факультет энергетики и управления (ФЭУ);Кафедра «Экономика и менеджмент» (ЭкМ);38.03.01;Экономика;Финансово-экономическая аналитика;Очно-заочная форма;Бакалавриат
4080;Обучается;3ЭКбв-1;2;Факультет энергетики и управления (ФЭУ);Кафедра «Экономика и менеджмент» (ЭкМ);38.03.01;Экономика;Финансово-экономическая аналитика;Очно-заочная форма;Бакалавриат
4081;Обучается;3ЭКбв-1;2;Факультет энергетики и управления (ФЭУ);Кафедра «Экономика и менеджмент» (ЭкМ);38.03.01;Экономика;Финансово-экономическая аналитика;Очно-заочная форма;Бакалавриат
4082;Обучается;2ЭКбв-1;3;Факультет энергетики и управления (ФЭУ);Кафедра «Экономика и менеджмент» (ЭкМ);38.03.01;Экономика;Финансово-экономическая аналитика;Очно-заочная форма;Бакалавриат
4083;Обучается;2ЭКбв-1;3;Факультет энергетики и управления (ФЭУ);Кафедра «Экономика и менеджмент» (ЭкМ);38.03.01;Экономика;Финансово-экономическая аналитика;Очно-заочная форма;Бакалавриат
4084;Обучается;2ЭКбв-1;3;Факультет энергетики и управления (ФЭУ);Кафедра «Экономика и менеджмент» (ЭкМ);38.03.01;Экономика;Финансово-экономическая аналитика;Очно-заочная форма;Бакалавриат
4085;Обучается;2ЭКбв-1;3;Факультет энергетики и управления (ФЭУ);Кафедра «Экономика и менеджмент» (ЭкМ);38.03.01;Экономика;Финансово-экономическая аналитика;Очно-заочная форма;Бакалавриат
4086;Обучается;2ЭКбв-1;3;Факультет энергетики и управления (ФЭУ);Кафедра «Экономика и менеджмент» (ЭкМ);38.03.01;Экономика;Финансово-экономическая аналитика;Очно-заочная форма;Бакалавриат
4087;Обучается;2ЭКбв-1;3;Факультет энергетики и управления (ФЭУ);Кафедра «Экономика и менеджмент» (ЭкМ);38.03.01;Экономика;Финансово-экономическая аналитика;Очно-заочная форма;Бакалавриат
4088;Обучается;2ЭКбв-1;3;Факультет энергетики и управления (ФЭУ);Кафедра «Экономика и менеджмент» (ЭкМ);38.03.01;Экономика;Финансово-экономическая аналитика;Очно-заочная форма;Бакалавриат
4089;Обучается;2ЭКбв-1;3;Факультет энергетики и управления (ФЭУ);Кафедра «Экономика и менеджмент» (ЭкМ);38.03.01;Экономика;Финансово-экономическая аналитика;Очно-заочная форма;Бакалавриат
4090;Обучается;2ЭКбв-1;3;Факультет энергетики и управления (ФЭУ);Кафедра «Экономика и менеджмент» (ЭкМ);38.03.01;Экономика;Финансово-экономическая аналитика;Очно-заочная форма;Бакалавриат
4091;Обучается;2МДбв-1;3;Факультет энергетики и управления (ФЭУ);Кафедра «Экономика и менеджмент» (ЭкМ);38.03.02;Менеджмент;Проектирование, организация и администрирование бизнеса;Очно-заочная форма;Бакалавриат
4092;Академический отпуск;2МДбв-1;3;Факультет энергетики и управления (ФЭУ);Кафедра «Экономика и менеджмент» (ЭкМ);38.03.02;Менеджмент;Проектирование, организация и администрирование бизнеса;Очно-заочная форма;Бакалавриат
4093;Обучается;2МДбв-1;3;Факультет энергетики и управления (ФЭУ);Кафедра «Экономика и менеджмент» (ЭкМ);38.03.02;Менеджмент;Проектирование, организация и администрирование бизнеса;Очно-заочная форма;Бакалавриат
4094;Обучается;2МДбв-1;3;Факультет энергетики и управления (ФЭУ);Кафедра «Экономика и менеджмент» (ЭкМ);38.03.02;Менеджмент;Проектирование, организация и администрирование бизнеса;Очно-заочная форма;Бакалавриат
4095;Обучается;2МДбв-1;3;Факультет энергетики и управления (ФЭУ);Кафедра «Экономика и менеджмент» (ЭкМ);38.03.02;Менеджмент;Проектирование, организация и администрирование бизнеса;Очно-заочная форма;Бакалавриат
4096;Обучается;2МДбв-1;3;Факультет энергетики и управления (ФЭУ);Кафедра «Экономика и менеджмент» (ЭкМ);38.03.02;Менеджмент;Проектирование, организация и администрирование бизнеса;Очно-заочная форма;Бакалавриат
4097;Обучается;2МДбв-1;3;Факультет энергетики и управления (ФЭУ);Кафедра «Экономика и менеджмент» (ЭкМ);38.03.02;Менеджмент;Проектирование, организация и администрирование бизнеса;Очно-заочная форма;Бакалавриат
4098;Обучается;2МДбв-1;3;Факультет энергетики и управления (ФЭУ);Кафедра «Экономика и менеджмент» (ЭкМ);38.03.02;Менеджмент;Проектирование, организация и администрирование бизнеса;Очно-заочная форма;Бакалавриат
4099;Обучается;3ЭКмв-1;2;Факультет энергетики и управления (ФЭУ);Кафедра «Экономика и менеджмент» (ЭкМ);38.04.01;Экономика;Корпоративная экономика;Очно-заочная форма;Магистратура
4100;Обучается;3ЭКмв-1;2;Факультет энергетики и управления (ФЭУ);Кафедра «Экономика и менеджмент» (ЭкМ);38.04.01;Экономика;Корпоративная экономика;Очно-заочная форма;Магистратура
4101;Обучается;3ЭКмв-1;2;Факультет энергетики и управления (ФЭУ);Кафедра «Экономика и менеджмент» (ЭкМ);38.04.01;Экономика;Корпоративная экономика;Очно-заочная форма;Магистратура
4102;Обучается;3ЭКмв-1;2;Факультет энергетики и управления (ФЭУ);Кафедра «Экономика и менеджмент» (ЭкМ);38.04.01;Экономика;Корпоративная экономика;Очно-заочная форма;Магистратура
4103;Обучается;3ЭКмв-1;2;Факультет энергетики и управления (ФЭУ);Кафедра «Экономика и менеджмент» (ЭкМ);38.04.01;Экономика;Корпоративная экономика;Очно-заочная форма;Магистратура
4104;Обучается;4МДмв-1;1;Факультет энергетики и управления (ФЭУ);Кафедра «Экономика и менеджмент» (ЭкМ);38.04.02;Менеджмент;Стратегическое и тактическое управление производством;Очно-заочная форма;Магистратура
4105;Обучается;4МДмв-1;1;Факультет энергетики и управления (ФЭУ);Кафедра «Экономика и менеджмент» (ЭкМ);38.04.02;Менеджмент;Стратегическое и тактическое управление производством;Очно-заочная форма;Магистратура
4106;Обучается;4МДмв-1;1;Факультет энергетики и управления (ФЭУ);Кафедра «Экономика и менеджмент» (ЭкМ);38.04.02;Менеджмент;Стратегическое и тактическое управление производством;Очно-заочная форма;Магистратура
4107;Обучается;4МДмв-1;1;Факультет энергетики и управления (ФЭУ);Кафедра «Экономика и менеджмент» (ЭкМ);38.04.02;Менеджмент;Стратегическое и тактическое управление производством;Очно-заочная форма;Магистратура
4108;Обучается;4МДмв-1;1;Факультет энергетики и управления (ФЭУ);Кафедра «Экономика и менеджмент» (ЭкМ);38.04.02;Менеджмент;Стратегическое и тактическое управление производством;Очно-заочная форма;Магистратура
4109;Обучается;4МДмв-1;1;Факультет энергетики и управления (ФЭУ);Кафедра «Экономика и менеджмент» (ЭкМ);38.04.02;Менеджмент;Стратегическое и тактическое управление производством;Очно-заочная форма;Магистратура
4110;Обучается;4МДмв-1;1;Факультет энергетики и управления (ФЭУ);Кафедра «Экономика и менеджмент» (ЭкМ);38.04.02;Менеджмент;Стратегическое и тактическое управление производством;Очно-заочная форма;Магистратура
4111;Обучается;4МДмв-1;1;Факультет энергетики и управления (ФЭУ);Кафедра «Экономика и менеджмент» (ЭкМ);38.04.02;Менеджмент;Стратегическое и тактическое управление производством;Очно-заочная форма;Магистратура
4112;Академический отпуск;4МДмв-1;1;Факультет энергетики и управления (ФЭУ);Кафедра «Экономика и менеджмент» (ЭкМ);38.04.02;Менеджмент;Стратегическое и тактическое управление производством;Очно-заочная форма;Магистратура
4113;Обучается;3МДмв-1;2;Факультет энергетики и управления (ФЭУ);Кафедра «Экономика и менеджмент» (ЭкМ);38.04.02;Менеджмент;Стратегическое и тактическое управление производством;Очно-заочная форма;Магистратура
4114;Обучается;4ЭСмв-1;1;Факультет энергетики и управления (ФЭУ);Кафедра «Электромеханика» (ЭМ);13.04.02;Электроэнергетика и электротехника;Электроснабжение;Очно-заочная форма;Магистратура
4115;Академический отпуск;4ЭСмв-1;1;Факультет энергетики и управления (ФЭУ);Кафедра «Электромеханика» (ЭМ);13.04.02;Электроэнергетика и электротехника;Электроснабжение;Очно-заочная форма;Магистратура
4116;Обучается;4ЭСмв-1;1;Факультет энергетики и управления (ФЭУ);Кафедра «Электромеханика» (ЭМ);13.04.02;Электроэнергетика и электротехника;Электроснабжение;Очно-заочная форма;Магистратура
4117;Обучается;4ЭСмв-1;1;Факультет энергетики и управления (ФЭУ);Кафедра «Электромеханика» (ЭМ);13.04.02;Электроэнергетика и электротехника;Электроснабжение;Очно-заочная форма;Магистратура
4118;Обучается;4ЭСмв-1;1;Факультет энергетики и управления (ФЭУ);Кафедра «Электромеханика» (ЭМ);13.04.02;Электроэнергетика и электротехника;Электроснабжение;Очно-заочная форма;Магистратура
4119;Обучается;4ЭСмв-1;1;Факультет энергетики и управления (ФЭУ);Кафедра «Электромеханика» (ЭМ);13.04.02;Электроэнергетика и электротехника;Электроснабжение;Очно-заочная форма;Магистратура
4120;Обучается;4ЭСмв-1;1;Факультет энергетики и управления (ФЭУ);Кафедра «Электромеханика» (ЭМ);13.04.02;Электроэнергетика и электротехника;Электроснабжение;Очно-заочная форма;Магистратура
4121;Обучается;4ЭСмв-1;1;Факультет энергетики и управления (ФЭУ);Кафедра «Электромеханика» (ЭМ);13.04.02;Электроэнергетика и электротехника;Электроснабжение;Очно-заочная форма;Магистратура
4122;Обучается;4ЭСмв-1;1;Факультет энергетики и управления (ФЭУ);Кафедра «Электромеханика» (ЭМ);13.04.02;Электроэнергетика и электротехника;Электроснабжение;Очно-заочная форма;Магистратура
4123;Академический отпуск;4ЭЛмв-1;1;Факультет энергетики и управления (ФЭУ);Кафедра «Электропривод и автоматизация промышленных установок» (ЭПАПУ);13.04.02;Электроэнергетика и электротехника;Электропривод и автоматика;Очно-заочная форма;Магистратура
4124;Обучается;4АУмв-1;1;Факультет энергетики и управления (ФЭУ);Кафедра «Электропривод и автоматизация промышленных установок» (ЭПАПУ);27.04.04;Управление в технических системах;Управление и информатика в технических системах;Очно-заочная форма;Магистратура
